,filename,season,match_number,date,team1,team2,city,venue,neutral_venue,toss_winner,toss_decision,winner,win_type,win_margin,result,method,eliminator,player_of_match,umpire1,umpire2,event_stage,target_overs,target_runs,match_referee,tv_umpire,reserve_umpire,team1_impact_in,team1_impact_out,team2_impact_in,team2_impact_out,match_id
0,392203.yaml,2009,23,2009-05-01,Kolkata Knight Riders,Mumbai Indians,East London,Buffalo Park,1,Mumbai Indians,bat,Mumbai Indians,runs,9,,,,JP Duminy,M Erasmus,SK Tarapore,,20,149,Yashpal Sharma,BR Doctrove,S George,,,,,392203
1,392209.yaml,2009,29,2009-05-04,Chennai Super Kings,Deccan Chargers,East London,Buffalo Park,1,Chennai Super Kings,bat,Chennai Super Kings,runs,78,,,,MS Dhoni,BR Doctrove,M Erasmus,,20,179,Yashpal Sharma,SK Tarapore,S George,,,,,392209
2,392215.yaml,2009,35,2009-05-08,Delhi Daredevils,Mumbai Indians,East London,Buffalo Park,1,Mumbai Indians,bat,Delhi Daredevils,wickets,7,,,,A Nehra,M Erasmus,SK Tarapore,,20,117,Yashpal Sharma,BG Jerling,S George,,,,,392215
3,392216.yaml,2009,36,2009-05-09,Deccan Chargers,Kings XI Punjab,Kimberley,De Beers Diamond Oval,1,Kings XI Punjab,field,Kings XI Punjab,wickets,3,,,,DPMD Jayawardene,GAV Baxter,AM Saheba,,20,169,J Srinath,HDPK Dharmasena,KH Hurter,,,,,392216
4,392217.yaml,2009,37,2009-05-09,Chennai Super Kings,Rajasthan Royals,Kimberley,De Beers Diamond Oval,1,Rajasthan Royals,bat,Chennai Super Kings,wickets,7,,,,S Badrinath,GAV Baxter,HDPK Dharmasena,,20,141,J Srinath,AM Saheba,KH Hurter,,,,,392217
5,392220.yaml,2009,40,2009-05-11,Deccan Chargers,Rajasthan Royals,Kimberley,De Beers Diamond Oval,1,Deccan Chargers,bat,Deccan Chargers,runs,53,,,,DR Smith,GAV Baxter,HDPK Dharmasena,,20,167,J Srinath,S Asnani,KH Hurter,,,,,392220
6,392226.yaml,2009,46,2009-05-15,Delhi Daredevils,Kings XI Punjab,Bloemfontein,OUTsurance Oval,1,Kings XI Punjab,field,Kings XI Punjab,wickets,6,,,,B Lee,HDPK Dharmasena,IL Howell,,20,121,J Srinath,S Asnani,ZTA Ndamane,,,,,392226
7,392230.yaml,2009,50,2009-05-17,Delhi Daredevils,Rajasthan Royals,Bloemfontein,OUTsurance Oval,1,Delhi Daredevils,bat,Delhi Daredevils,runs,14,,,,AB de Villiers,SS Hazare,IL Howell,,20,151,J Srinath,HDPK Dharmasena,ZTA Ndamane,,,,,392230
8,419141.yaml,2009/10,36,2010-04-05,Deccan Chargers,Rajasthan Royals,Nagpur,"Vidarbha Cricket Association Stadium, Jamtha",,Rajasthan Royals,bat,Rajasthan Royals,runs,2,,,,SK Warne,HDPK Dharmasena,SJA Taufel,,20,160,RS Mahanama,SS Hazare,VM Bandiwadekar,,,,,419141
9,419147.yaml,2009/10,42,2010-04-10,Deccan Chargers,Chennai Super Kings,Nagpur,"Vidarbha Cricket Association Stadium, Jamtha",,Chennai Super Kings,bat,Deccan Chargers,wickets,6,,,,RJ Harris,HDPK Dharmasena,SJA Taufel,,20,139,RS Mahanama,SS Hazare,VM Bandiwadekar,,,,,419147
10,419151.yaml,2009/10,46,2010-04-12,Deccan Chargers,Royal Challengers Bangalore,Nagpur,"Vidarbha Cricket Association Stadium, Jamtha",,Royal Challengers Bangalore,field,Deccan Chargers,runs,13,,,,Harmeet Singh,RE Koertzen,RB Tiffin,,20,152,AJ Pycroft,BG Jerling,VM Bandiwadekar,,,,,419151
11,501200.yaml,2011,3,2011-04-09,Kochi Tuskers Kerala,Royal Challengers Bangalore,Kochi,Nehru Stadium,,Kochi Tuskers Kerala,bat,Royal Challengers Bangalore,wickets,6,,,,AB de Villiers,HDPK Dharmasena,K Hariharan,,20,162,Raju Mukherjee,AL Hill,KN Ananthapadmanabhan,,,,,501200
12,501215.yaml,2011,18,2011-04-18,Kochi Tuskers Kerala,Chennai Super Kings,Kochi,Nehru Stadium,,Kochi Tuskers Kerala,field,Kochi Tuskers Kerala,wickets,7,,D/L,,BB McCullum,K Hariharan,AL Hill,,17,135,Raju Mukherjee,HDPK Dharmasena,KN Ananthapadmanabhan,,,,,501215
13,501229.yaml,2011,32,2011-04-27,Kochi Tuskers Kerala,Deccan Chargers,Kochi,Nehru Stadium,,Kochi Tuskers Kerala,field,Deccan Chargers,runs,55,,,,I Sharma,HDPK Dharmasena,AL Hill,,20,130,Raju Mukherjee,K Hariharan,KN Ananthapadmanabhan,,,,,501229
14,501233.yaml,2011,36,2011-04-30,Kochi Tuskers Kerala,Delhi Daredevils,Kochi,Nehru Stadium,,Delhi Daredevils,bat,Delhi Daredevils,runs,38,,,,V Sehwag,HDPK Dharmasena,AL Hill,,20,158,Raju Mukherjee,K Hariharan,KN Ananthapadmanabhan,,,,,501233
15,501242.yaml,2011,45,2011-05-05,Kochi Tuskers Kerala,Kolkata Knight Riders,Kochi,Nehru Stadium,,Kolkata Knight Riders,field,Kochi Tuskers Kerala,runs,17,,,,BJ Hodge,S Ravi,RJ Tucker,,20,157,D Govindjee,SK Tarapore,KN Ananthapadmanabhan,,,,,501242
16,981001.yaml,2016,51,2016-05-19,Gujarat Lions,Kolkata Knight Riders,Kanpur,Green Park,,Gujarat Lions,field,Gujarat Lions,wickets,6,,,,DR Smith,AK Chaudhary,CK Nandan,,20,125,RS Mahanama,AY Dandekar,R Pandit,,,,,981001
17,981007.yaml,2016,54,2016-05-21,Gujarat Lions,Mumbai Indians,Kanpur,Green Park,,Gujarat Lions,field,Gujarat Lions,wickets,6,,,,SK Raina,AK Chaudhary,CK Nandan,,20,173,RS Mahanama,AY Dandekar,R Pandit,,,,,981007
18,1082640.yaml,2017,50,2017-05-10,Gujarat Lions,Delhi Daredevils,Kanpur,Green Park,,Delhi Daredevils,field,Delhi Daredevils,wickets,2,,,,SS Iyer,YC Barde,AK Chaudhary,,20,196,V Narayan Kutty,Nitin Menon,K Srinivasan,,,,,1082640
19,1082643.yaml,2017,53,2017-05-13,Gujarat Lions,Sunrisers Hyderabad,Kanpur,Green Park,,Sunrisers Hyderabad,field,Sunrisers Hyderabad,wickets,8,,,,Mohammed Siraj,AK Chaudhary,Nitin Menon,,20,155,Chinmay Sharma,YC Barde,K Srinivasan,,,,,1082643
20,1359476.yaml,2023,2,2023-04-01,Punjab Kings,Kolkata Knight Riders,Chandigarh,"Punjab Cricket Association IS Bindra Stadium, Mohali, Chandigarh",,Kolkata Knight Riders,field,Punjab Kings,runs,7,,D/L,,Arshdeep Singh,BNJ Oxenford,YC Barde,,16,154,M Nayyar,J Madanagopal,PM Joshi,R Dhawan,PBB Rajapaksa,VR Iyer,CV Varun,1359476
21,1359492.yaml,2023,18,2023-04-13,Punjab Kings,Gujarat Titans,Chandigarh,"Punjab Cricket Association IS Bindra Stadium, Mohali, Chandigarh",,Gujarat Titans,field,Gujarat Titans,wickets,6,,,,MM Sharma,A Totre,J Madanagopal,,20,154,R Seth,BNJ Oxenford,PM Joshi,RD Chahar,PBB Rajapaksa,,,1359492
22,1359501.yaml,2023,27,2023-04-20,Royal Challengers Bangalore,Punjab Kings,Chandigarh,"Punjab Cricket Association IS Bindra Stadium, Mohali, Chandigarh",,Punjab Kings,field,Royal Challengers Bangalore,runs,24,,,,Mohammed Siraj,AK Chaudhary,GR Sadashiv Iyer,,20,175,Prakash Bhatt,CB Gaffaney,M Kuppuraj,Vijaykumar Vyshak,F du Plessis,P Simran Singh,RD Chahar,1359501
23,1359512.yaml,2023,38,2023-04-28,Lucknow Super Giants,Punjab Kings,Chandigarh,"Punjab Cricket Association IS Bindra Stadium, Mohali, Chandigarh",,Punjab Kings,field,Lucknow Super Giants,runs,56,,,,MP Stoinis,Nitin Menon,Vinod Seshan,,20,258,Shakti Singh,HAS Khalid,VM Dhokre,A Mishra,KR Mayers,P Simran Singh,Gurnoor Brar,1359512
24,1359520.yaml,2023,46,2023-05-03,Punjab Kings,Mumbai Indians,Chandigarh,"Punjab Cricket Association IS Bindra Stadium, Mohali, Chandigarh",,Mumbai Indians,field,Mumbai Indians,wickets,6,,,,Ishan Kishan,J Madanagopal,RJ Tucker,,20,215,SS Raul,A Totre,Mohamad Rafi,NT Ellis,P Simran Singh,SA Yadav,Akash Madhwal,1359520
25,1422131.yaml,2024,13,2024-03-31,Delhi Capitals,Chennai Super Kings,Visakhapatnam,"Dr. Y.S. Rajasekhara Reddy ACA-VDCA Cricket Stadium, Visakhapatnam",,Delhi Capitals,bat,Delhi Capitals,runs,20,,,,KK Ahmed,HDPK Dharmasena,Vinod Seshan,,20,192,Prakash Bhatt,KN Ananthapadmanabhan,VM Dhokre,Rasikh Salam,PP Shaw,S Dube,M Pathirana,1422131
26,1422134.yaml,2024,16,2024-04-03,Kolkata Knight Riders,Delhi Capitals,Visakhapatnam,"Dr. Y.S. Rajasekhara Reddy ACA-VDCA Cricket Stadium, Visakhapatnam",,Kolkata Knight Riders,bat,Kolkata Knight Riders,runs,106,,,,SP Narine,A Totre,UV Gandhe,,20,273,Prakash Bhatt,HDPK Dharmasena,VM Dhokre,VG Arora,A Raghuvanshi,Abishek Porel,KK Ahmed,1422134
27,1473441.yaml,2025,4,2025-03-24,Lucknow Super Giants,Delhi Capitals,Visakhapatnam,"Dr. Y.S. Rajasekhara Reddy ACA-VDCA Cricket Stadium, Visakhapatnam",,Delhi Capitals,field,Delhi Capitals,wickets,1,,,,Ashutosh Sharma,Abhijit Bhattacharya,UV Gandhe,,20,210,V Narayan Kutty,VK Sharma,AK Argal,M Siddharth,MR Marsh,Ashutosh Sharma,Mukesh Kumar,1473441
28,1473447.yaml,2025,10,2025-03-30,Sunrisers Hyderabad,Delhi Capitals,Visakhapatnam,"Dr. Y.S. Rajasekhara Reddy ACA-VDCA Cricket Stadium, Visakhapatnam",,Sunrisers Hyderabad,bat,Delhi Capitals,wickets,7,,,,MA Starc,Abhijit Bhattacharya,UV Gandhe,,20,164,V Narayan Kutty,VK Sharma,AK Argal,PWA Mulder,TM Head,,,1473447
29,1529297.yaml,2026,54,2026-05-10,Mumbai Indians,Royal Challengers Bengaluru,Raipur,"Shaheed Veer Narayan Singh International Stadium, Raipur",,Royal Challengers Bengaluru,field,Royal Challengers Bengaluru,wickets,2,,,,B Kumar,R Pandit,TM Srivastava,,20,167,Amit Sharma,Nitin Menon,KM Gandhi,Raghu Sharma,RG Sharma,D Padikkal,Suyash Sharma,1529297
30,1529300.yaml,2026,57,2026-05-13,Kolkata Knight Riders,Royal Challengers Bengaluru,Raipur,"Shaheed Veer Narayan Singh International Stadium, Raipur",,Royal Challengers Bengaluru,field,Royal Challengers Bengaluru,wickets,6,,,,V Kohli,Nitin Menon,R Pandit,,20,193,A Kripal Singh,TM Srivastava,KM Gandhi,SR Dubey,FH Allen,D Padikkal,JA Duffy,1529300
31,1136582.yaml,2018,22,2018-04-23,Kings XI Punjab,Delhi Daredevils,Delhi,Arun Jaitley Stadium,,Delhi Daredevils,field,Kings XI Punjab,runs,4,,,,AS Rajpoot,A Nand Kishore,CK Nandan,,20,144,RB Richardson,CB Gaffaney,GR Sadashiv Iyer,,,,,1136582
32,1136586.yaml,2018,26,2018-04-27,Delhi Daredevils,Kolkata Knight Riders,Delhi,Arun Jaitley Stadium,,Kolkata Knight Riders,field,Delhi Daredevils,runs,55,,,,SS Iyer,C Shamshuddin,S Ravi,,20,220,RB Richardson,A Nand Kishore,UV Gandhe,,,,,1136586
33,1136592.yaml,2018,32,2018-05-02,Delhi Daredevils,Rajasthan Royals,Delhi,Arun Jaitley Stadium,,Rajasthan Royals,field,Delhi Daredevils,runs,4,,D/L,,RR Pant,CK Nandan,VK Sharma,,12,151,AJ Pycroft,BNJ Oxenford,GR Sadashiv Iyer,,,,,1136592
34,1136602.yaml,2018,42,2018-05-10,Delhi Daredevils,Sunrisers Hyderabad,Delhi,Arun Jaitley Stadium,,Delhi Daredevils,bat,Sunrisers Hyderabad,wickets,9,,,,S Dhawan,AY Dandekar,C Shamshuddin,,20,188,M Nayyar,S Ravi,HAS Khalid,,,,,1136602
35,1136605.yaml,2018,45,2018-05-12,Delhi Daredevils,Royal Challengers Bangalore,Delhi,Arun Jaitley Stadium,,Royal Challengers Bangalore,field,Royal Challengers Bangalore,wickets,5,,,,AB de Villiers,KN Ananthapadmanabhan,HDPK Dharmasena,,20,182,Prakash Bhatt,AK Chaudhary,K Srinath,,,,,1136605
36,1136612.yaml,2018,52,2018-05-18,Delhi Daredevils,Chennai Super Kings,Delhi,Arun Jaitley Stadium,,Chennai Super Kings,field,Delhi Daredevils,runs,34,,,,HV Patel,HDPK Dharmasena,VA Kulkarni,,20,163,M Nayyar,CK Nandan,K Srinath,,,,,1136612
37,1136615.yaml,2018,55,2018-05-20,Delhi Daredevils,Mumbai Indians,Delhi,Arun Jaitley Stadium,,Delhi Daredevils,bat,Delhi Daredevils,runs,11,,,,A Mishra,HDPK Dharmasena,CK Nandan,,20,175,M Nayyar,VA Kulkarni,K Srinath,,,,,1136615
38,1175360.yaml,2019,5,2019-03-26,Delhi Capitals,Chennai Super Kings,Delhi,Arun Jaitley Stadium,,Delhi Capitals,bat,Chennai Super Kings,wickets,6,,,,SR Watson,M Erasmus,Nitin Menon,,20,148,J Srinath,AY Dandekar,HAS Khalid,,,,,1175360
39,1175371.yaml,2019,16,2019-04-04,Delhi Capitals,Sunrisers Hyderabad,Delhi,Arun Jaitley Stadium,,Sunrisers Hyderabad,field,Sunrisers Hyderabad,wickets,5,,,,JM Bairstow,C Shamshuddin,KN Ananthapadmanabhan,,20,130,Chinmay Sharma,S Ravi,K Srinath,,,,,1175371
40,1178409.yaml,2019,34,2019-04-18,Mumbai Indians,Delhi Capitals,Delhi,Arun Jaitley Stadium,,Mumbai Indians,bat,Mumbai Indians,runs,40,,,,HH Pandya,BNJ Oxenford,NJ Llong,,20,169,J Srinath,AK Chaudhary,N Pandit,,,,,1178409
41,1178412.yaml,2019,37,2019-04-20,Kings XI Punjab,Delhi Capitals,Delhi,Arun Jaitley Stadium,,Delhi Capitals,field,Delhi Capitals,wickets,5,,,,SS Iyer,C Shamshuddin,UV Gandhe,,20,164,Prakash Bhatt,BNJ Oxenford,N Pandit,,,,,1178412
42,1178421.yaml,2019,46,2019-04-28,Delhi Capitals,Royal Challengers Bangalore,Delhi,Arun Jaitley Stadium,,Delhi Capitals,bat,Delhi Capitals,runs,16,,,,S Dhawan,BNJ Oxenford,KN Ananthapadmanabhan,,20,188,J Srinath,C Shamshuddin,N Pandit,,,,,1178421
43,1178428.yaml,2019,53,2019-05-04,Rajasthan Royals,Delhi Capitals,Delhi,Arun Jaitley Stadium,,Rajasthan Royals,bat,Delhi Capitals,wickets,5,,,,A Mishra,AY Dandekar,IJ Gould,,20,116,AJ Pycroft,Nitin Menon,HAS Khalid,,,,,1178428
44,1254080.yaml,2021,23,2021-04-28,Sunrisers Hyderabad,Chennai Super Kings,Delhi,"Arun Jaitley Stadium, Delhi",,Sunrisers Hyderabad,bat,Chennai Super Kings,wickets,7,,,,RD Gaikwad,C Shamshuddin,CK Nandan,,20,172,J Srinath,KN Ananthapadmanabhan,UV Gandhe,,,,,1254080
45,1254081.yaml,2021,24,2021-04-29,Rajasthan Royals,Mumbai Indians,Delhi,"Arun Jaitley Stadium, Delhi",,Mumbai Indians,field,Mumbai Indians,wickets,7,,,,Q de Kock,CB Gaffaney,KN Ananthapadmanabhan,,20,172,V Narayan Kutty,C Shamshuddin,Tapan Sharma,,,,,1254081
46,1254084.yaml,2021,27,2021-05-01,Chennai Super Kings,Mumbai Indians,Delhi,"Arun Jaitley Stadium, Delhi",,Mumbai Indians,field,Mumbai Indians,wickets,4,,,,KA Pollard,KN Ananthapadmanabhan,CK Nandan,,20,219,J Srinath,CB Gaffaney,K Srinivasan,,,,,1254084
47,1254085.yaml,2021,28,2021-05-02,Rajasthan Royals,Sunrisers Hyderabad,Delhi,"Arun Jaitley Stadium, Delhi",,Sunrisers Hyderabad,field,Rajasthan Royals,runs,55,,,,JC Buttler,C Shamshuddin,CB Gaffaney,,20,221,S Chaturvedi,UV Gandhe,HAS Khalid,,,,,1254085
48,1359481.yaml,2023,7,2023-04-04,Delhi Capitals,Gujarat Titans,Delhi,"Arun Jaitley Stadium, Delhi",,Gujarat Titans,field,Gujarat Titans,wickets,6,,,,B Sai Sudharsan,A Nand Kishore,GR Sadashiv Iyer,,20,163,DS Manohar,AK Chaudhary,M Kuppuraj,KK Ahmed,SN Khan,V Shankar,J Little,1359481
49,1359490.yaml,2023,16,2023-04-11,Delhi Capitals,Mumbai Indians,Delhi,"Arun Jaitley Stadium, Delhi",,Mumbai Indians,field,Mumbai Indians,wickets,6,,,,RG Sharma,MA Gough,R Pandit,,20,173,V Narayan Kutty,KN Ananthapadmanabhan,Abhijit Bhattacharya,Mukesh Kumar,PP Shaw,TH David,RP Meredith,1359490
50,1359502.yaml,2023,28,2023-04-20,Kolkata Knight Riders,Delhi Capitals,Delhi,"Arun Jaitley Stadium, Delhi",,Delhi Capitals,field,Delhi Capitals,wickets,4,,,,I Sharma,MA Gough,R Pandit,,20,128,Amit Sharma,KN Ananthapadmanabhan,Abhijit Bhattacharya,AS Roy,VR Iyer,PP Shaw,I Sharma,1359502
51,1359514.yaml,2023,40,2023-04-29,Sunrisers Hyderabad,Delhi Capitals,Delhi,"Arun Jaitley Stadium, Delhi",,Sunrisers Hyderabad,bat,Sunrisers Hyderabad,runs,9,,,,MR Marsh,MA Gough,Navdeep Singh,,20,198,V Narayan Kutty,MV Saidharshan Kumar,P Joshi,T Natarajan,RA Tripathi,SN Khan,I Sharma,1359514
52,1359524.yaml,2023,50,2023-05-06,Royal Challengers Bangalore,Delhi Capitals,Delhi,"Arun Jaitley Stadium, Delhi",,Royal Challengers Bangalore,bat,Delhi Capitals,wickets,7,,,,PD Salt,RJ Tucker,YC Barde,,20,182,M Nayyar,J Madanagopal,Mohamad Rafi,HV Patel,KM Jadhav,RV Patel,I Sharma,1359524
53,1359533.yaml,2023,59,2023-05-13,Punjab Kings,Delhi Capitals,Delhi,"Arun Jaitley Stadium, Delhi",,Delhi Capitals,field,Punjab Kings,runs,31,,,,P Simran Singh,CB Gaffaney,NA Patwardhan,,20,168,Sanjay Verma,GR Sadashiv Iyer,M Krishnadas,NT Ellis,P Simran Singh,MK Pandey,KK Ahmed,1359533
54,1359541.yaml,2023,67,2023-05-20,Chennai Super Kings,Delhi Capitals,Delhi,"Arun Jaitley Stadium, Delhi",,Chennai Super Kings,bat,Chennai Super Kings,runs,77,,,,RD Gaikwad,CB Gaffaney,NA Patwardhan,,20,224,Sanjay Verma,AK Chaudhary,M Krishnadas,M Pathirana,S Dube,PP Shaw,KK Ahmed,1359541
55,1426273.yaml,2024,35,2024-04-20,Sunrisers Hyderabad,Delhi Capitals,Delhi,"Arun Jaitley Stadium, Delhi",,Delhi Capitals,field,Sunrisers Hyderabad,runs,67,,,,TM Head,J Madanagopal,Navdeep Singh,,20,267,Sanjay Verma,Tapan Sharma,K Swaroopanand,Washington Sundar,TM Head,PP Shaw,KK Ahmed,1426273
56,1426278.yaml,2024,40,2024-04-24,Delhi Capitals,Gujarat Titans,Delhi,"Arun Jaitley Stadium, Delhi",,Gujarat Titans,field,Delhi Capitals,runs,4,,,,RR Pant,KN Ananthapadmanabhan,UV Gandhe,,20,225,Amit Sharma,A Totre,A Bengeri,Rasikh Salam,PP Shaw,B Sai Sudharsan,S Sandeep Warrier,1426278
57,1426281.yaml,2024,43,2024-04-27,Delhi Capitals,Mumbai Indians,Delhi,"Arun Jaitley Stadium, Delhi",,Mumbai Indians,field,Delhi Capitals,runs,10,,,,J Fraser-McGurk,Navdeep Singh,NA Patwardhan,,20,258,V Narayan Kutty,J Madanagopal,K Swaroopanand,Rasikh Salam,Kumar Kushagra,SA Yadav,N Thushara,1426281
58,1426294.yaml,2024,56,2024-05-07,Delhi Capitals,Rajasthan Royals,Delhi,"Arun Jaitley Stadium, Delhi",,Rajasthan Royals,field,Delhi Capitals,runs,20,,,,Kuldeep Yadav,KN Ananthapadmanabhan,UV Gandhe,,20,222,DS Manohar,MA Gough,A Bengeri,Rasikh Salam,Abishek Porel,JC Buttler,YS Chahal,1426294
59,1426302.yaml,2024,64,2024-05-14,Delhi Capitals,Lucknow Super Giants,Delhi,"Arun Jaitley Stadium, Delhi",,Lucknow Super Giants,field,Delhi Capitals,runs,19,,,,I Sharma,A Totre,Vinod Seshan,,20,209,DS Manohar,KN Ananthapadmanabhan,A Bengeri,I Sharma,Abishek Porel,A Badoni,Mohsin Khan,1426302
60,1473466.yaml,2025,29,2025-04-13,Mumbai Indians,Delhi Capitals,Delhi,"Arun Jaitley Stadium, Delhi",,Delhi Capitals,field,Mumbai Indians,runs,12,,,,KV Sharma,CB Gaffaney,Vinod Seshan,,20,206,Prakash Bhatt,J Madanagopal,TM Srivastava,KV Sharma,RG Sharma,KK Nair,Mukesh Kumar,1473466
61,1473483.yaml,2025,46,2025-04-27,Delhi Capitals,Royal Challengers Bengaluru,Delhi,"Arun Jaitley Stadium, Delhi",,Royal Challengers Bengaluru,field,Royal Challengers Bengaluru,wickets,6,,,,KH Pandya,M Krishnadas,Nitin Menon,,20,163,IR Siddiqui,MV Saidharshan Kumar,Bhavesh Patel,Ashutosh Sharma,F du Plessis,D Padikkal,Suyash Sharma,1473483
62,1473485.yaml,2025,48,2025-04-29,Kolkata Knight Riders,Delhi Capitals,Delhi,"Arun Jaitley Stadium, Delhi",,Delhi Capitals,field,Kolkata Knight Riders,runs,14,,,,SP Narine,M Krishnadas,MV Saidharshan Kumar,,20,205,IR Siddiqui,Nitin Menon,Bhavesh Patel,VG Arora,VR Iyer,Ashutosh Sharma,Mukesh Kumar,1473485
63,1473498.yaml,2025,60,2025-05-18,Delhi Capitals,Gujarat Titans,Delhi,"Arun Jaitley Stadium, Delhi",,Gujarat Titans,field,Gujarat Titans,wickets,10,,,,B Sai Sudharsan,AT Holdstock,K Kelkar,,20,200,A Kripal Singh,R Pandit,Amit Rana,PVD Chameera,Ashutosh Sharma,B Sai Sudharsan,M Prasidh Krishna,1473498
64,1473500.yaml,2025,62,2025-05-20,Chennai Super Kings,Rajasthan Royals,Delhi,"Arun Jaitley Stadium, Delhi",,Rajasthan Royals,field,Rajasthan Royals,wickets,6,,,,Akash Madhwal,K Kelkar,R Pandit,,20,188,A Kripal Singh,AT Holdstock,Amit Rana,M Pathirana,S Dube,,,1473500
65,1473505.yaml,2025,68,2025-05-25,Sunrisers Hyderabad,Kolkata Knight Riders,Delhi,"Arun Jaitley Stadium, Delhi",,Sunrisers Hyderabad,bat,Sunrisers Hyderabad,runs,110,,,,H Klaasen,AT Holdstock,K Kelkar,,20,279,A Kripal Singh,R Pandit,Amit Rana,Harsh Dubey,TM Head,A Raghuvanshi,CV Varun,1473505
66,1527681.yaml,2026,8,2026-04-04,Mumbai Indians,Delhi Capitals,Delhi,"Arun Jaitley Stadium, Delhi",,Delhi Capitals,field,Delhi Capitals,wickets,6,,,,Sameer Rizvi,HDPK Dharmasena,M Krishnadas,,20,163,V Narayan Kutty,VK Sharma,K Swaroopanand,M Markande,RG Sharma,Sameer Rizvi,Mukesh Kumar,1527681
67,1527687.yaml,2026,14,2026-04-08,Gujarat Titans,Delhi Capitals,Delhi,"Arun Jaitley Stadium, Delhi",,Delhi Capitals,field,Gujarat Titans,runs,1,,,,Rashid Khan,Anish Sahasrabudhe,Nitin Menon,,20,211,Shakti Singh,MV Saidharshan Kumar,Vinod Seshan,M Prasidh Krishna,M Shahrukh Khan,Sameer Rizvi,Mukesh Kumar,1527687
68,1529278.yaml,2026,35,2026-04-25,Delhi Capitals,Punjab Kings,Delhi,"Arun Jaitley Stadium, Delhi",,Delhi Capitals,bat,Punjab Kings,wickets,6,,,,KL Rahul,AK Argal,VK Sharma,,20,265,V Narayan Kutty,K Swaroopanand,HAS Khalid,Auqib Nabi,P Nissanka,N Wadhera,YS Chahal,1529278
69,1529282.yaml,2026,39,2026-04-27,Delhi Capitals,Royal Challengers Bengaluru,Delhi,"Arun Jaitley Stadium, Delhi",,Royal Challengers Bengaluru,field,Royal Challengers Bengaluru,wickets,9,,,,JR Hazlewood,AK Argal,SJ Nogajski,,20,76,V Narayan Kutty,M Krishnadas,HAS Khalid,Abishek Porel,SU Parakh,JG Bethell,Suyash Sharma,1529282
70,1529291.yaml,2026,48,2026-05-05,Delhi Capitals,Chennai Super Kings,Delhi,"Arun Jaitley Stadium, Delhi",,Delhi Capitals,bat,Chennai Super Kings,wickets,8,,,,SV Samson,KM Gandhi,TM Srivastava,,20,156,Amit Sharma,Nitin Menon,Anish Sahasrabudhe,Sameer Rizvi,KK Nair,,,1529291
71,1529294.yaml,2026,51,2026-05-08,Delhi Capitals,Kolkata Knight Riders,Delhi,"Arun Jaitley Stadium, Delhi",,Kolkata Knight Riders,field,Kolkata Knight Riders,wickets,8,,,,FH Allen,Nitin Menon,R Pandit,,20,143,Amit Sharma,KM Gandhi,TM Srivastava,Kuldeep Yadav,Ashutosh Sharma,FH Allen,CV Varun,1529294
72,1529305.yaml,2026,62,2026-05-17,Rajasthan Royals,Delhi Capitals,Delhi,"Arun Jaitley Stadium, Delhi",,Delhi Capitals,field,Delhi Capitals,wickets,5,,,,MA Starc,Amit Rana,K Kelkar,,20,194,DS Manohar,J Madanagopal,T Ematty,MD Shanaka,SB Dubey,Ashutosh Sharma,Mukesh Kumar,1529305
73,419117.yaml,2009/10,12,2010-03-19,Deccan Chargers,Kings XI Punjab,Cuttack,Barabati Stadium,,Kings XI Punjab,field,Deccan Chargers,runs,6,,,,A Symonds,BF Bowden,M Erasmus,,20,171,GR Viswanath,AM Saheba,BK Ravi,,,,,419117
74,419120.yaml,2009/10,15,2010-03-21,Deccan Chargers,Delhi Daredevils,Cuttack,Barabati Stadium,,Deccan Chargers,bat,Deccan Chargers,runs,10,,,,A Symonds,BF Bowden,M Erasmus,,20,172,GR Viswanath,AM Saheba,BK Ravi,,,,,419120
75,548335.yaml,2012,29,2012-04-22,Deccan Chargers,Kolkata Knight Riders,Cuttack,Barabati Stadium,,Kolkata Knight Riders,field,Kolkata Knight Riders,wickets,5,,,,B Lee,BF Bowden,SK Tarapore,,20,127,RS Mahanama,VA Kulkarni,R Subramanian,,,,,548335
76,548348.yaml,2012,42,2012-05-01,Deccan Chargers,Pune Warriors,Cuttack,Barabati Stadium,,Deccan Chargers,bat,Deccan Chargers,runs,13,,,,KC Sangakkara,Aleem Dar,AK Chaudhary,,20,187,AJ Pycroft,BNJ Oxenford,R Subramanian,,,,,548348
77,733987.yaml,2014,29,2014-05-07,Kings XI Punjab,Chennai Super Kings,Cuttack,Barabati Stadium,,Chennai Super Kings,field,Kings XI Punjab,runs,44,,,,GJ Maxwell,HDPK Dharmasena,PG Pathak,,20,232,RS Mahanama,VA Kulkarni,UV Gandhe,,,,,733987
78,733997.yaml,2014,34,2014-05-11,Kings XI Punjab,Kolkata Knight Riders,Cuttack,Barabati Stadium,,Kolkata Knight Riders,field,Kolkata Knight Riders,wickets,9,,,,G Gambhir,NJ Llong,CK Nandan,,20,150,RS Madugalle,AK Chaudhary,UV Gandhe,,,,,733997
79,734009.yaml,2014,40,2014-05-14,Kolkata Knight Riders,Mumbai Indians,Cuttack,Barabati Stadium,,Kolkata Knight Riders,field,Kolkata Knight Riders,wickets,6,,,,RV Uthappa,AK Chaudhary,NJ Llong,,20,142,RS Madugalle,CK Nandan,R Pandit,,,,,734009
80,1359482.yaml,2023,8,2023-04-05,Punjab Kings,Rajasthan Royals,Guwahati,"Barsapara Cricket Stadium, Guwahati",,Rajasthan Royals,field,Punjab Kings,runs,5,,,,NT Ellis,KN Ananthapadmanabhan,MV Saidharshan Kumar,,20,198,V Narayan Kutty,R Pandit,Abhijit Bhattacharya,R Dhawan,P Simran Singh,Dhruv Jurel,YS Chahal,1359482
81,1359485.yaml,2023,11,2023-04-08,Rajasthan Royals,Delhi Capitals,Guwahati,"Barsapara Cricket Stadium, Guwahati",,Delhi Capitals,field,Rajasthan Royals,runs,57,,,,YBK Jaiswal,Navdeep Singh,MV Saidharshan Kumar,,20,200,V Narayan Kutty,KN Ananthapadmanabhan,Abhijit Bhattacharya,M Ashwin,JC Buttler,PP Shaw,KK Ahmed,1359485
82,1426303.yaml,2024,65,2024-05-15,Rajasthan Royals,Punjab Kings,Guwahati,"Barsapara Cricket Stadium, Guwahati",,Rajasthan Royals,bat,Punjab Kings,wickets,5,,,,SM Curran,R Pandit,MV Saidharshan Kumar,,20,145,Shakti Singh,AK Chaudhary,R Rajesh Kannan,D Ferreira,Dhruv Jurel,Ashutosh Sharma,Arshdeep Singh,1426303
83,1473443.yaml,2025,6,2025-03-26,Rajasthan Royals,Kolkata Knight Riders,Guwahati,"Barsapara Cricket Stadium, Guwahati",,Kolkata Knight Riders,field,Kolkata Knight Riders,wickets,8,,,,Q de Kock,A Totre,R Pandit,,20,152,Shakti Singh,AT Holdstock,K Kelkar,SB Dubey,SV Samson,A Raghuvanshi,CV Varun,1473443
84,1473448.yaml,2025,11,2025-03-30,Rajasthan Royals,Chennai Super Kings,Guwahati,"Barsapara Cricket Stadium, Guwahati",,Chennai Super Kings,field,Rajasthan Royals,runs,6,,,,N Rana,AT Holdstock,A Totre,,20,183,Shakti Singh,R Pandit,K Kelkar,K Kartikeya,SV Samson,S Dube,M Pathirana,1473448
85,1527676.yaml,2026,3,2026-03-30,Chennai Super Kings,Rajasthan Royals,Guwahati,"Barsapara Cricket Stadium, Guwahati",,Rajasthan Royals,field,Rajasthan Royals,wickets,8,,,,N Burger,HDPK Dharmasena,M Krishnadas,,20,128,V Narayan Kutty,VK Sharma,K Swaroopanand,SN Khan,A Mhatre,,,1527676
86,1527686.yaml,2026,13,2026-04-07,Rajasthan Royals,Mumbai Indians,Guwahati,"Barsapara Cricket Stadium, Guwahati",,Mumbai Indians,field,Rajasthan Royals,runs,27,,,,YBK Jaiswal,HDPK Dharmasena,M Krishnadas,,11,151,V Narayan Kutty,VK Sharma,K Swaroopanand,Ravi Bishnoi,D Ferreira,SE Rutherford,AM Ghazanfar,1527686
87,1527689.yaml,2026,16,2026-04-10,Royal Challengers Bengaluru,Rajasthan Royals,Guwahati,"Barsapara Cricket Stadium, Guwahati",,Rajasthan Royals,field,Rajasthan Royals,wickets,6,,,,V Suryavanshi,K Swaroopanand,HDPK Dharmasena,,20,202,V Narayan Kutty,VK Sharma,M Krishnadas,VR Iyer,D Padikkal,V Suryavanshi,Sandeep Sharma,1527689
88,1359477.yaml,2023,3,2023-04-01,Lucknow Super Giants,Delhi Capitals,Lucknow,"Bharat Ratna Shri Atal Bihari Vajpayee Ekana Cricket Stadium, Lucknow",,Delhi Capitals,field,Lucknow Super Giants,runs,50,,,,MA Wood,AK Chaudhary,NA Patwardhan,,20,194,DS Manohar,GR Sadashiv Iyer,M Kuppuraj,K Gowtham,A Badoni,Aman Hakim Khan,KK Ahmed,1359477
89,1359484.yaml,2023,10,2023-04-07,Sunrisers Hyderabad,Lucknow Super Giants,Lucknow,"Bharat Ratna Shri Atal Bihari Vajpayee Ekana Cricket Stadium, Lucknow",,Sunrisers Hyderabad,bat,Lucknow Super Giants,wickets,5,,,,KH Pandya,J Madanagopal,YC Barde,,20,122,M Nayyar,BNJ Oxenford,PM Joshi,Fazalhaq Farooqi,RA Tripathi,A Badoni,A Mishra,1359484
90,1359495.yaml,2023,21,2023-04-15,Lucknow Super Giants,Punjab Kings,Lucknow,"Bharat Ratna Shri Atal Bihari Vajpayee Ekana Cricket Stadium, Lucknow",,Punjab Kings,field,Punjab Kings,wickets,2,,,,Sikandar Raza,HAS Khalid,VK Sharma,,20,160,Shakti Singh,Tapan Sharma,A Bengeri,K Gowtham,KR Mayers,P Simran Singh,RD Chahar,1359495
91,1359504.yaml,2023,30,2023-04-22,Gujarat Titans,Lucknow Super Giants,Lucknow,"Bharat Ratna Shri Atal Bihari Vajpayee Ekana Cricket Stadium, Lucknow",,Gujarat Titans,bat,Gujarat Titans,runs,7,,,,MM Sharma,A Totre,RJ Tucker,,20,136,R Seth,J Madanagopal,PM Joshi,J Yadav,Shubman Gill,PN Mankad,A Mishra,1359504
92,1359517.yaml,2023,43,2023-05-01,Royal Challengers Bangalore,Lucknow Super Giants,Lucknow,"Bharat Ratna Shri Atal Bihari Vajpayee Ekana Cricket Stadium, Lucknow",,Royal Challengers Bangalore,bat,Royal Challengers Bangalore,runs,18,,,,F du Plessis,AK Chaudhary,GR Sadashiv Iyer,,20,127,Prakash Bhatt,A Nand Kishore,M Krishnadas,HV Patel,Anuj Rawat,A Badoni,Yash Thakur,1359517
93,1359537.yaml,2023,63,2023-05-16,Lucknow Super Giants,Mumbai Indians,Lucknow,"Bharat Ratna Shri Atal Bihari Vajpayee Ekana Cricket Stadium, Lucknow",,Mumbai Indians,field,Lucknow Super Giants,runs,5,,,,MP Stoinis,AK Chaudhary,A Nand Kishore,,20,178,Sanjay Verma,CB Gaffaney,M Krishnadas,Yash Thakur,PN Mankad,Vishnu Vinod,Akash Madhwal,1359537
94,1422129.yaml,2024,11,2024-03-30,Lucknow Super Giants,Punjab Kings,Lucknow,"Bharat Ratna Shri Atal Bihari Vajpayee Ekana Cricket Stadium, Lucknow",,Lucknow Super Giants,bat,Lucknow Super Giants,runs,21,,,,MP Yadav,J Madanagopal,Navdeep Singh,,20,200,V Narayan Kutty,AG Wharf,PM Joshi,Naveen-ul-Haq,KL Rahul,P Simran Singh,Arshdeep Singh,1422129
95,1422139.yaml,2024,21,2024-04-07,Lucknow Super Giants,Gujarat Titans,Lucknow,"Bharat Ratna Shri Atal Bihari Vajpayee Ekana Cricket Stadium, Lucknow",,Lucknow Super Giants,bat,Lucknow Super Giants,runs,33,,,,Yash Thakur,A Nand Kishore,VK Sharma,,20,164,J Srinath,Nitin Menon,M Kuppuraj,M Siddharth,MP Stoinis,KS Williamson,MM Sharma,1422139
96,1426264.yaml,2024,26,2024-04-12,Lucknow Super Giants,Delhi Capitals,Lucknow,"Bharat Ratna Shri Atal Bihari Vajpayee Ekana Cricket Stadium, Lucknow",,Lucknow Super Giants,bat,Delhi Capitals,wickets,6,,,,Kuldeep Yadav,R Pandit,YC Barde,,20,168,M Nayyar,BNJ Oxenford,M Krishnadas,DJ Hooda,Q de Kock,Abishek Porel,KK Ahmed,1426264
97,1426272.yaml,2024,34,2024-04-19,Chennai Super Kings,Lucknow Super Giants,Lucknow,"Bharat Ratna Shri Atal Bihari Vajpayee Ekana Cricket Stadium, Lucknow",,Lucknow Super Giants,field,Lucknow Super Giants,wickets,8,,,,KL Rahul,AK Chaudhary,R Pandit,,20,177,M Nayyar,BNJ Oxenford,R Rajesh Kannan,Sameer Rizvi,AM Rahane,,,1426272
98,1426282.yaml,2024,44,2024-04-27,Lucknow Super Giants,Rajasthan Royals,Lucknow,"Bharat Ratna Shri Atal Bihari Vajpayee Ekana Cricket Stadium, Lucknow",,Rajasthan Royals,field,Rajasthan Royals,wickets,7,,,,SV Samson,KN Ananthapadmanabhan,MA Gough,,20,197,Amit Sharma,Vinod Seshan,A Bengeri,A Mishra,Q de Kock,R Parag,YS Chahal,1426282
99,1426286.yaml,2024,48,2024-04-30,Mumbai Indians,Lucknow Super Giants,Lucknow,"Bharat Ratna Shri Atal Bihari Vajpayee Ekana Cricket Stadium, Lucknow",,Lucknow Super Giants,field,Lucknow Super Giants,wickets,4,,,,MP Stoinis,MA Gough,UV Gandhe,,20,145,DS Manohar,KN Ananthapadmanabhan,A Bengeri,N Thushara,SA Yadav,AA Kulkarni,MP Yadav,1426286
100,1426292.yaml,2024,54,2024-05-05,Kolkata Knight Riders,Lucknow Super Giants,Lucknow,"Bharat Ratna Shri Atal Bihari Vajpayee Ekana Cricket Stadium, Lucknow",,Lucknow Super Giants,field,Kolkata Knight Riders,runs,98,,,,SP Narine,MV Saidharshan Kumar,YC Barde,,20,236,Shakti Singh,AK Chaudhary,R Rajesh Kannan,VG Arora,A Raghuvanshi,Yudhvir Singh,Mohsin Khan,1426292
101,1473450.yaml,2025,13,2025-04-01,Lucknow Super Giants,Punjab Kings,Lucknow,"Bharat Ratna Shri Atal Bihari Vajpayee Ekana Cricket Stadium, Lucknow",,Punjab Kings,field,Punjab Kings,wickets,8,,,,P Simran Singh,A Bengeri,Vinod Seshan,,20,172,Prakash Bhatt,J Madanagopal,TM Srivastava,M Siddharth,DA Miller,N Wadhera,YS Chahal,1473450
102,1473453.yaml,2025,16,2025-04-04,Lucknow Super Giants,Mumbai Indians,Lucknow,"Bharat Ratna Shri Atal Bihari Vajpayee Ekana Cricket Stadium, Lucknow",,Mumbai Indians,field,Lucknow Super Giants,runs,12,,,,DS Rathi,Nitin Menon,MV Saidharshan Kumar,,20,204,J Srinath,KN Ananthapadmanabhan,HAS Khalid,Ravi Bishnoi,MR Marsh,Tilak Varma,V Puthur,1473453
103,1473463.yaml,2025,26,2025-04-12,Gujarat Titans,Lucknow Super Giants,Lucknow,"Bharat Ratna Shri Atal Bihari Vajpayee Ekana Cricket Stadium, Lucknow",,Lucknow Super Giants,field,Lucknow Super Giants,wickets,6,,,,AK Markram,K Swaroopanand,UV Gandhe,,20,181,V Narayan Kutty,MA Gough,AK Argal,M Prasidh Krishna,SE Rutherford,A Badoni,DS Rathi,1473463
104,1473467.yaml,2025,30,2025-04-14,Lucknow Super Giants,Chennai Super Kings,Lucknow,"Bharat Ratna Shri Atal Bihari Vajpayee Ekana Cricket Stadium, Lucknow",,Chennai Super Kings,field,Chennai Super Kings,wickets,5,,,,MS Dhoni,UV Gandhe,VK Sharma,,20,167,V Narayan Kutty,MA Gough,AK Argal,Ravi Bishnoi,MR Marsh,S Dube,M Pathirana,1473467
105,1473477.yaml,2025,40,2025-04-22,Lucknow Super Giants,Delhi Capitals,Lucknow,"Bharat Ratna Shri Atal Bihari Vajpayee Ekana Cricket Stadium, Lucknow",,Delhi Capitals,field,Delhi Capitals,wickets,8,,,,Mukesh Kumar,KM Gandhi,MV Saidharshan Kumar,,20,160,J Srinath,KN Ananthapadmanabhan,M Krishnadas,A Badoni,MR Marsh,,,1473477
106,1473499.yaml,2025,61,2025-05-19,Lucknow Super Giants,Sunrisers Hyderabad,Lucknow,"Bharat Ratna Shri Atal Bihari Vajpayee Ekana Cricket Stadium, Lucknow",,Sunrisers Hyderabad,field,Sunrisers Hyderabad,wickets,6,,,,Abhishek Sharma,K Swaroopanand,MA Gough,,20,206,P Dharmani,VK Sharma,Abhijit Bhattacharya,SN Thakur,MR Marsh,Atharva Taide,Zeeshan Ansari,1473499
107,1473503.yaml,2025,65,2025-05-23,Sunrisers Hyderabad,Royal Challengers Bengaluru,Lucknow,"Bharat Ratna Shri Atal Bihari Vajpayee Ekana Cricket Stadium, Lucknow",,Royal Challengers Bengaluru,field,Sunrisers Hyderabad,runs,42,,,,Ishan Kishan,K Swaroopanand,MA Gough,,20,232,P Dharmani,UV Gandhe,Abhijit Bhattacharya,Harsh Dubey,TM Head,RM Patidar,Suyash Sharma,1473503
108,1473507.yaml,2025,70,2025-05-27,Lucknow Super Giants,Royal Challengers Bengaluru,Lucknow,"Bharat Ratna Shri Atal Bihari Vajpayee Ekana Cricket Stadium, Lucknow",,Royal Challengers Bengaluru,field,Royal Challengers Bengaluru,wickets,6,,,,JM Sharma,MA Gough,VK Sharma,,20,228,P Dharmani,UV Gandhe,K Swaroopanand,Akash Singh,MR Marsh,RM Patidar,Suyash Sharma,1473507
109,1527678.yaml,2026,5,2026-04-01,Lucknow Super Giants,Delhi Capitals,Lucknow,"Bharat Ratna Shri Atal Bihari Vajpayee Ekana Cricket Stadium, Lucknow",,Delhi Capitals,field,Delhi Capitals,wickets,6,,,,Sameer Rizvi,R Pandit,UV Gandhe,,20,142,J Srinath,J Madanagopal,A Bengeri,Shahbaz Ahmed,MR Marsh,Sameer Rizvi,T Natarajan,1527678
110,1527692.yaml,2026,19,2026-04-12,Lucknow Super Giants,Gujarat Titans,Lucknow,"Bharat Ratna Shri Atal Bihari Vajpayee Ekana Cricket Stadium, Lucknow",,Gujarat Titans,field,Gujarat Titans,wickets,7,,,,M Prasidh Krishna,Abhijit Bhattacharya,KN Ananthapadmanabhan,,20,165,Prakash Bhatt,AT Holdstock,A Totre,GF Linde,A Badoni,M Shahrukh Khan,Mohammed Siraj,1527692
111,1529275.yaml,2026,32,2026-04-22,Rajasthan Royals,Lucknow Super Giants,Lucknow,"Bharat Ratna Shri Atal Bihari Vajpayee Ekana Cricket Stadium, Lucknow",,Lucknow Super Giants,field,Rajasthan Royals,runs,40,,,,RA Jadeja,AK Argal,VK Sharma,,20,160,V Narayan Kutty,K Swaroopanand,HAS Khalid,SB Dubey,YBK Jaiswal,Himmat Singh,Prince Yadav,1529275
112,1529293.yaml,2026,50,2026-05-07,Lucknow Super Giants,Royal Challengers Bengaluru,Lucknow,"Bharat Ratna Shri Atal Bihari Vajpayee Ekana Cricket Stadium, Lucknow",,Royal Challengers Bengaluru,field,Lucknow Super Giants,runs,9,,D/L,,MR Marsh,A Totre,P Joshi,,19,213,P Dharmani,AT Holdstock,T Ematty,MP Yadav,Himmat Singh,TH David,Suyash Sharma,1529293
113,1529302.yaml,2026,59,2026-05-15,Chennai Super Kings,Lucknow Super Giants,Lucknow,"Bharat Ratna Shri Atal Bihari Vajpayee Ekana Cricket Stadium, Lucknow",,Lucknow Super Giants,field,Lucknow Super Giants,wickets,7,,,,MR Marsh,T Ematty,UV Gandhe,,20,188,DS Manohar,J Madanagopal,K Kelkar,Gurjapneet Singh,S Dube,JP Inglis,Prince Yadav,1529302
114,1529311.yaml,2026,68,2026-05-23,Lucknow Super Giants,Punjab Kings,Lucknow,"Bharat Ratna Shri Atal Bihari Vajpayee Ekana Cricket Stadium, Lucknow",,Punjab Kings,field,Punjab Kings,wickets,7,,,,SS Iyer,KM Gandhi,Vinod Seshan,,20,197,A Kripal Singh,AK Argal,TM Srivastava,DS Rathi,JP Inglis,MP Stoinis,YS Chahal,1529311
115,419107.yaml,2009/10,2,2010-03-13,Mumbai Indians,Rajasthan Royals,Mumbai,Brabourne Stadium,,Mumbai Indians,bat,Mumbai Indians,runs,4,,,,YK Pathan,RE Koertzen,RB Tiffin,,20,213,AJ Pycroft,BG Jerling,VM Bandiwadekar,,,,,419107
116,419119.yaml,2009/10,14,2010-03-20,Mumbai Indians,Royal Challengers Bangalore,Mumbai,Brabourne Stadium,,Mumbai Indians,bat,Royal Challengers Bangalore,wickets,7,,,,JH Kallis,HDPK Dharmasena,SS Hazare,,20,152,Yashpal Sharma,SK Tarapore,SN Bandekar,,,,,419119
117,419122.yaml,2009/10,17,2010-03-22,Mumbai Indians,Kolkata Knight Riders,Mumbai,Brabourne Stadium,,Kolkata Knight Riders,bat,Mumbai Indians,wickets,7,,,,SR Tendulkar,SS Hazare,SJA Taufel,,20,156,Yashpal Sharma,HDPK Dharmasena,VM Bandiwadekar,,,,,419122
118,419132.yaml,2009/10,27,2010-03-30,Mumbai Indians,Kings XI Punjab,Mumbai,Brabourne Stadium,,Mumbai Indians,field,Mumbai Indians,wickets,4,,,,SL Malinga,BR Doctrove,SK Tarapore,,20,164,S Venkataraghavan,S Ravi,VM Bandiwadekar,,,,,419132
119,419138.yaml,2009/10,33,2010-04-03,Mumbai Indians,Deccan Chargers,Mumbai,Brabourne Stadium,,Mumbai Indians,bat,Mumbai Indians,runs,63,,,,AT Rayudu,BR Doctrove,S Ravi,,20,179,S Venkataraghavan,SK Tarapore,SN Bandekar,,,,,419138
120,419152.yaml,2009/10,47,2010-04-13,Mumbai Indians,Delhi Daredevils,Mumbai,Brabourne Stadium,,Mumbai Indians,bat,Mumbai Indians,runs,39,,,,KA Pollard,S Asnani,DJ Harper,,20,184,J Srinath,K Hariharan,SN Bandekar,,,,,419152
121,734045.yaml,2014,,2014-05-28,Chennai Super Kings,Mumbai Indians,Mumbai,Brabourne Stadium,,Chennai Super Kings,field,Chennai Super Kings,wickets,7,,,,SK Raina,VA Kulkarni,BNJ Oxenford,Eliminator,20,174,AJ Pycroft,RJ Tucker,RM Deshpande,,,,,734045
122,829777.yaml,2015,36,2015-05-03,Rajasthan Royals,Delhi Daredevils,Mumbai,Brabourne Stadium,,Delhi Daredevils,field,Rajasthan Royals,runs,14,,,,AM Rahane,HDPK Dharmasena,CB Gaffaney,,20,190,RS Mahanama,CK Nandan,,,,,,829777
123,829787.yaml,2015,41,2015-05-07,Rajasthan Royals,Sunrisers Hyderabad,Mumbai,Brabourne Stadium,,Rajasthan Royals,field,Sunrisers Hyderabad,runs,7,,,,EJG Morgan,JD Cloete,C Shamshuddin,,20,202,J Srinath,HDPK Dharmasena,PG Pathak,,,,,829787
124,829811.yaml,2015,54,2015-05-16,Rajasthan Royals,Kolkata Knight Riders,Mumbai,Brabourne Stadium,,Rajasthan Royals,bat,Rajasthan Royals,runs,9,,,,SR Watson,RM Deshpande,RK Illingworth,,20,200,RR Jadeja,VA Kulkarni,AY Dandekar,,,,,829811
125,419125.yaml,2009/10,21,2010-03-25,Chennai Super Kings,Mumbai Indians,Mumbai,"Brabourne Stadium, Mumbai",,Mumbai Indians,field,Mumbai Indians,wickets,5,,,,SR Tendulkar,AM Saheba,BF Bowden,,20,181,GR Viswanath,M Erasmus,SN Bandekar,,,,,419125
126,1304048.yaml,2022,2,2022-03-27,Mumbai Indians,Delhi Capitals,Mumbai,"Brabourne Stadium, Mumbai",,Delhi Capitals,field,Delhi Capitals,wickets,4,,,,Kuldeep Yadav,RJ Tucker,HAS Khalid,,20,178,Prakash Bhatt,J Madanagopal,N Pandit,,,,,1304048
127,1304053.yaml,2022,7,2022-03-31,Chennai Super Kings,Lucknow Super Giants,Mumbai,"Brabourne Stadium, Mumbai",,Lucknow Super Giants,field,Lucknow Super Giants,wickets,6,,,,E Lewis,RJ Tucker,VK Sharma,,20,211,J Srinath,YC Barde,NA Patwardhan,,,,,1304053
128,1304057.yaml,2022,11,2022-04-03,Punjab Kings,Chennai Super Kings,Mumbai,"Brabourne Stadium, Mumbai",,Chennai Super Kings,field,Punjab Kings,runs,54,,,,LS Livingstone,RJ Tucker,YC Barde,,20,181,J Srinath,AK Chaudhary,R Pandit,,,,,1304057
129,1304062.yaml,2022,16,2022-04-08,Punjab Kings,Gujarat Titans,Mumbai,"Brabourne Stadium, Mumbai",,Gujarat Titans,field,Gujarat Titans,wickets,6,,,,Shubman Gill,AK Chaudhary,VK Sharma,,20,190,J Srinath,PG Pathak,Chirra Ravikanthreddy,,,,,1304062
130,1304065.yaml,2022,19,2022-04-10,Delhi Capitals,Kolkata Knight Riders,Mumbai,"Brabourne Stadium, Mumbai",,Kolkata Knight Riders,field,Delhi Capitals,runs,44,,,,Kuldeep Yadav,CB Gaffaney,J Madanagopal,,20,216,Prakash Bhatt,HAS Khalid,R Pandit,,,,,1304065
131,1304071.yaml,2022,25,2022-04-15,Kolkata Knight Riders,Sunrisers Hyderabad,Mumbai,"Brabourne Stadium, Mumbai",,Sunrisers Hyderabad,field,Sunrisers Hyderabad,wickets,7,,,,RA Tripathi,GR Sadashiv Iyer,VK Sharma,,20,176,Prakash Bhatt,HAS Khalid,PG Pathak,,,,,1304071
132,1304072.yaml,2022,26,2022-04-16,Lucknow Super Giants,Mumbai Indians,Mumbai,"Brabourne Stadium, Mumbai",,Mumbai Indians,field,Lucknow Super Giants,runs,18,,,,KL Rahul,AK Chaudhary,NA Patwardhan,,20,200,Shakti Singh,Navdeep Singh,YC Barde,,,,,1304072
133,1304076.yaml,2022,30,2022-04-18,Rajasthan Royals,Kolkata Knight Riders,Mumbai,"Brabourne Stadium, Mumbai",,Kolkata Knight Riders,field,Rajasthan Royals,runs,7,,,,YS Chahal,GR Sadashiv Iyer,VK Sharma,,20,218,M Nayyar,Nitin Menon,NA Patwardhan,,,,,1304076
134,1304078.yaml,2022,32,2022-04-20,Punjab Kings,Delhi Capitals,Mumbai,"Brabourne Stadium, Mumbai",,Delhi Capitals,field,Delhi Capitals,wickets,9,,,,Kuldeep Yadav,RJ Tucker,Tapan Sharma,,20,116,Shakti Singh,AK Chaudhary,R Pandit,,,,,1304078
135,1304082.yaml,2022,36,2022-04-23,Royal Challengers Bangalore,Sunrisers Hyderabad,Mumbai,"Brabourne Stadium, Mumbai",,Sunrisers Hyderabad,field,Sunrisers Hyderabad,wickets,9,,,,M Jansen,Chirra Ravikanthreddy,J Madanagopal,,20,69,M Nayyar,CB Gaffaney,HAS Khalid,,,,,1304082
136,1304089.yaml,2022,43,2022-04-30,Royal Challengers Bangalore,Gujarat Titans,Mumbai,"Brabourne Stadium, Mumbai",,Royal Challengers Bangalore,bat,Gujarat Titans,wickets,6,,,,R Tewatia,HAS Khalid,VK Sharma,,20,171,Shakti Singh,Nitin Menon,Chirra Ravikanthreddy,,,,,1304089
137,1304096.yaml,2022,50,2022-05-05,Delhi Capitals,Sunrisers Hyderabad,Mumbai,"Brabourne Stadium, Mumbai",,Sunrisers Hyderabad,field,Delhi Capitals,runs,21,,,,DA Warner,Navdeep Singh,NA Patwardhan,,20,208,Shakti Singh,Nitin Menon,N Pandit,,,,,1304096
138,1304097.yaml,2022,51,2022-05-06,Mumbai Indians,Gujarat Titans,Mumbai,"Brabourne Stadium, Mumbai",,Gujarat Titans,field,Mumbai Indians,runs,5,,,,TH David,J Madanagopal,GR Sadashiv Iyer,,20,178,M Nayyar,BNJ Oxenford,R Pandit,,,,,1304097
139,1304106.yaml,2022,60,2022-05-13,Punjab Kings,Royal Challengers Bangalore,Mumbai,"Brabourne Stadium, Mumbai",,Royal Challengers Bangalore,field,Punjab Kings,runs,54,,,,JM Bairstow,J Madanagopal,N Pandit,,20,210,J Srinath,Navdeep Singh,Vinod Seshan,,,,,1304106
140,1304109.yaml,2022,63,2022-05-15,Rajasthan Royals,Lucknow Super Giants,Mumbai,"Brabourne Stadium, Mumbai",,Rajasthan Royals,bat,Rajasthan Royals,runs,24,,,,TA Boult,PG Pathak,Tapan Sharma,,20,179,Prakash Bhatt,BNJ Oxenford,YC Barde,,,,,1304109
141,1304114.yaml,2022,68,2022-05-20,Chennai Super Kings,Rajasthan Royals,Mumbai,"Brabourne Stadium, Mumbai",,Chennai Super Kings,bat,Rajasthan Royals,wickets,5,,,,R Ashwin,CB Gaffaney,NA Patwardhan,,20,151,M Nayyar,YC Barde,PG Pathak,,,,,1304114
142,335994.yaml,2007/08,14,2008-04-27,Mumbai Indians,Deccan Chargers,Mumbai,Dr DY Patil Sports Academy,,Deccan Chargers,field,Deccan Chargers,wickets,10,,,,AC Gilchrist,Asad Rauf,SL Shastri,,20,155,S Venkataraghavan,DJ Harper,VD Nerurkar,,,,,335994
143,336004.yaml,2007/08,23,2008-05-04,Mumbai Indians,Delhi Daredevils,Mumbai,Dr DY Patil Sports Academy,,Delhi Daredevils,field,Mumbai Indians,runs,29,,,,SM Pollock,IL Howell,RE Koertzen,,20,163,J Srinath,BF Bowden,UL Dubey,,,,,336004
144,336008.yaml,2007/08,27,2008-05-07,Mumbai Indians,Rajasthan Royals,Mumbai,Dr DY Patil Sports Academy,,Mumbai Indians,field,Mumbai Indians,wickets,7,,,,A Nehra,DJ Harper,RE Koertzen,,20,104,Talat Ali,BF Bowden,UL Dubey,,,,,336008
145,336040.yaml,2007/08,,2008-06-01,Chennai Super Kings,Rajasthan Royals,Mumbai,Dr DY Patil Sports Academy,,Rajasthan Royals,field,Rajasthan Royals,wickets,3,,,,YK Pathan,BF Bowden,RE Koertzen,Final,20,164,J Srinath,DJ Harper,MR Singh,,,,,336040
146,419106.yaml,2009/10,1,2010-03-12,Deccan Chargers,Kolkata Knight Riders,Mumbai,Dr DY Patil Sports Academy,,Deccan Chargers,field,Kolkata Knight Riders,runs,11,,,,AD Mathews,RE Koertzen,RB Tiffin,,20,162,AJ Pycroft,BG Jerling,SN Bandekar,,,,,419106
147,419130.yaml,2009/10,25,2010-03-28,Deccan Chargers,Mumbai Indians,Mumbai,Dr DY Patil Sports Academy,,Deccan Chargers,field,Mumbai Indians,runs,41,,,,Harbhajan Singh,S Das,K Hariharan,,20,173,GR Viswanath,DJ Harper,SN Bandekar,,,,,419130
148,419162.yaml,2009/10,,2010-04-21,Royal Challengers Bangalore,Mumbai Indians,Mumbai,Dr DY Patil Sports Academy,,Mumbai Indians,bat,Mumbai Indians,runs,35,,,,KA Pollard,BR Doctrove,RB Tiffin,Semi Final,20,185,J Srinath,DJ Harper,SN Bandekar,,,,,419162
149,419163.yaml,2009/10,,2010-04-22,Chennai Super Kings,Deccan Chargers,Mumbai,Dr DY Patil Sports Academy,,Chennai Super Kings,bat,Chennai Super Kings,runs,38,,,,DE Bollinger,BR Doctrove,RB Tiffin,Semi Final,20,143,J Srinath,DJ Harper,SN Bandekar,,,,,419163
150,419164.yaml,2009/10,,2010-04-24,Royal Challengers Bangalore,Deccan Chargers,Mumbai,Dr DY Patil Sports Academy,,Deccan Chargers,bat,Royal Challengers Bangalore,wickets,9,,,,A Kumble,RE Koertzen,SJA Taufel,3rd Place Play-Off,20,83,S Venkataraghavan,S Ravi,SN Bandekar,,,,,419164
151,419165.yaml,2009/10,,2010-04-25,Chennai Super Kings,Mumbai Indians,Mumbai,Dr DY Patil Sports Academy,,Chennai Super Kings,bat,Chennai Super Kings,runs,22,,,,SK Raina,RE Koertzen,SJA Taufel,Final,20,169,S Venkataraghavan,S Ravi,SN Bandekar,,,,,419165
152,501202.yaml,2011,5,2011-04-10,Pune Warriors,Kings XI Punjab,Mumbai,Dr DY Patil Sports Academy,,Kings XI Punjab,bat,Pune Warriors,wickets,7,,,,SB Wagh,BR Doctrove,PR Reiffel,,20,113,J Srinath,S Asnani,NA Patwardhan,,,,,501202
153,501207.yaml,2011,10,2011-04-13,Pune Warriors,Kochi Tuskers Kerala,Mumbai,Dr DY Patil Sports Academy,,Kochi Tuskers Kerala,bat,Pune Warriors,wickets,4,,,,MD Mishra,S Asnani,PR Reiffel,,20,149,J Srinath,BR Doctrove,NA Patwardhan,,,,,501207
154,501213.yaml,2011,16,2011-04-17,Pune Warriors,Delhi Daredevils,Mumbai,Dr DY Patil Sports Academy,,Delhi Daredevils,field,Delhi Daredevils,wickets,3,,,,Yuvraj Singh,Asad Rauf,AM Saheba,,20,188,S Venkataraghavan,SL Shastri,NA Patwardhan,,,,,501213
155,501228.yaml,2011,31,2011-04-27,Pune Warriors,Chennai Super Kings,Mumbai,Dr DY Patil Sports Academy,,Pune Warriors,bat,Chennai Super Kings,wickets,8,,,,DE Bollinger,Asad Rauf,SL Shastri,,20,142,GF Labrooy,AM Saheba,NA Patwardhan,,,,,501228
156,501241.yaml,2011,44,2011-05-04,Pune Warriors,Mumbai Indians,Mumbai,Dr DY Patil Sports Academy,,Pune Warriors,field,Mumbai Indians,runs,21,,,,R Sharma,HDPK Dharmasena,SJA Taufel,,20,161,Raju Mukherjee,K Hariharan,NA Patwardhan,,,,,501241
157,501259.yaml,2011,62,2011-05-16,Pune Warriors,Deccan Chargers,Mumbai,Dr DY Patil Sports Academy,,Deccan Chargers,field,Deccan Chargers,wickets,6,,,,A Mishra,S Ravi,SK Tarapore,,20,137,D Govindjee,SJA Taufel,NA Patwardhan,,,,,501259
158,501262.yaml,2011,65,2011-05-19,Pune Warriors,Kolkata Knight Riders,Mumbai,Dr DY Patil Sports Academy,,Kolkata Knight Riders,field,Kolkata Knight Riders,wickets,7,,,,YK Pathan,S Ravi,SJA Taufel,,20,119,D Govindjee,SK Tarapore,NA Patwardhan,,,,,501262
159,1304049.yaml,2022,3,2022-03-27,Royal Challengers Bangalore,Punjab Kings,Mumbai,"Dr DY Patil Sports Academy, Mumbai",,Punjab Kings,field,Punjab Kings,wickets,5,,,,OF Smith,Nitin Menon,YC Barde,,20,206,M Nayyar,AK Chaudhary,R Pandit,,,,,1304049
160,1304052.yaml,2022,6,2022-03-30,Kolkata Knight Riders,Royal Challengers Bangalore,Mumbai,"Dr DY Patil Sports Academy, Mumbai",,Royal Challengers Bangalore,field,Royal Challengers Bangalore,wickets,3,,,,PWH de Silva,J Madanagopal,Navdeep Singh,,20,129,M Nayyar,Nitin Menon,Chirra Ravikanthreddy,,,,,1304052
161,1304055.yaml,2022,9,2022-04-02,Rajasthan Royals,Mumbai Indians,Mumbai,"Dr DY Patil Sports Academy, Mumbai",,Mumbai Indians,field,Rajasthan Royals,runs,23,,,,JC Buttler,Nitin Menon,PG Pathak,,20,194,DS Manohar,VK Sharma,N Pandit,,,,,1304055
162,1304058.yaml,2022,12,2022-04-04,Lucknow Super Giants,Sunrisers Hyderabad,Mumbai,"Dr DY Patil Sports Academy, Mumbai",,Sunrisers Hyderabad,field,Lucknow Super Giants,runs,12,,,,Avesh Khan,J Madanagopal,Navdeep Singh,,20,170,M Nayyar,VK Sharma,GR Sadashiv Iyer,,,,,1304058
163,1304061.yaml,2022,15,2022-04-07,Delhi Capitals,Lucknow Super Giants,Mumbai,"Dr DY Patil Sports Academy, Mumbai",,Lucknow Super Giants,field,Lucknow Super Giants,wickets,6,,,,Q de Kock,RJ Tucker,Tapan Sharma,,20,150,Shakti Singh,J Madanagopal,A Totre,,,,,1304061
164,1304063.yaml,2022,17,2022-04-09,Chennai Super Kings,Sunrisers Hyderabad,Mumbai,"Dr DY Patil Sports Academy, Mumbai",,Sunrisers Hyderabad,field,Sunrisers Hyderabad,wickets,8,,,,Abhishek Sharma,Navdeep Singh,Nitin Menon,,20,155,J Srinath,YC Barde,N Pandit,,,,,1304063
165,1304067.yaml,2022,21,2022-04-11,Gujarat Titans,Sunrisers Hyderabad,Mumbai,"Dr DY Patil Sports Academy, Mumbai",,Sunrisers Hyderabad,field,Sunrisers Hyderabad,wickets,8,,,,KS Williamson,Chirra Ravikanthreddy,RJ Tucker,,20,163,DS Manohar,VK Sharma,NA Patwardhan,,,,,1304067
166,1304068.yaml,2022,22,2022-04-12,Chennai Super Kings,Royal Challengers Bangalore,Mumbai,"Dr DY Patil Sports Academy, Mumbai",,Royal Challengers Bangalore,field,Chennai Super Kings,runs,23,,,,S Dube,Nitin Menon,N Pandit,,20,217,J Srinath,YC Barde,A Totre,,,,,1304068
167,1304070.yaml,2022,24,2022-04-14,Gujarat Titans,Rajasthan Royals,Mumbai,"Dr DY Patil Sports Academy, Mumbai",,Rajasthan Royals,field,Gujarat Titans,runs,37,,,,HH Pandya,CB Gaffaney,R Pandit,,20,193,M Nayyar,J Madanagopal,Tapan Sharma,,,,,1304070
168,1304074.yaml,2022,28,2022-04-17,Punjab Kings,Sunrisers Hyderabad,Mumbai,"Dr DY Patil Sports Academy, Mumbai",,Sunrisers Hyderabad,field,Sunrisers Hyderabad,wickets,7,,,,Umran Malik,PG Pathak,R Pandit,,20,152,DS Manohar,RJ Tucker,A Totre,,,,,1304074
169,1304077.yaml,2022,31,2022-04-19,Royal Challengers Bangalore,Lucknow Super Giants,Mumbai,"Dr DY Patil Sports Academy, Mumbai",,Lucknow Super Giants,field,Royal Challengers Bangalore,runs,18,,,,F du Plessis,CB Gaffaney,N Pandit,,20,182,Prakash Bhatt,J Madanagopal,Chirra Ravikanthreddy,,,,,1304077
170,1304079.yaml,2022,33,2022-04-21,Mumbai Indians,Chennai Super Kings,Navi Mumbai,"Dr DY Patil Sports Academy, Mumbai",,Chennai Super Kings,field,Chennai Super Kings,wickets,3,,,,Mukesh Choudhary,BNJ Oxenford,UV Gandhe,,20,156,V Narayan Kutty,KN Ananthapadmanabhan,MV Saidharshan Kumar,,,,,1304079
171,1304081.yaml,2022,35,2022-04-23,Gujarat Titans,Kolkata Knight Riders,Navi Mumbai,"Dr DY Patil Sports Academy, Mumbai",,Gujarat Titans,bat,Gujarat Titans,runs,8,,,,Rashid Khan,KN Ananthapadmanabhan,UV Gandhe,,20,157,V Narayan Kutty,BNJ Oxenford,Vinod Seshan,,,,,1304081
172,1304090.yaml,2022,44,2022-04-30,Rajasthan Royals,Mumbai Indians,Navi Mumbai,"Dr DY Patil Sports Academy, Mumbai",,Mumbai Indians,field,Mumbai Indians,wickets,5,,,,SA Yadav,BNJ Oxenford,YC Barde,,20,159,M Nayyar,Navdeep Singh,Tapan Sharma,,,,,1304090
173,1304094.yaml,2022,48,2022-05-03,Gujarat Titans,Punjab Kings,Navi Mumbai,"Dr DY Patil Sports Academy, Mumbai",,Gujarat Titans,bat,Punjab Kings,wickets,8,,,,K Rabada,R Pandit,VK Sharma,,20,144,DS Manohar,HAS Khalid,UV Gandhe,,,,,1304094
174,1304101.yaml,2022,55,2022-05-08,Chennai Super Kings,Delhi Capitals,Navi Mumbai,"Dr DY Patil Sports Academy, Mumbai",,Delhi Capitals,field,Chennai Super Kings,runs,91,,,,DP Conway,Nitin Menon,R Pandit,,20,209,M Nayyar,HAS Khalid,Tapan Sharma,,,,,1304101
175,1304102.yaml,2022,56,2022-05-09,Kolkata Knight Riders,Mumbai Indians,Navi Mumbai,"Dr DY Patil Sports Academy, Mumbai",,Mumbai Indians,field,Kolkata Knight Riders,runs,52,,,,JJ Bumrah,CB Gaffaney,GR Sadashiv Iyer,,20,166,Prakash Bhatt,BNJ Oxenford,Chirra Ravikanthreddy,,,,,1304102
176,1304104.yaml,2022,58,2022-05-11,Rajasthan Royals,Delhi Capitals,Navi Mumbai,"Dr DY Patil Sports Academy, Mumbai",,Delhi Capitals,field,Delhi Capitals,wickets,8,,,,MR Marsh,NA Patwardhan,Nitin Menon,,20,161,M Nayyar,VK Sharma,Tapan Sharma,,,,,1304104
177,1304110.yaml,2022,64,2022-05-16,Delhi Capitals,Punjab Kings,Navi Mumbai,"Dr DY Patil Sports Academy, Mumbai",,Punjab Kings,field,Delhi Capitals,runs,17,,,,SN Thakur,GR Sadashiv Iyer,Nitin Menon,,20,160,Prakash Bhatt,MA Gough,Navdeep Singh,,,,,1304110
178,1304112.yaml,2022,66,2022-05-18,Lucknow Super Giants,Kolkata Knight Riders,Navi Mumbai,"Dr DY Patil Sports Academy, Mumbai",,Lucknow Super Giants,bat,Lucknow Super Giants,runs,2,,,,Q de Kock,R Pandit,YC Barde,,20,211,M Nayyar,BNJ Oxenford,NA Patwardhan,,,,,1304112
179,548311.yaml,2012,6,2012-04-07,Deccan Chargers,Chennai Super Kings,Visakhapatnam,Dr. Y.S. Rajasekhara Reddy ACA-VDCA Cricket Stadium,,Deccan Chargers,field,Chennai Super Kings,runs,74,,,,RA Jadeja,JD Cloete,HDPK Dharmasena,,20,194,GF Labrooy,AK Chaudhary,R Subramanian,,,,,548311
180,548314.yaml,2012,9,2012-04-09,Deccan Chargers,Mumbai Indians,Visakhapatnam,Dr. Y.S. Rajasekhara Reddy ACA-VDCA Cricket Stadium,,Deccan Chargers,bat,Mumbai Indians,wickets,5,,,,RG Sharma,AK Chaudhary,JD Cloete,,20,139,GF Labrooy,HDPK Dharmasena,R Subramanian,,,,,548314
181,829727.yaml,2015,11,2015-04-16,Sunrisers Hyderabad,Rajasthan Royals,Visakhapatnam,Dr. Y.S. Rajasekhara Reddy ACA-VDCA Cricket Stadium,,Rajasthan Royals,field,Rajasthan Royals,wickets,6,,,,AM Rahane,PG Pathak,S Ravi,,20,128,M Nayyar,C Shamshuddin,VK Sharma,,,,,829727
182,829731.yaml,2015,13,2015-04-18,Sunrisers Hyderabad,Delhi Daredevils,Visakhapatnam,Dr. Y.S. Rajasekhara Reddy ACA-VDCA Cricket Stadium,,Delhi Daredevils,bat,Delhi Daredevils,runs,4,,,,JP Duminy,PG Pathak,S Ravi,,20,168,M Nayyar,C Shamshuddin,VK Sharma,,,,,829731
183,829743.yaml,2015,19,2015-04-22,Sunrisers Hyderabad,Kolkata Knight Riders,Visakhapatnam,Dr. Y.S. Rajasekhara Reddy ACA-VDCA Cricket Stadium,,Kolkata Knight Riders,field,Sunrisers Hyderabad,runs,16,,D/L,,DA Warner,RK Illingworth,VA Kulkarni,,12,118,M Nayyar,RM Deshpande,K Bharatan,,,,,829743
184,980973.yaml,2016,37,2016-05-08,Mumbai Indians,Sunrisers Hyderabad,Visakhapatnam,Dr. Y.S. Rajasekhara Reddy ACA-VDCA Cricket Stadium,,Mumbai Indians,field,Sunrisers Hyderabad,runs,85,,,,A Nehra,S Ravi,C Shamshuddin,,20,178,RS Madugalle,Nitin Menon,Navdeep Singh,,,,,980973
185,980979.yaml,2016,40,2016-05-10,Rising Pune Supergiants,Sunrisers Hyderabad,Visakhapatnam,Dr. Y.S. Rajasekhara Reddy ACA-VDCA Cricket Stadium,,Sunrisers Hyderabad,bat,Sunrisers Hyderabad,runs,4,,,,A Zampa,CB Gaffaney,VK Sharma,,20,138,S Chaturvedi,BNJ Oxenford,YC Barde,,,,,980979
186,980985.yaml,2016,43,2016-05-13,Mumbai Indians,Kings XI Punjab,Visakhapatnam,Dr. Y.S. Rajasekhara Reddy ACA-VDCA Cricket Stadium,,Mumbai Indians,bat,Kings XI Punjab,wickets,7,,,,MP Stoinis,HDPK Dharmasena,CK Nandan,,20,125,RS Mahanama,AK Chaudhary,R Pandit,,,,,980985
187,980993.yaml,2016,47,2016-05-15,Mumbai Indians,Delhi Daredevils,Visakhapatnam,Dr. Y.S. Rajasekhara Reddy ACA-VDCA Cricket Stadium,,Delhi Daredevils,field,Mumbai Indians,runs,80,,,,KH Pandya,Nitin Menon,CK Nandan,,20,207,Amit Sharma,AK Chaudhary,R Pandit,,,,,980993
188,980997.yaml,2016,49,2016-05-17,Rising Pune Supergiants,Delhi Daredevils,Visakhapatnam,Dr. Y.S. Rajasekhara Reddy ACA-VDCA Cricket Stadium,,Rising Pune Supergiants,field,Rising Pune Supergiants,runs,19,,D/L,,AB Dinda,Nitin Menon,C Shamshuddin,,11,58,RS Mahanama,HDPK Dharmasena,Navdeep Singh,,,,,980997
189,981005.yaml,2016,53,2016-05-21,Rising Pune Supergiants,Kings XI Punjab,Visakhapatnam,Dr. Y.S. Rajasekhara Reddy ACA-VDCA Cricket Stadium,,Kings XI Punjab,bat,Rising Pune Supergiants,wickets,4,,,,MS Dhoni,HDPK Dharmasena,Nitin Menon,,20,173,RS Madugalle,C Shamshuddin,Navdeep Singh,,,,,981005
190,1181766.yaml,2019,,2019-05-08,Sunrisers Hyderabad,Delhi Capitals,Visakhapatnam,Dr. Y.S. Rajasekhara Reddy ACA-VDCA Cricket Stadium,,Delhi Capitals,field,Delhi Capitals,wickets,2,,,,RR Pant,BNJ Oxenford,S Ravi,Eliminator,20,163,AJ Pycroft,AK Chaudhary,C Shamshuddin,,,,,1181766
191,1181767.yaml,2019,,2019-05-10,Delhi Capitals,Chennai Super Kings,Visakhapatnam,Dr. Y.S. Rajasekhara Reddy ACA-VDCA Cricket Stadium,,Chennai Super Kings,field,Chennai Super Kings,wickets,6,,,,F du Plessis,BNJ Oxenford,S Ravi,Qualifier 2,20,148,AJ Pycroft,C Shamshuddin,AK Chaudhary,,,,,1181767
192,729287.yaml,2014,5,2014-04-19,Royal Challengers Bangalore,Mumbai Indians,,Dubai International Cricket Stadium,1,Royal Challengers Bangalore,field,Royal Challengers Bangalore,wickets,7,,,,PA Patel,Aleem Dar,AK Chaudhary,,20,116,GF Labrooy,VA Kulkarni,K Srinivasan,,,,,729287
193,729289.yaml,2014,6,2014-04-19,Kolkata Knight Riders,Delhi Daredevils,,Dubai International Cricket Stadium,1,Kolkata Knight Riders,bat,Delhi Daredevils,wickets,4,,,,JP Duminy,Aleem Dar,VA Kulkarni,,20,167,GF Labrooy,AK Chaudhary,K Srinivasan,,,,,729289
194,729297.yaml,2014,10,2014-04-23,Rajasthan Royals,Chennai Super Kings,,Dubai International Cricket Stadium,1,Rajasthan Royals,field,Chennai Super Kings,runs,7,,,,RA Jadeja,HDPK Dharmasena,RK Illingworth,,20,141,GF Labrooy,C Shamshuddin,K Srinivasan,,,,,729297
195,729301.yaml,2014,12,2014-04-25,Sunrisers Hyderabad,Delhi Daredevils,,Dubai International Cricket Stadium,1,Sunrisers Hyderabad,bat,Sunrisers Hyderabad,runs,4,,,,AJ Finch,M Erasmus,S Ravi,,20,185,GF Labrooy,BF Bowden,K Srinivasan,,,,,729301
196,729303.yaml,2014,13,2014-04-25,Chennai Super Kings,Mumbai Indians,,Dubai International Cricket Stadium,1,Mumbai Indians,bat,Chennai Super Kings,wickets,7,,,,MM Sharma,BF Bowden,M Erasmus,,20,142,GF Labrooy,S Ravi,K Srinivasan,,,,,729303
197,729313.yaml,2014,18,2014-04-28,Kings XI Punjab,Royal Challengers Bangalore,,Dubai International Cricket Stadium,1,Kings XI Punjab,field,Kings XI Punjab,wickets,5,,,,Sandeep Sharma,BF Bowden,S Ravi,,20,125,AJ Pycroft,M Erasmus,K Srinivasan,,,,,729313
198,729317.yaml,2014,20,2014-04-30,Mumbai Indians,Sunrisers Hyderabad,,Dubai International Cricket Stadium,1,Mumbai Indians,field,Sunrisers Hyderabad,runs,15,,,,B Kumar,HDPK Dharmasena,M Erasmus,,20,173,AJ Pycroft,S Ravi,K Srinivasan,,,,,729317
199,1216498.yaml,2020/21,43,2020-10-24,Kings XI Punjab,Sunrisers Hyderabad,,Dubai International Cricket Stadium,,Sunrisers Hyderabad,field,Kings XI Punjab,runs,12,,,,CJ Jordan,AY Dandekar,PR Reiffel,,20,127,J Srinath,Nitin Menon,YC Barde,,,,,1216498
200,1216504.yaml,2020/21,12,2020-09-30,Kolkata Knight Riders,Rajasthan Royals,,Dubai International Cricket Stadium,,Rajasthan Royals,field,Kolkata Knight Riders,runs,37,,,,Shivam Mavi,KN Ananthapadmanabhan,C Shamshuddin,,20,175,V Narayan Kutty,VA Kulkarni,K Srinivasan,,,,,1216504
201,1216507.yaml,2020/21,26,2020-10-11,Sunrisers Hyderabad,Rajasthan Royals,,Dubai International Cricket Stadium,,Sunrisers Hyderabad,bat,Rajasthan Royals,wickets,5,,,,R Tewatia,YC Barde,PR Reiffel,,20,159,Prakash Bhatt,Nitin Menon,AY Dandekar,,,,,1216507
202,1216510.yaml,2020/21,6,2020-09-24,Kings XI Punjab,Royal Challengers Bangalore,,Dubai International Cricket Stadium,,Royal Challengers Bangalore,field,Kings XI Punjab,runs,97,,,,KL Rahul,AK Chaudhary,PR Reiffel,,20,207,J Srinath,Nitin Menon,AY Dandekar,,,,,1216510
203,1216513.yaml,2020/21,18,2020-10-04,Kings XI Punjab,Chennai Super Kings,,Dubai International Cricket Stadium,,Kings XI Punjab,bat,Chennai Super Kings,wickets,10,,,,SR Watson,AY Dandekar,Nitin Menon,,20,179,J Srinath,PR Reiffel,YC Barde,,,,,1216513
204,1216516.yaml,2020/21,14,2020-10-02,Sunrisers Hyderabad,Chennai Super Kings,,Dubai International Cricket Stadium,,Sunrisers Hyderabad,bat,Sunrisers Hyderabad,runs,7,,,,PK Garg,AK Chaudhary,PR Reiffel,,20,165,Prakash Bhatt,YC Barde,AY Dandekar,,,,,1216516
205,1216518.yaml,2020/21,40,2020-10-22,Rajasthan Royals,Sunrisers Hyderabad,,Dubai International Cricket Stadium,,Sunrisers Hyderabad,field,Sunrisers Hyderabad,wickets,8,,,,MK Pandey,Nitin Menon,PR Reiffel,,20,155,J Srinath,AK Chaudhary,AY Dandekar,,,,,1216518
206,1216519.yaml,2020/21,19,2020-10-05,Delhi Capitals,Royal Challengers Bangalore,,Dubai International Cricket Stadium,,Royal Challengers Bangalore,field,Delhi Capitals,runs,59,,,,AR Patel,Nitin Menon,YC Barde,,20,197,Prakash Bhatt,PR Reiffel,AY Dandekar,,,,,1216519
207,1216522.yaml,2020/21,33,2020-10-17,Rajasthan Royals,Royal Challengers Bangalore,,Dubai International Cricket Stadium,,Rajasthan Royals,bat,Royal Challengers Bangalore,wickets,7,,,,AB de Villiers,AK Chaudhary,Nitin Menon,,20,178,J Srinath,PR Reiffel,YC Barde,,,,,1216522
208,1216524.yaml,2020/21,47,2020-10-27,Sunrisers Hyderabad,Delhi Capitals,,Dubai International Cricket Stadium,,Delhi Capitals,field,Sunrisers Hyderabad,runs,88,,,,WP Saha,AK Chaudhary,Nitin Menon,,20,220,J Srinath,PR Reiffel,AY Dandekar,,,,,1216524
209,1216525.yaml,2020/21,25,2020-10-10,Royal Challengers Bangalore,Chennai Super Kings,,Dubai International Cricket Stadium,,Royal Challengers Bangalore,bat,Royal Challengers Bangalore,runs,37,,,,V Kohli,AK Chaudhary,PR Reiffel,,20,170,J Srinath,AY Dandekar,YC Barde,,,,,1216525
210,1216528.yaml,2020/21,29,2020-10-13,Chennai Super Kings,Sunrisers Hyderabad,,Dubai International Cricket Stadium,,Chennai Super Kings,bat,Chennai Super Kings,runs,20,,,,RA Jadeja,AK Chaudhary,PR Reiffel,,20,168,J Srinath,Nitin Menon,YC Barde,,,,,1216528
211,1216530.yaml,2020/21,54,2020-11-01,Kolkata Knight Riders,Rajasthan Royals,,Dubai International Cricket Stadium,,Rajasthan Royals,field,Kolkata Knight Riders,runs,60,,,,PJ Cummins,Nitin Menon,PR Reiffel,,20,192,Shakti Singh,AK Chaudhary,YC Barde,,,,,1216530
212,1216534.yaml,2020/21,3,2020-09-21,Royal Challengers Bangalore,Sunrisers Hyderabad,,Dubai International Cricket Stadium,,Sunrisers Hyderabad,field,Royal Challengers Bangalore,runs,10,,,,YS Chahal,AY Dandekar,Nitin Menon,,20,164,Prakash Bhatt,AK Chaudhary,YC Barde,,,,,1216534
213,1216535.yaml,2020/21,51,2020-10-31,Delhi Capitals,Mumbai Indians,,Dubai International Cricket Stadium,,Mumbai Indians,field,Mumbai Indians,wickets,9,,,,Ishan Kishan,YC Barde,PR Reiffel,,20,111,J Srinath,AK Chaudhary,AY Dandekar,,,,,1216535
214,1216536.yaml,2020/21,49,2020-10-29,Kolkata Knight Riders,Chennai Super Kings,,Dubai International Cricket Stadium,,Chennai Super Kings,field,Chennai Super Kings,wickets,6,,,,RD Gaikwad,C Shamshuddin,RK Illingworth,,20,173,Prakash Bhatt,KN Ananthapadmanabhan,K Srinivasan,,,,,1216536
215,1216539.yaml,2020/21,7,2020-09-25,Delhi Capitals,Chennai Super Kings,,Dubai International Cricket Stadium,,Chennai Super Kings,field,Delhi Capitals,runs,44,,,,PP Shaw,KN Ananthapadmanabhan,RK Illingworth,,20,176,V Narayan Kutty,K Srinivasan,VA Kulkarni,,,,,1216539
216,1216542.yaml,2020/21,22,2020-10-08,Sunrisers Hyderabad,Kings XI Punjab,,Dubai International Cricket Stadium,,Sunrisers Hyderabad,bat,Sunrisers Hyderabad,runs,69,,,,JM Bairstow,AK Chaudhary,Nitin Menon,,20,202,J Srinath,YC Barde,AY Dandekar,,,,,1216542
217,1216543.yaml,2020/21,30,2020-10-14,Delhi Capitals,Rajasthan Royals,,Dubai International Cricket Stadium,,Delhi Capitals,bat,Delhi Capitals,runs,13,,,,A Nortje,AK Chaudhary,Nitin Menon,,20,162,J Srinath,AY Dandekar,YC Barde,,,,,1216543
218,1216544.yaml,2020/21,44,2020-10-25,Royal Challengers Bangalore,Chennai Super Kings,,Dubai International Cricket Stadium,,Royal Challengers Bangalore,bat,Chennai Super Kings,wickets,8,,,,RD Gaikwad,C Shamshuddin,RK Illingworth,,20,146,Prakash Bhatt,KN Ananthapadmanabhan,VA Kulkarni,,,,,1216544
219,1216546.yaml,2020/21,38,2020-10-20,Delhi Capitals,Kings XI Punjab,,Dubai International Cricket Stadium,,Delhi Capitals,bat,Kings XI Punjab,wickets,5,,,,S Dhawan,C Shamshuddin,RK Illingworth,,20,165,Prakash Bhatt,KN Ananthapadmanabhan,K Srinivasan,,,,,1216546
220,1237177.yaml,2020/21,,2020-11-05,Mumbai Indians,Delhi Capitals,,Dubai International Cricket Stadium,,Delhi Capitals,field,Mumbai Indians,runs,57,,,,JJ Bumrah,CB Gaffaney,Nitin Menon,Qualifier 1,20,201,J Srinath,KN Ananthapadmanabhan,AK Chaudhary,,,,,1237177
221,1237181.yaml,2020/21,,2020-11-10,Delhi Capitals,Mumbai Indians,,Dubai International Cricket Stadium,,Delhi Capitals,bat,Mumbai Indians,wickets,5,,,,TA Boult,CB Gaffaney,Nitin Menon,Final,20,157,J Srinath,AK Chaudhary,KN Ananthapadmanabhan,,,,,1237181
222,1254094.yaml,2021,53,2021-10-07,Chennai Super Kings,Punjab Kings,Dubai,Dubai International Cricket Stadium,,Punjab Kings,field,Punjab Kings,wickets,6,,,,KL Rahul,K Srinivasan,RK Illingworth,,20,135,J Srinath,AY Dandekar,J Madanagopal,,,,,1254094
223,1254100.yaml,2021,40,2021-09-27,Rajasthan Royals,Sunrisers Hyderabad,Dubai,Dubai International Cricket Stadium,,Rajasthan Royals,bat,Sunrisers Hyderabad,wickets,7,,,,JJ Roy,KN Ananthapadmanabhan,Navdeep Singh,,20,165,J Srinath,RK Illingworth,AY Dandekar,,,,,1254100
224,1254101.yaml,2021,56,2021-10-08,Delhi Capitals,Royal Challengers Bangalore,Dubai,Dubai International Cricket Stadium,,Royal Challengers Bangalore,field,Royal Challengers Bangalore,wickets,7,,,,KS Bharat,KN Ananthapadmanabhan,Nitin Menon,,20,165,Prakash Bhatt,K Srinivasan,Navdeep Singh,,,,,1254101
225,1254102.yaml,2021,45,2021-10-01,Kolkata Knight Riders,Punjab Kings,Dubai,Dubai International Cricket Stadium,,Punjab Kings,field,Punjab Kings,wickets,5,,,,KL Rahul,KN Ananthapadmanabhan,RK Illingworth,,20,166,M Nayyar,AY Dandekar,J Madanagopal,,,,,1254102
226,1254103.yaml,2021,43,2021-09-29,Rajasthan Royals,Royal Challengers Bangalore,Dubai,Dubai International Cricket Stadium,,Royal Challengers Bangalore,field,Royal Challengers Bangalore,wickets,7,,,,YS Chahal,AY Dandekar,KN Ananthapadmanabhan,,20,150,M Nayyar,RK Illingworth,K Srinivasan,,,,,1254103
227,1254104.yaml,2021,30,2021-09-19,Chennai Super Kings,Mumbai Indians,Dubai,Dubai International Cricket Stadium,,Chennai Super Kings,bat,Chennai Super Kings,runs,20,,,,RD Gaikwad,Nitin Menon,RK Illingworth,,20,157,J Srinath,AK Chaudhary,AY Dandekar,,,,,1254104
228,1254105.yaml,2021,33,2021-09-22,Sunrisers Hyderabad,Delhi Capitals,Dubai,Dubai International Cricket Stadium,,Sunrisers Hyderabad,bat,Delhi Capitals,wickets,8,,,,A Nortje,KN Ananthapadmanabhan,RK Illingworth,,20,135,M Nayyar,J Madanagopal,K Srinivasan,,,,,1254105
229,1254108.yaml,2021,39,2021-09-26,Royal Challengers Bangalore,Mumbai Indians,Dubai,Dubai International Cricket Stadium,,Mumbai Indians,field,Royal Challengers Bangalore,runs,54,,,,GJ Maxwell,AK Chaudhary,MA Gough,,20,166,M Nayyar,Nitin Menon,HAS Khalid,,,,,1254108
230,1254109.yaml,2021,49,2021-10-03,Sunrisers Hyderabad,Kolkata Knight Riders,Dubai,Dubai International Cricket Stadium,,Sunrisers Hyderabad,bat,Kolkata Knight Riders,wickets,6,,,,Shubman Gill,J Madanagopal,MA Gough,,20,116,M Nayyar,Navdeep Singh,HAS Khalid,,,,,1254109
231,1254110.yaml,2021,50,2021-10-04,Chennai Super Kings,Delhi Capitals,Dubai,Dubai International Cricket Stadium,,Delhi Capitals,field,Delhi Capitals,wickets,3,,,,AR Patel,AK Chaudhary,Nitin Menon,,20,137,J Srinath,HAS Khalid,AY Dandekar,,,,,1254110
232,1254111.yaml,2021,32,2021-09-21,Rajasthan Royals,Punjab Kings,Dubai,Dubai International Cricket Stadium,,Punjab Kings,field,Rajasthan Royals,runs,2,,,,Kartik Tyagi,AK Chaudhary,MA Gough,,20,186,Prakash Bhatt,KN Ananthapadmanabhan,YC Barde,,,,,1254111
233,1254114.yaml,2021,,2021-10-10,Delhi Capitals,Chennai Super Kings,Dubai,Dubai International Cricket Stadium,,Chennai Super Kings,field,Chennai Super Kings,wickets,4,,,,RD Gaikwad,Nitin Menon,RK Illingworth,Qualifier 1,20,173,J Srinath,MA Gough,KN Ananthapadmanabhan,,,,,1254114
234,1254117.yaml,2021,,2021-10-15,Chennai Super Kings,Kolkata Knight Riders,Dubai,Dubai International Cricket Stadium,,Kolkata Knight Riders,field,Chennai Super Kings,runs,27,,,,F du Plessis,Nitin Menon,RK Illingworth,Final,20,193,J Srinath,S Ravi,VK Sharma,,,,,1254117
235,335986.yaml,2007/08,4,2008-04-20,Kolkata Knight Riders,Deccan Chargers,Kolkata,Eden Gardens,,Deccan Chargers,bat,Kolkata Knight Riders,wickets,5,,,,DJ Hussey,BF Bowden,K Hariharan,,20,111,FM Engineer,Asad Rauf,F Gomes,,,,,335986
236,335997.yaml,2007/08,16,2008-04-29,Kolkata Knight Riders,Mumbai Indians,Kolkata,Eden Gardens,,Kolkata Knight Riders,bat,Mumbai Indians,wickets,7,,,,ST Jayasuriya,BF Bowden,AV Jayaprakash,,20,138,S Venkataraghavan,MR Benson,SK Porel,,,,,335997
237,336010.yaml,2007/08,29,2008-05-08,Kolkata Knight Riders,Royal Challengers Bangalore,Kolkata,Eden Gardens,,Kolkata Knight Riders,bat,Kolkata Knight Riders,runs,5,,,,SC Ganguly,Asad Rauf,IL Howell,,16,130,FM Engineer,BR Doctrove,,,,,,336010
238,336017.yaml,2007/08,35,2008-05-13,Kolkata Knight Riders,Delhi Daredevils,Kolkata,Eden Gardens,,Kolkata Knight Riders,bat,Kolkata Knight Riders,runs,23,,,,Shoaib Akhtar,Asad Rauf,IL Howell,,20,134,Talat Ali,AV Jayaprakash,,,,,,336017
239,336025.yaml,2007/08,41,2008-05-18,Kolkata Knight Riders,Chennai Super Kings,Kolkata,Eden Gardens,,Kolkata Knight Riders,bat,Chennai Super Kings,runs,3,,D/L,,M Ntini,Asad Rauf,K Hariharan,,8,53,FM Engineer,AM Saheba,S Banerjee,,,,,336025
240,336027.yaml,2007/08,44,2008-05-20,Kolkata Knight Riders,Rajasthan Royals,Kolkata,Eden Gardens,,Rajasthan Royals,field,Rajasthan Royals,wickets,6,,,,YK Pathan,BG Jerling,RE Koertzen,,20,148,FM Engineer,K Hariharan,AK Mitra,,,,,336027
241,336035.yaml,2007/08,52,2008-05-25,Kolkata Knight Riders,Kings XI Punjab,Kolkata,Eden Gardens,,Kings XI Punjab,bat,Kolkata Knight Riders,wickets,3,,,,Umar Gul,SJ Davis,I Shivram,,20,175,S Venkataraghavan,BR Doctrove,,,,,,336035
242,419109.yaml,2009/10,4,2010-03-14,Kolkata Knight Riders,Royal Challengers Bangalore,Kolkata,Eden Gardens,,Kolkata Knight Riders,field,Kolkata Knight Riders,wickets,7,,,,MK Tiwary,HDPK Dharmasena,AM Saheba,,20,136,Yashpal Sharma,M Erasmus,R Shankar,,,,,419109
243,419113.yaml,2009/10,8,2010-03-16,Kolkata Knight Riders,Chennai Super Kings,Kolkata,Eden Gardens,,Chennai Super Kings,bat,Chennai Super Kings,runs,55,,,,MS Dhoni,HDPK Dharmasena,AM Saheba,,20,165,Yashpal Sharma,M Erasmus,R Shankar,,,,,419113
244,419135.yaml,2009/10,30,2010-04-01,Kolkata Knight Riders,Deccan Chargers,Kolkata,Eden Gardens,,Kolkata Knight Riders,bat,Kolkata Knight Riders,runs,24,,,,SC Ganguly,K Hariharan,DJ Harper,,20,182,GR Viswanath,S Asnani,R Shankar,,,,,419135
245,419139.yaml,2009/10,34,2010-04-04,Kolkata Knight Riders,Kings XI Punjab,Kolkata,Eden Gardens,,Kolkata Knight Riders,bat,Kings XI Punjab,wickets,8,,,,DPMD Jayawardene,S Asnani,DJ Harper,,20,201,J Srinath,K Hariharan,R Shankar,,,,,419139
246,419144.yaml,2009/10,39,2010-04-07,Kolkata Knight Riders,Delhi Daredevils,Kolkata,Eden Gardens,,Kolkata Knight Riders,bat,Kolkata Knight Riders,runs,14,,,,SC Ganguly,BG Jerling,RE Koertzen,,20,182,AJ Pycroft,RB Tiffin,R Shankar,,,,,419144
247,419158.yaml,2009/10,53,2010-04-17,Kolkata Knight Riders,Rajasthan Royals,Kolkata,Eden Gardens,,Rajasthan Royals,bat,Kolkata Knight Riders,wickets,8,,,,JD Unadkat,BG Jerling,RB Tiffin,,20,133,AJ Pycroft,RE Koertzen,R Shankar,,,,,419158
248,419161.yaml,2009/10,56,2010-04-19,Kolkata Knight Riders,Mumbai Indians,Kolkata,Eden Gardens,,Mumbai Indians,bat,Kolkata Knight Riders,wickets,9,,,,M Kartik,BG Jerling,RE Koertzen,,20,134,AJ Pycroft,RB Tiffin,R Shankar,,,,,419161
249,501203.yaml,2011,6,2011-04-11,Kolkata Knight Riders,Deccan Chargers,Kolkata,Eden Gardens,,Kolkata Knight Riders,bat,Kolkata Knight Riders,runs,9,,,,JH Kallis,RE Koertzen,SK Tarapore,,20,164,D Govindjee,S Ravi,S Das,,,,,501203
250,501214.yaml,2011,17,2011-04-17,Kolkata Knight Riders,Rajasthan Royals,Kolkata,Eden Gardens,,Kolkata Knight Riders,field,Kolkata Knight Riders,wickets,8,,,,L Balaji,Aleem Dar,RB Tiffin,,20,82,AJ Pycroft,SS Hazare,S Das,,,,,501214
251,501219.yaml,2011,22,2011-04-20,Kolkata Knight Riders,Kochi Tuskers Kerala,Kolkata,Eden Gardens,,Kolkata Knight Riders,field,Kochi Tuskers Kerala,runs,6,,,,DPMD Jayawardene,Aleem Dar,RB Tiffin,,20,133,AJ Pycroft,SS Hazare,S Das,,,,,501219
252,501222.yaml,2011,24,2011-04-22,Kolkata Knight Riders,Royal Challengers Bangalore,Kolkata,Eden Gardens,,Royal Challengers Bangalore,field,Royal Challengers Bangalore,wickets,9,,,,CH Gayle,SS Hazare,RB Tiffin,,20,172,AJ Pycroft,Aleem Dar,S Das,,,,,501222
253,501234.yaml,2011,37,2011-04-30,Kolkata Knight Riders,Kings XI Punjab,Kolkata,Eden Gardens,,Kolkata Knight Riders,field,Kolkata Knight Riders,wickets,8,,,,Iqbal Abdulla,AM Saheba,SL Shastri,,20,120,GF Labrooy,RJ Tucker,S Das,,,,,501234
254,501245.yaml,2011,48,2011-05-07,Kolkata Knight Riders,Chennai Super Kings,Kolkata,Eden Gardens,,Chennai Super Kings,bat,Kolkata Knight Riders,runs,10,,D/L,,Iqbal Abdulla,Asad Rauf,PR Reiffel,,10,52,Raju Mukherjee,S Asnani,S Das,,,,,501245
255,501267.yaml,2011,70,2011-05-22,Kolkata Knight Riders,Mumbai Indians,Kolkata,Eden Gardens,,Mumbai Indians,field,Mumbai Indians,wickets,5,,,,JEC Franklin,SK Tarapore,SJA Taufel,,20,176,D Govindjee,S Ravi,S Das,,,,,501267
256,548307.yaml,2012,2,2012-04-05,Kolkata Knight Riders,Delhi Daredevils,Kolkata,Eden Gardens,,Delhi Daredevils,field,Delhi Daredevils,wickets,8,,,,IK Pathan,S Asnani,HDPK Dharmasena,,12,98,GF Labrooy,S Das,Premdip Chatterjee,,,,,548307
257,548320.yaml,2012,15,2012-04-13,Kolkata Knight Riders,Rajasthan Royals,Kolkata,Eden Gardens,,Rajasthan Royals,bat,Kolkata Knight Riders,wickets,5,,,,Shakib Al Hasan,Asad Rauf,S Asnani,,20,132,GF Labrooy,S Das,Premdip Chatterjee,,,,,548320
258,548323.yaml,2012,17,2012-04-15,Kolkata Knight Riders,Kings XI Punjab,Kolkata,Eden Gardens,,Kolkata Knight Riders,field,Kings XI Punjab,runs,2,,,,SP Narine,Asad Rauf,S Asnani,,20,135,GF Labrooy,S Das,Premdip Chatterjee,,,,,548323
259,548344.yaml,2012,38,2012-04-28,Kolkata Knight Riders,Royal Challengers Bangalore,Kolkata,Eden Gardens,,Kolkata Knight Riders,bat,Kolkata Knight Riders,runs,47,,,,G Gambhir,Asad Rauf,BR Doctrove,,20,191,RR Jadeja,S Asnani,AS Pathania,,,,,548344
260,548353.yaml,2012,47,2012-05-05,Kolkata Knight Riders,Pune Warriors,Kolkata,Eden Gardens,,Kolkata Knight Riders,bat,Kolkata Knight Riders,runs,7,,,,SP Narine,BF Bowden,SK Tarapore,,20,151,J Srinath,C Shamshuddin,AS Pathania,,,,,548353
261,548363.yaml,2012,58,2012-05-12,Kolkata Knight Riders,Mumbai Indians,Kolkata,Eden Gardens,,Mumbai Indians,bat,Mumbai Indians,runs,27,,,,RG Sharma,S Ravi,SJA Taufel,,20,183,J Srinath,JD Cloete,AS Pathania,,,,,548363
262,548368.yaml,2012,63,2012-05-14,Kolkata Knight Riders,Chennai Super Kings,Kolkata,Eden Gardens,,Chennai Super Kings,field,Chennai Super Kings,wickets,5,,,,MEK Hussey,JD Cloete,SJA Taufel,,20,159,Raju Mukherjee,S Ravi,AS Pathania,,,,,548368
263,597998.yaml,2013,1,2013-04-03,Kolkata Knight Riders,Delhi Daredevils,Kolkata,Eden Gardens,,Kolkata Knight Riders,field,Kolkata Knight Riders,wickets,6,,,,SP Narine,S Ravi,SJA Taufel,,20,129,DC Boon,S Asnani,AS Pathania,,,,,597998
264,598013.yaml,2013,17,2013-04-14,Kolkata Knight Riders,Sunrisers Hyderabad,Kolkata,Eden Gardens,,Kolkata Knight Riders,bat,Kolkata Knight Riders,runs,48,,,,G Gambhir,M Erasmus,VA Kulkarni,,20,181,RS Madugalle,K Srinath,AS Pathania,,,,,598013
265,598022.yaml,2013,26,2013-04-20,Kolkata Knight Riders,Chennai Super Kings,Kolkata,Eden Gardens,,Kolkata Knight Riders,bat,Chennai Super Kings,wickets,4,,,,RA Jadeja,Asad Rauf,AK Chaudhary,,20,120,Raju Mukherjee,S Asnani,AS Pathania,,,,,598022
266,598029.yaml,2013,33,2013-04-24,Kolkata Knight Riders,Mumbai Indians,Kolkata,Eden Gardens,,Kolkata Knight Riders,bat,Mumbai Indians,wickets,5,,,,DR Smith,HDPK Dharmasena,S Ravi,,20,160,RS Mahanama,CK Nandan,AS Pathania,,,,,598029
267,598031.yaml,2013,35,2013-04-26,Kolkata Knight Riders,Kings XI Punjab,Kolkata,Eden Gardens,,Kings XI Punjab,bat,Kolkata Knight Riders,wickets,6,,,,JH Kallis,CK Nandan,S Ravi,,20,150,RS Mahanama,HDPK Dharmasena,AS Pathania,,,,,598031
268,598043.yaml,2013,47,2013-05-03,Kolkata Knight Riders,Rajasthan Royals,Kolkata,Eden Gardens,,Rajasthan Royals,bat,Kolkata Knight Riders,wickets,8,,,,YK Pathan,HDPK Dharmasena,CK Nandan,,20,133,RS Mahanama,S Ravi,AS Pathania,,,,,598043
269,598072.yaml,2013,,2013-05-24,Mumbai Indians,Rajasthan Royals,Kolkata,Eden Gardens,,Rajasthan Royals,bat,Mumbai Indians,wickets,4,,,,Harbhajan Singh,C Shamshuddin,SJA Taufel,Qualifier 2,20,166,RS Madugalle,HDPK Dharmasena,K Srinath,,,,,598072
270,598073.yaml,2013,,2013-05-26,Chennai Super Kings,Mumbai Indians,Kolkata,Eden Gardens,,Mumbai Indians,bat,Mumbai Indians,runs,23,,,,KA Pollard,HDPK Dharmasena,SJA Taufel,Final,20,149,RS Madugalle,C Shamshuddin,K Srinath,,,,,598073
271,734023.yaml,2014,47,2014-05-20,Kolkata Knight Riders,Chennai Super Kings,Kolkata,Eden Gardens,,Kolkata Knight Riders,field,Kolkata Knight Riders,wickets,8,,,,RV Uthappa,RM Deshpande,C Shamshuddin,,20,155,J Srinath,BNJ Oxenford,Nitin Menon,,,,,734023
272,734027.yaml,2014,49,2014-05-22,Kolkata Knight Riders,Royal Challengers Bangalore,Kolkata,Eden Gardens,,Royal Challengers Bangalore,field,Kolkata Knight Riders,runs,30,,,,RV Uthappa,AK Chaudhary,CK Nandan,,20,196,RS Madugalle,NJ Llong,Nitin Menon,,,,,734027
273,734037.yaml,2014,54,2014-05-24,Kolkata Knight Riders,Sunrisers Hyderabad,Kolkata,Eden Gardens,,Kolkata Knight Riders,field,Kolkata Knight Riders,wickets,4,,,,YK Pathan,RM Deshpande,BNJ Oxenford,,20,161,J Srinath,C Shamshuddin,Nitin Menon,,,,,734037
274,734043.yaml,2014,,2014-05-27,Kings XI Punjab,Kolkata Knight Riders,Kolkata,Eden Gardens,,Kings XI Punjab,field,Kolkata Knight Riders,runs,28,,,,UT Yadav,NJ Llong,S Ravi,Qualifier 1,20,164,RS Mahanama,C Shamshuddin,CK Nandan,,,,,734043
275,829705.yaml,2015,1,2015-04-08,Kolkata Knight Riders,Mumbai Indians,Kolkata,Eden Gardens,,Kolkata Knight Riders,field,Kolkata Knight Riders,wickets,7,,,,M Morkel,S Ravi,C Shamshuddin,,20,169,J Srinath,PG Pathak,VK Sharma,,,,,829705
276,829713.yaml,2015,5,2015-04-11,Kolkata Knight Riders,Royal Challengers Bangalore,Kolkata,Eden Gardens,,Royal Challengers Bangalore,field,Royal Challengers Bangalore,wickets,3,,,,CH Gayle,S Ravi,C Shamshuddin,,20,178,J Srinath,PG Pathak,VK Sharma,,,,,829713
277,829723.yaml,2015,30,2015-04-30,Kolkata Knight Riders,Chennai Super Kings,Kolkata,Eden Gardens,,Kolkata Knight Riders,field,Kolkata Knight Riders,wickets,7,,,,AD Russell,AK Chaudhary,M Erasmus,,20,166,RR Jadeja,RM Deshpande,A Nand Kishore,,,,,829723
278,829761.yaml,2015,42,2015-05-07,Kolkata Knight Riders,Delhi Daredevils,Kolkata,Eden Gardens,,Kolkata Knight Riders,bat,Kolkata Knight Riders,runs,13,,,,PP Chawla,AK Chaudhary,M Erasmus,,20,172,RS Mahanama,K Srinivasan,A Nand Kishore,,,,,829761
279,829781.yaml,2015,38,2015-05-04,Kolkata Knight Riders,Sunrisers Hyderabad,Kolkata,Eden Gardens,,Sunrisers Hyderabad,field,Kolkata Knight Riders,runs,35,,,,UT Yadav,AK Chaudhary,M Erasmus,,20,168,RR Jadeja,K Srinivasan,A Nand Kishore,,,,,829781
280,829791.yaml,2015,44,2015-05-09,Kolkata Knight Riders,Kings XI Punjab,Kolkata,Eden Gardens,,Kings XI Punjab,bat,Kolkata Knight Riders,wickets,1,,,,AD Russell,AK Chaudhary,HDPK Dharmasena,,20,184,RS Mahanama,K Srinivasan,A Nand Kishore,,,,,829791
281,829823.yaml,2015,,2015-05-24,Mumbai Indians,Chennai Super Kings,Kolkata,Eden Gardens,,Chennai Super Kings,field,Mumbai Indians,runs,41,,,,RG Sharma,HDPK Dharmasena,RK Illingworth,Final,20,203,RS Madugalle,VA Kulkarni,CK Nandan,,,,,829823
282,980903.yaml,2016,2,2016-04-10,Kolkata Knight Riders,Delhi Daredevils,Kolkata,Eden Gardens,,Kolkata Knight Riders,field,Kolkata Knight Riders,wickets,9,,,,AD Russell,S Ravi,C Shamshuddin,,20,99,M Nayyar,Nitin Menon,A Deshmukh,,,,,980903
283,980909.yaml,2016,5,2016-04-13,Kolkata Knight Riders,Mumbai Indians,Kolkata,Eden Gardens,,Mumbai Indians,field,Mumbai Indians,wickets,6,,,,RG Sharma,Nitin Menon,S Ravi,,20,188,M Nayyar,C Shamshuddin,Navdeep Singh,,,,,980909
284,980963.yaml,2016,32,2016-05-04,Kolkata Knight Riders,Kings XI Punjab,Kolkata,Eden Gardens,,Kings XI Punjab,field,Kolkata Knight Riders,runs,7,,,,AD Russell,AK Chaudhary,HDPK Dharmasena,,20,165,Amit Sharma,CK Nandan,R Pandit,,,,,980963
285,980975.yaml,2016,38,2016-05-08,Kolkata Knight Riders,Gujarat Lions,Kolkata,Eden Gardens,,Gujarat Lions,field,Gujarat Lions,wickets,5,,,,P Kumar,M Erasmus,RJ Tucker,,20,159,J Srinath,K Bharatan,KN Ananthapadmanabhan,,,,,980975
286,980989.yaml,2016,45,2016-05-14,Kolkata Knight Riders,Rising Pune Supergiants,Kolkata,Eden Gardens,,Rising Pune Supergiants,bat,Kolkata Knight Riders,wickets,8,,D/L,,YK Pathan,A Nand Kishore,BNJ Oxenford,,9,66,Chinmay Sharma,CB Gaffaney,YC Barde,,,,,980989
287,980995.yaml,2016,48,2016-05-16,Kolkata Knight Riders,Royal Challengers Bangalore,Kolkata,Eden Gardens,,Royal Challengers Bangalore,field,Royal Challengers Bangalore,wickets,9,,,,V Kohli,CB Gaffaney,A Nand Kishore,,20,184,Chinmay Sharma,BNJ Oxenford,YC Barde,,,,,980995
288,981009.yaml,2016,55,2016-05-22,Kolkata Knight Riders,Sunrisers Hyderabad,Kolkata,Eden Gardens,,Sunrisers Hyderabad,field,Kolkata Knight Riders,runs,22,,,,YK Pathan,KN Ananthapadmanabhan,M Erasmus,,20,172,J Srinath,K Bharatan,A Deshmukh,,,,,981009
289,1082601.yaml,2017,11,2017-04-13,Kolkata Knight Riders,Kings XI Punjab,Kolkata,Eden Gardens,,Kolkata Knight Riders,field,Kolkata Knight Riders,wickets,8,,,,SP Narine,A Deshmukh,NJ Llong,,20,171,AJ Pycroft,AY Dandekar,N Pandit,,,,,1082601
290,1082604.yaml,2017,14,2017-04-15,Kolkata Knight Riders,Sunrisers Hyderabad,Kolkata,Eden Gardens,,Sunrisers Hyderabad,field,Kolkata Knight Riders,runs,17,,,,RV Uthappa,AY Dandekar,NJ Llong,,20,173,AJ Pycroft,A Deshmukh,N Pandit,,,,,1082604
291,1082613.yaml,2017,23,2017-04-21,Kolkata Knight Riders,Gujarat Lions,Kolkata,Eden Gardens,,Gujarat Lions,field,Gujarat Lions,wickets,4,,,,SK Raina,CB Gaffaney,Nitin Menon,,20,188,V Narayan Kutty,CK Nandan,K Srinivasan,,,,,1082613
292,1082617.yaml,2017,27,2017-04-23,Kolkata Knight Riders,Royal Challengers Bangalore,Kolkata,Eden Gardens,,Royal Challengers Bangalore,field,Kolkata Knight Riders,runs,82,,,,NM Coulter-Nile,CB Gaffaney,CK Nandan,,20,132,V Narayan Kutty,Nitin Menon,K Srinivasan,,,,,1082617
293,1082622.yaml,2017,32,2017-04-28,Kolkata Knight Riders,Delhi Daredevils,Kolkata,Eden Gardens,,Kolkata Knight Riders,field,Kolkata Knight Riders,wickets,7,,,,G Gambhir,NJ Llong,S Ravi,,20,161,AJ Pycroft,VK Sharma,Navdeep Singh,,,,,1082622
294,1082631.yaml,2017,41,2017-05-03,Kolkata Knight Riders,Rising Pune Supergiant,Kolkata,Eden Gardens,,Rising Pune Supergiant,field,Rising Pune Supergiant,wickets,4,,,,RA Tripathi,KN Ananthapadmanabhan,A Nand Kishore,,20,156,J Srinath,S Ravi,Navdeep Singh,,,,,1082631
295,1082644.yaml,2017,54,2017-05-13,Kolkata Knight Riders,Mumbai Indians,Kolkata,Eden Gardens,,Kolkata Knight Riders,field,Mumbai Indians,runs,9,,,,AT Rayudu,A Nand Kishore,S Ravi,,20,174,J Srinath,VK Sharma,Navdeep Singh,,,,,1082644
296,1136563.yaml,2018,3,2018-04-08,Royal Challengers Bangalore,Kolkata Knight Riders,Kolkata,Eden Gardens,,Kolkata Knight Riders,field,Kolkata Knight Riders,wickets,4,,,,SP Narine,A Deshmukh,C Shamshuddin,,20,177,V Narayan Kutty,S Ravi,K Srinath,,,,,1136563
297,1136570.yaml,2018,10,2018-04-14,Kolkata Knight Riders,Sunrisers Hyderabad,Kolkata,Eden Gardens,,Sunrisers Hyderabad,field,Sunrisers Hyderabad,wickets,5,,,,B Stanlake,AK Chaudhary,A Nand Kishore,,20,139,RB Richardson,CB Gaffaney,UV Gandhe,,,,,1136570
298,1136573.yaml,2018,13,2018-04-16,Kolkata Knight Riders,Delhi Daredevils,Kolkata,Eden Gardens,,Delhi Daredevils,field,Kolkata Knight Riders,runs,71,,,,N Rana,AK Chaudhary,A Nand Kishore,,20,201,RB Richardson,CB Gaffaney,UV Gandhe,,,,,1136573
299,1136578.yaml,2018,18,2018-04-21,Kolkata Knight Riders,Kings XI Punjab,Kolkata,Eden Gardens,,Kings XI Punjab,field,Kings XI Punjab,wickets,9,,D/L,,KL Rahul,A Deshmukh,C Shamshuddin,,13,125,M Nayyar,S Ravi,K Srinath,,,,,1136578
300,1136593.yaml,2018,33,2018-05-03,Chennai Super Kings,Kolkata Knight Riders,Kolkata,Eden Gardens,,Kolkata Knight Riders,field,Kolkata Knight Riders,wickets,6,,,,SP Narine,A Deshmukh,HDPK Dharmasena,,20,178,V Narayan Kutty,AK Chaudhary,R Pandit,,,,,1136593
301,1136601.yaml,2018,41,2018-05-09,Mumbai Indians,Kolkata Knight Riders,Kolkata,Eden Gardens,,Kolkata Knight Riders,field,Mumbai Indians,runs,102,,,,Ishan Kishan,KN Ananthapadmanabhan,AK Chaudhary,,20,211,Prakash Bhatt,HDPK Dharmasena,R Pandit,,,,,1136601
302,1136609.yaml,2018,49,2018-05-15,Rajasthan Royals,Kolkata Knight Riders,Kolkata,Eden Gardens,,Kolkata Knight Riders,field,Kolkata Knight Riders,wickets,6,,,,Kuldeep Yadav,AK Chaudhary,HDPK Dharmasena,,20,143,M Nayyar,VA Kulkarni,K Srinath,,,,,1136609
303,1136618.yaml,2018,,2018-05-23,Kolkata Knight Riders,Rajasthan Royals,Kolkata,Eden Gardens,,Rajasthan Royals,field,Kolkata Knight Riders,runs,25,,,,AD Russell,AK Chaudhary,Nitin Menon,Eliminator,20,170,J Srinath,HDPK Dharmasena,A Nand Kishore,,,,,1136618
304,1136619.yaml,2018,,2018-05-25,Sunrisers Hyderabad,Kolkata Knight Riders,Kolkata,Eden Gardens,,Kolkata Knight Riders,field,Sunrisers Hyderabad,runs,14,,,,Rashid Khan,HDPK Dharmasena,Nitin Menon,Qualifier 2,20,175,J Srinath,AK Chaudhary,A Nand Kishore,,,,,1136619
305,1175357.yaml,2019,2,2019-03-24,Sunrisers Hyderabad,Kolkata Knight Riders,Kolkata,Eden Gardens,,Kolkata Knight Riders,field,Kolkata Knight Riders,wickets,6,,,,AD Russell,AK Chaudhary,CB Gaffaney,,20,182,V Narayan Kutty,VA Kulkarni,GR Sadashiv Iyer,,,,,1175357
306,1175361.yaml,2019,6,2019-03-27,Kolkata Knight Riders,Kings XI Punjab,Kolkata,Eden Gardens,,Kings XI Punjab,field,Kolkata Knight Riders,runs,28,,,,AD Russell,AK Chaudhary,VA Kulkarni,,20,219,V Narayan Kutty,CB Gaffaney,GR Sadashiv Iyer,,,,,1175361
307,1178401.yaml,2019,26,2019-04-12,Kolkata Knight Riders,Delhi Capitals,Kolkata,Eden Gardens,,Delhi Capitals,field,Delhi Capitals,wickets,7,,,,S Dhawan,CK Nandan,YC Barde,,20,179,M Nayyar,RJ Tucker,BK Ravi,,,,,1178401
308,1178404.yaml,2019,29,2019-04-14,Kolkata Knight Riders,Chennai Super Kings,Kolkata,Eden Gardens,,Chennai Super Kings,field,Chennai Super Kings,wickets,5,,,,Imran Tahir,CK Nandan,RJ Tucker,,20,162,M Nayyar,YC Barde,BK Ravi,,,,,1178404
309,1178410.yaml,2019,35,2019-04-19,Royal Challengers Bangalore,Kolkata Knight Riders,Kolkata,Eden Gardens,,Kolkata Knight Riders,field,Royal Challengers Bangalore,runs,10,,,,V Kohli,IJ Gould,Nitin Menon,,20,214,AJ Pycroft,AY Dandekar,K Srinath,,,,,1178410
310,1178418.yaml,2019,43,2019-04-25,Kolkata Knight Riders,Rajasthan Royals,Kolkata,Eden Gardens,,Rajasthan Royals,field,Rajasthan Royals,wickets,3,,,,VR Aaron,AY Dandekar,IJ Gould,,20,176,AJ Pycroft,Nitin Menon,HAS Khalid,,,,,1178418
311,1178422.yaml,2019,47,2019-04-28,Kolkata Knight Riders,Mumbai Indians,Kolkata,Eden Gardens,,Mumbai Indians,field,Kolkata Knight Riders,runs,34,,,,AD Russell,IJ Gould,Nitin Menon,,20,233,AJ Pycroft,AY Dandekar,HAS Khalid,,,,,1178422
312,1312197.yaml,2022,,2022-05-24,Rajasthan Royals,Gujarat Titans,Kolkata,"Eden Gardens, Kolkata",,Gujarat Titans,field,Gujarat Titans,wickets,7,,,,DA Miller,BNJ Oxenford,VK Sharma,Qualifier 1,20,189,M Nayyar,MA Gough,J Madanagopal,,,,,1312197
313,1312198.yaml,2022,,2022-05-25,Royal Challengers Bangalore,Lucknow Super Giants,Kolkata,"Eden Gardens, Kolkata",,Lucknow Super Giants,field,Royal Challengers Bangalore,runs,14,,,,RM Patidar,J Madanagopal,MA Gough,Eliminator,20,208,M Nayyar,BNJ Oxenford,VK Sharma,,,,,1312198
314,1359483.yaml,2023,9,2023-04-06,Kolkata Knight Riders,Royal Challengers Bangalore,Kolkata,"Eden Gardens, Kolkata",,Royal Challengers Bangalore,field,Kolkata Knight Riders,runs,81,,,,SN Thakur,Vinod Seshan,VK Sharma,,20,205,Shakti Singh,Nitin Menon,A Bengeri,Suyash Sharma,VR Iyer,Anuj Rawat,Mohammed Siraj,1359483
315,1359493.yaml,2023,19,2023-04-14,Sunrisers Hyderabad,Kolkata Knight Riders,Kolkata,"Eden Gardens, Kolkata",,Kolkata Knight Riders,field,Sunrisers Hyderabad,runs,23,,,,HC Brook,CB Gaffaney,GR Sadashiv Iyer,,20,229,DS Manohar,NA Patwardhan,M Kuppuraj,Washington Sundar,HC Brook,VR Iyer,Suyash Sharma,1359493
316,1359507.yaml,2023,33,2023-04-23,Chennai Super Kings,Kolkata Knight Riders,Kolkata,"Eden Gardens, Kolkata",,Kolkata Knight Riders,field,Chennai Super Kings,runs,49,,,,AM Rahane,Nitin Menon,Tapan Sharma,,20,236,Shakti Singh,VK Sharma,A Bengeri,Akash Singh,AT Rayudu,VR Iyer,Suyash Sharma,1359507
317,1359513.yaml,2023,39,2023-04-29,Kolkata Knight Riders,Gujarat Titans,Kolkata,"Eden Gardens, Kolkata",,Gujarat Titans,field,Gujarat Titans,wickets,7,,,,J Little,NA Patwardhan,GR Sadashiv Iyer,,20,180,SA Satbhai,CB Gaffaney,M Krishnadas,Suyash Sharma,VR Iyer,Shubman Gill,MM Sharma,1359513
318,1359527.yaml,2023,53,2023-05-08,Punjab Kings,Kolkata Knight Riders,Kolkata,"Eden Gardens, Kolkata",,Punjab Kings,bat,Kolkata Knight Riders,wickets,5,,,,AD Russell,A Totre,J Madanagopal,,20,180,SS Raul,UV Gandhe,Mohamad Rafi,NT Ellis,PBB Rajapaksa,JJ Roy,Suyash Sharma,1359527
319,1359530.yaml,2023,56,2023-05-11,Kolkata Knight Riders,Rajasthan Royals,Kolkata,"Eden Gardens, Kolkata",,Rajasthan Royals,field,Rajasthan Royals,wickets,9,,,,YBK Jaiswal,RJ Tucker,MV Saidharshan Kumar,,20,150,P Dharmani,R Pandit,P Joshi,Suyash Sharma,VR Iyer,,,1359530
320,1359542.yaml,2023,68,2023-05-20,Lucknow Super Giants,Kolkata Knight Riders,Kolkata,"Eden Gardens, Kolkata",,Kolkata Knight Riders,field,Lucknow Super Giants,runs,1,,,,N Pooran,J Madanagopal,UV Gandhe,,20,177,M Nayyar,YC Barde,Mohamad Rafi,Yash Thakur,KS Sharma,Suyash Sharma,Harshit Rana,1359542
321,1422121.yaml,2024,3,2024-03-23,Kolkata Knight Riders,Sunrisers Hyderabad,Kolkata,"Eden Gardens, Kolkata",,Sunrisers Hyderabad,field,Kolkata Knight Riders,runs,4,,,,AD Russell,R Pandit,YC Barde,,20,209,M Nayyar,BNJ Oxenford,M Krishnadas,Suyash Sharma,Ramandeep Singh,Abhishek Sharma,T Natarajan,1422121
322,1426266.yaml,2024,28,2024-04-14,Lucknow Super Giants,Kolkata Knight Riders,Kolkata,"Eden Gardens, Kolkata",,Kolkata Knight Riders,field,Kolkata Knight Riders,wickets,8,,,,PD Salt,A Totre,Vinod Seshan,,20,162,Amit Sharma,KN Ananthapadmanabhan,VM Dhokre,Arshad Khan (2),Q de Kock,RK Singh,CV Varun,1426266
323,1426269.yaml,2024,31,2024-04-16,Kolkata Knight Riders,Rajasthan Royals,Kolkata,"Eden Gardens, Kolkata",,Rajasthan Royals,field,Rajasthan Royals,wickets,2,,,,JC Buttler,MA Gough,UV Gandhe,,20,224,Amit Sharma,KN Ananthapadmanabhan,VM Dhokre,VG Arora,RK Singh,JC Buttler,KR Sen,1426269
324,1426274.yaml,2024,36,2024-04-21,Kolkata Knight Riders,Royal Challengers Bengaluru,Kolkata,"Eden Gardens, Kolkata",,Royal Challengers Bengaluru,field,Kolkata Knight Riders,runs,1,,,,AD Russell,A Totre,Vinod Seshan,,20,223,Amit Sharma,MA Gough,A Bengeri,Suyash Sharma,RK Singh,SS Prabhudessai,Yash Dayal,1426274
325,1426280.yaml,2024,42,2024-04-26,Kolkata Knight Riders,Punjab Kings,Kolkata,"Eden Gardens, Kolkata",,Punjab Kings,field,Punjab Kings,wickets,8,,,,JM Bairstow,AK Chaudhary,YC Barde,,20,262,Sanjay Verma,R Pandit,R Rajesh Kannan,AS Roy,VR Iyer,P Simran Singh,Arshdeep Singh,1426280
326,1426285.yaml,2024,47,2024-04-29,Delhi Capitals,Kolkata Knight Riders,Kolkata,"Eden Gardens, Kolkata",,Delhi Capitals,bat,Kolkata Knight Riders,wickets,7,,,,CV Varun,Navdeep Singh,Tapan Sharma,,20,154,V Narayan Kutty,NA Patwardhan,K Swaroopanand,Kumar Kushagra,PP Shaw,A Raghuvanshi,CV Varun,1426285
327,1426298.yaml,2024,60,2024-05-11,Kolkata Knight Riders,Mumbai Indians,Kolkata,"Eden Gardens, Kolkata",,Mumbai Indians,field,Kolkata Knight Riders,runs,18,,,,CV Varun,UV Gandhe,Vinod Seshan,,16,158,DS Manohar,MA Gough,A Bengeri,VG Arora,N Rana,RG Sharma,N Thushara,1426298
328,1473438.yaml,2025,1,2025-03-22,Kolkata Knight Riders,Royal Challengers Bengaluru,Kolkata,"Eden Gardens, Kolkata",,Royal Challengers Bengaluru,field,Royal Challengers Bengaluru,wickets,7,,,,KH Pandya,A Bengeri,Vinod Seshan,,20,175,Prakash Bhatt,J Madanagopal,TM Srivastava,VG Arora,A Raghuvanshi,D Padikkal,Suyash Sharma,1473438
329,1473452.yaml,2025,15,2025-04-03,Kolkata Knight Riders,Sunrisers Hyderabad,Kolkata,"Eden Gardens, Kolkata",,Sunrisers Hyderabad,field,Kolkata Knight Riders,runs,80,,,,VG Arora,AT Holdstock,A Totre,,20,201,Shakti Singh,R Pandit,K Kelkar,VG Arora,A Raghuvanshi,TM Head,Zeeshan Ansari,1473452
330,1473456.yaml,2025,21,2025-04-08,Lucknow Super Giants,Kolkata Knight Riders,Kolkata,"Eden Gardens, Kolkata",,Kolkata Knight Riders,field,Lucknow Super Giants,runs,4,,,,N Pooran,AT Holdstock,A Totre,,20,239,Shakti Singh,R Pandit,Anish Sahasrabudhe,Ravi Bishnoi,MR Marsh,A Raghuvanshi,CV Varun,1473456
331,1473476.yaml,2025,39,2025-04-21,Gujarat Titans,Kolkata Knight Riders,Kolkata,"Eden Gardens, Kolkata",,Kolkata Knight Riders,field,Gujarat Titans,runs,39,,,,Shubman Gill,Anish Sahasrabudhe,R Pandit,,20,199,R Seth,A Totre,Amit Rana,I Sharma,SE Rutherford,A Raghuvanshi,VG Arora,1473476
332,1473490.yaml,2025,53,2025-05-04,Kolkata Knight Riders,Rajasthan Royals,Kolkata,"Eden Gardens, Kolkata",,Kolkata Knight Riders,bat,Kolkata Knight Riders,runs,1,,,,AD Russell,Anish Sahasrabudhe,R Pandit,,20,207,Amit Sharma,AT Holdstock,Amit Rana,Harshit Rana,A Raghuvanshi,SB Dubey,Akash Madhwal,1473490
333,1473494.yaml,2025,57,2025-05-07,Kolkata Knight Riders,Chennai Super Kings,Kolkata,"Eden Gardens, Kolkata",,Kolkata Knight Riders,bat,Chennai Super Kings,wickets,2,,,,Noor Ahmad,AT Holdstock,Anish Sahasrabudhe,,20,180,Amit Sharma,R Pandit,Amit Rana,Harshit Rana,MK Pandey,S Dube,M Pathirana,1473494
334,1527679.yaml,2026,6,2026-04-02,Sunrisers Hyderabad,Kolkata Knight Riders,Kolkata,"Eden Gardens, Kolkata",,Kolkata Knight Riders,field,Sunrisers Hyderabad,runs,65,,,,Nithish Kumar Reddy,MV Saidharshan Kumar,Vinod Seshan,,20,227,Shakti Singh,Nitin Menon,Anish Sahasrabudhe,E Malinga,TM Head,FH Allen,B Muzarabani,1527679
335,1527688.yaml,2026,15,2026-04-09,Kolkata Knight Riders,Lucknow Super Giants,Kolkata,"Eden Gardens, Kolkata",,Lucknow Super Giants,field,Lucknow Super Giants,wickets,3,,,,MD Choudhary,AT Holdstock,A Totre,,20,182,Prakash Bhatt,KN Ananthapadmanabhan,Abhijit Bhattacharya,VG Arora,FH Allen,A Badoni,M Siddharth,1527688
336,1529271.yaml,2026,28,2026-04-19,Rajasthan Royals,Kolkata Knight Riders,Kolkata,"Eden Gardens, Kolkata",,Rajasthan Royals,bat,Kolkata Knight Riders,wickets,4,,,,CV Varun,HDPK Dharmasena,M Krishnadas,,20,156,V Narayan Kutty,VK Sharma,HAS Khalid,Yash Raj Punja,V Suryavanshi,A Raghuvanshi,CV Varun,1529271
337,1529303.yaml,2026,60,2026-05-16,Kolkata Knight Riders,Gujarat Titans,Kolkata,"Eden Gardens, Kolkata",,Gujarat Titans,field,Kolkata Knight Riders,runs,29,,,,SP Narine,K Swaroopanand,VK Sharma,,20,248,R Seth,SJ Nogajski,AK Argal,M Pathirana,FH Allen,R Tewatia,Mohammed Siraj,1529303
338,1529308.yaml,2026,65,2026-05-20,Mumbai Indians,Kolkata Knight Riders,Kolkata,"Eden Gardens, Kolkata",,Kolkata Knight Riders,field,Kolkata Knight Riders,wickets,4,,,,MK Pandey,K Swaroopanand,HAS Khalid,,20,148,R Seth,M Krishnadas,AK Argal,AM Ghazanfar,RG Sharma,FH Allen,CV Varun,1529308
339,1529313.yaml,2026,70,2026-05-24,Delhi Capitals,Kolkata Knight Riders,Kolkata,"Eden Gardens, Kolkata",,Kolkata Knight Riders,field,Delhi Capitals,runs,40,,,,Kuldeep Yadav,K Swaroopanand,HAS Khalid,,20,204,IR Siddiqui,SJ Nogajski,M Krishnadas,Kuldeep Yadav,KL Rahul,,,1529313
340,335984.yaml,2007/08,3,2008-04-19,Delhi Daredevils,Rajasthan Royals,Delhi,Feroz Shah Kotla,,Rajasthan Royals,bat,Delhi Daredevils,wickets,9,,,,MF Maharoof,Aleem Dar,GA Pratapkumar,,20,130,GR Viswanath,IL Howell,,,,,,335984
341,335998.yaml,2007/08,17,2008-04-30,Delhi Daredevils,Royal Challengers Bangalore,Delhi,Feroz Shah Kotla,,Royal Challengers Bangalore,field,Delhi Daredevils,runs,10,,,,GD McGrath,Aleem Dar,I Shivram,,20,192,CH Lloyd,IL Howell,AK Chaudhary,,,,,335998
342,336009.yaml,2007/08,28,2008-05-08,Delhi Daredevils,Chennai Super Kings,Delhi,Feroz Shah Kotla,,Chennai Super Kings,field,Chennai Super Kings,wickets,4,,,,MS Dhoni,Aleem Dar,RB Tiffin,,20,188,CH Lloyd,K Hariharan,,,,,,336009
343,336020.yaml,2007/08,37,2008-05-15,Delhi Daredevils,Deccan Chargers,Delhi,Feroz Shah Kotla,,Deccan Chargers,field,Delhi Daredevils,runs,12,,,,A Mishra,BG Jerling,GA Pratapkumar,,20,195,CH Lloyd,Asad Rauf,,,,,,336020
344,336022.yaml,2007/08,40,2008-05-17,Delhi Daredevils,Kings XI Punjab,Delhi,Feroz Shah Kotla,,Delhi Daredevils,bat,Kings XI Punjab,runs,6,,D/L,,DPMD Jayawardene,AV Jayaprakash,RE Koertzen,,8,89,CH Lloyd,BG Jerling,AK Chaudhary,,,,,336022
345,336032.yaml,2007/08,50,2008-05-24,Delhi Daredevils,Mumbai Indians,Delhi,Feroz Shah Kotla,,Delhi Daredevils,field,Delhi Daredevils,wickets,5,,,,KD Karthik,BF Bowden,K Hariharan,,20,177,CH Lloyd,BG Jerling,,,,,,336032
346,419114.yaml,2009/10,9,2010-03-17,Delhi Daredevils,Mumbai Indians,Delhi,Feroz Shah Kotla,,Delhi Daredevils,field,Mumbai Indians,runs,98,,,,SR Tendulkar,BR Doctrove,SK Tarapore,,20,219,S Venkataraghavan,S Ravi,AK Chaudhary,,,,,419114
347,419116.yaml,2009/10,11,2010-03-19,Delhi Daredevils,Chennai Super Kings,Delhi,Feroz Shah Kotla,,Delhi Daredevils,bat,Chennai Super Kings,wickets,5,,,,ML Hayden,BR Doctrove,SK Tarapore,,20,186,S Venkataraghavan,S Ravi,AK Chaudhary,,,,,419116
348,419131.yaml,2009/10,26,2010-03-29,Delhi Daredevils,Kolkata Knight Riders,Delhi,Feroz Shah Kotla,,Delhi Daredevils,bat,Delhi Daredevils,runs,40,,,,DA Warner,SS Hazare,SJA Taufel,,20,178,RS Mahanama,HDPK Dharmasena,AK Chaudhary,,,,,419131
349,419134.yaml,2009/10,29,2010-03-31,Delhi Daredevils,Rajasthan Royals,Delhi,Feroz Shah Kotla,,Delhi Daredevils,bat,Delhi Daredevils,runs,67,,,,KD Karthik,HDPK Dharmasena,SJA Taufel,,20,189,RS Mahanama,SS Hazare,AK Chaudhary,,,,,419134
350,419140.yaml,2009/10,35,2010-04-04,Delhi Daredevils,Royal Challengers Bangalore,Delhi,Feroz Shah Kotla,,Delhi Daredevils,bat,Delhi Daredevils,runs,37,,,,PD Collingwood,BF Bowden,M Erasmus,,20,185,D Govindjee,AM Saheba,AK Chaudhary,,,,,419140
351,419149.yaml,2009/10,44,2010-04-11,Delhi Daredevils,Kings XI Punjab,Delhi,Feroz Shah Kotla,,Delhi Daredevils,bat,Kings XI Punjab,wickets,7,,,,PP Chawla,BF Bowden,AM Saheba,,20,112,D Govindjee,M Erasmus,AK Chaudhary,,,,,419149
352,419160.yaml,2009/10,55,2010-04-18,Delhi Daredevils,Deccan Chargers,Delhi,Feroz Shah Kotla,,Deccan Chargers,bat,Deccan Chargers,runs,11,,,,A Symonds,BR Doctrove,SK Tarapore,,20,146,S Venkataraghavan,S Ravi,AK Chaudhary,,,,,419160
353,501201.yaml,2011,4,2011-04-10,Delhi Daredevils,Mumbai Indians,Delhi,Feroz Shah Kotla,,Delhi Daredevils,bat,Mumbai Indians,wickets,8,,,,SL Malinga,AM Saheba,RB Tiffin,,20,96,S Venkataraghavan,SL Shastri,AK Chaudhary,,,,,501201
354,501216.yaml,2011,19,2011-04-19,Delhi Daredevils,Deccan Chargers,Delhi,Feroz Shah Kotla,,Deccan Chargers,bat,Deccan Chargers,runs,16,,,,S Sohal,PR Reiffel,RJ Tucker,,20,169,J Srinath,S Asnani,AK Chaudhary,,,,,501216
355,501223.yaml,2011,26,2011-04-23,Delhi Daredevils,Kings XI Punjab,Delhi,Feroz Shah Kotla,,Kings XI Punjab,field,Delhi Daredevils,runs,29,,,,DA Warner,S Asnani,RE Koertzen,,20,232,J Srinath,PR Reiffel,AK Chaudhary,,,,,501223
356,501227.yaml,2011,30,2011-04-26,Delhi Daredevils,Royal Challengers Bangalore,Delhi,Feroz Shah Kotla,,Royal Challengers Bangalore,field,Royal Challengers Bangalore,wickets,3,,,,V Kohli,S Asnani,RJ Tucker,,20,161,J Srinath,PR Reiffel,AK Chaudhary,,,,,501227
357,501230.yaml,2011,33,2011-04-28,Delhi Daredevils,Kolkata Knight Riders,Delhi,Feroz Shah Kotla,,Delhi Daredevils,field,Kolkata Knight Riders,runs,17,,,,MK Tiwary,PR Reiffel,RJ Tucker,,20,149,J Srinath,S Asnani,AK Chaudhary,,,,,501230
358,501238.yaml,2011,41,2011-05-02,Delhi Daredevils,Kochi Tuskers Kerala,Delhi,Feroz Shah Kotla,,Kochi Tuskers Kerala,field,Kochi Tuskers Kerala,wickets,7,,,,P Parameswaran,Asad Rauf,SL Shastri,,20,141,GF Labrooy,AM Saheba,AK Chaudhary,,,,,501238
359,548316.yaml,2012,11,2012-04-10,Delhi Daredevils,Chennai Super Kings,Delhi,Feroz Shah Kotla,,Delhi Daredevils,field,Delhi Daredevils,wickets,8,,,,M Morkel,Asad Rauf,SK Tarapore,,20,111,RS Madugalle,VA Kulkarni,S Dua,,,,,548316
360,548321.yaml,2012,23,2012-04-19,Delhi Daredevils,Deccan Chargers,Delhi,Feroz Shah Kotla,,Deccan Chargers,bat,Delhi Daredevils,wickets,5,,,,KP Pietersen,BF Bowden,SK Tarapore,,20,158,RS Madugalle,VA Kulkarni,S Dua,,,,,548321
361,548333.yaml,2012,27,2012-04-21,Delhi Daredevils,Pune Warriors,Delhi,Feroz Shah Kotla,,Delhi Daredevils,field,Pune Warriors,runs,20,,,,SC Ganguly,Asad Rauf,S Das,,20,193,GF Labrooy,S Asnani,S Dua,,,,,548333
362,548342.yaml,2012,36,2012-04-27,Delhi Daredevils,Mumbai Indians,Delhi,Feroz Shah Kotla,,Mumbai Indians,field,Delhi Daredevils,runs,37,,,,V Sehwag,Aleem Dar,BNJ Oxenford,,20,208,J Srinath,AK Chaudhary,S Dua,,,,,548342
363,548345.yaml,2012,39,2012-04-29,Delhi Daredevils,Rajasthan Royals,Delhi,Feroz Shah Kotla,,Delhi Daredevils,bat,Delhi Daredevils,runs,1,,,,V Sehwag,S Ravi,RJ Tucker,,20,153,Raju Mukherjee,JD Cloete,R Risodkar,,,,,548345
364,548357.yaml,2012,51,2012-05-07,Delhi Daredevils,Kolkata Knight Riders,Delhi,Feroz Shah Kotla,,Delhi Daredevils,bat,Kolkata Knight Riders,wickets,6,,,,JH Kallis,JD Cloete,S Ravi,,20,154,AJ Pycroft,SJA Taufel,R Risodkar,,,,,548357
365,548369.yaml,2012,64,2012-05-15,Delhi Daredevils,Kings XI Punjab,Delhi,Feroz Shah Kotla,,Kings XI Punjab,bat,Delhi Daredevils,wickets,5,,,,UT Yadav,HDPK Dharmasena,BNJ Oxenford,,20,137,AJ Pycroft,C Shamshuddin,R Risodkar,,,,,548369
366,548372.yaml,2012,67,2012-05-17,Delhi Daredevils,Royal Challengers Bangalore,Delhi,Feroz Shah Kotla,,Delhi Daredevils,field,Royal Challengers Bangalore,runs,21,,,,CH Gayle,HDPK Dharmasena,C Shamshuddin,,20,216,AJ Pycroft,BNJ Oxenford,R Risodkar,,,,,548372
367,598001.yaml,2013,4,2013-04-06,Delhi Daredevils,Rajasthan Royals,Delhi,Feroz Shah Kotla,,Rajasthan Royals,bat,Rajasthan Royals,runs,5,,,,R Dravid,S Das,C Shamshuddin,,20,166,AJ Pycroft,AK Chaudhary,K Bharatan,,,,,598001
368,598010.yaml,2013,14,2013-04-12,Delhi Daredevils,Sunrisers Hyderabad,Delhi,Feroz Shah Kotla,,Delhi Daredevils,bat,Sunrisers Hyderabad,wickets,3,,,,A Mishra,Aleem Dar,Subroto Das,,20,115,AJ Pycroft,C Shamshuddin,K Bharatan,,,,,598010
369,598020.yaml,2013,24,2013-04-18,Delhi Daredevils,Chennai Super Kings,Delhi,Feroz Shah Kotla,,Chennai Super Kings,bat,Chennai Super Kings,runs,86,,,,MEK Hussey,M Erasmus,VA Kulkarni,,20,170,RS Madugalle,K Srinath,K Bharatan,,,,,598020
370,598024.yaml,2013,28,2013-04-21,Delhi Daredevils,Mumbai Indians,Delhi,Feroz Shah Kotla,,Mumbai Indians,bat,Delhi Daredevils,wickets,9,,,,V Sehwag,HDPK Dharmasena,S Ravi,,20,162,RS Mahanama,CK Nandan,K Bharatan,,,,,598024
371,598054.yaml,2013,57,2013-05-10,Delhi Daredevils,Royal Challengers Bangalore,Delhi,Feroz Shah Kotla,,Delhi Daredevils,field,Royal Challengers Bangalore,runs,4,,,,JD Unadkat,NJ Llong,K Srinath,,20,184,RS Madugalle,VA Kulkarni,K Bharatan,,,,,598054
372,598059.yaml,2013,32,2013-04-23,Delhi Daredevils,Kings XI Punjab,Delhi,Feroz Shah Kotla,,Kings XI Punjab,field,Kings XI Punjab,wickets,5,,,,Harmeet Singh,VA Kulkarni,K Srinath,,20,121,RS Madugalle,M Erasmus,K Bharatan,,,,,598059
373,598070.yaml,2013,,2013-05-21,Chennai Super Kings,Mumbai Indians,Delhi,Feroz Shah Kotla,,Chennai Super Kings,bat,Chennai Super Kings,runs,48,,,,MEK Hussey,NJ Llong,RJ Tucker,Qualifier 1,20,193,RS Mahanama,S Ravi,CK Nandan,,,,,598070
374,598071.yaml,2013,,2013-05-22,Rajasthan Royals,Sunrisers Hyderabad,Delhi,Feroz Shah Kotla,,Sunrisers Hyderabad,bat,Rajasthan Royals,wickets,4,,,,BJ Hodge,S Ravi,RJ Tucker,Eliminator,20,133,RS Mahanama,NJ Llong,CK Nandan,,,,,598071
375,733975.yaml,2014,23,2014-05-03,Delhi Daredevils,Rajasthan Royals,Delhi,Feroz Shah Kotla,,Rajasthan Royals,field,Rajasthan Royals,wickets,7,,,,KK Nair,SS Hazare,S Ravi,,20,153,AJ Pycroft,K Srinath,Navdeep Singh,,,,,733975
376,733981.yaml,2014,26,2014-05-05,Delhi Daredevils,Chennai Super Kings,Delhi,Feroz Shah Kotla,,Chennai Super Kings,field,Chennai Super Kings,wickets,8,,,,DR Smith,RM Deshpande,BNJ Oxenford,,20,179,J Srinath,C Shamshuddin,Navdeep Singh,,,,,733981
377,733985.yaml,2014,28,2014-05-07,Delhi Daredevils,Kolkata Knight Riders,Delhi,Feroz Shah Kotla,,Delhi Daredevils,bat,Kolkata Knight Riders,wickets,8,,,,G Gambhir,BNJ Oxenford,C Shamshuddin,,20,161,J Srinath,RM Deshpande,Navdeep Singh,,,,,733985
378,733993.yaml,2014,32,2014-05-10,Delhi Daredevils,Sunrisers Hyderabad,Delhi,Feroz Shah Kotla,,Sunrisers Hyderabad,field,Sunrisers Hyderabad,wickets,8,,D/L,,DW Steyn,RM Deshpande,BNJ Oxenford,,5,43,J Srinath,C Shamshuddin,Navdeep Singh,,,,,733993
379,734019.yaml,2014,45,2014-05-19,Delhi Daredevils,Kings XI Punjab,Delhi,Feroz Shah Kotla,,Kings XI Punjab,field,Kings XI Punjab,wickets,4,,,,AR Patel,HDPK Dharmasena,PG Pathak,,20,165,RS Mahanama,VA Kulkarni,Navdeep Singh,,,,,734019
380,829715.yaml,2015,6,2015-04-12,Delhi Daredevils,Rajasthan Royals,Delhi,Feroz Shah Kotla,,Rajasthan Royals,field,Rajasthan Royals,wickets,3,,,,DJ Hooda,SD Fry,CB Gaffaney,,20,185,GF Labrooy,CK Nandan,Nitin Menon,,,,,829715
381,829739.yaml,2015,17,2015-04-20,Delhi Daredevils,Kolkata Knight Riders,Delhi,Feroz Shah Kotla,,Kolkata Knight Riders,field,Kolkata Knight Riders,wickets,6,,,,UT Yadav,SD Fry,CB Gaffaney,,20,147,GF Labrooy,CK Nandan,Nitin Menon,,,,,829739
382,829747.yaml,2015,21,2015-04-23,Delhi Daredevils,Mumbai Indians,Delhi,Feroz Shah Kotla,,Mumbai Indians,field,Delhi Daredevils,runs,37,,,,SS Iyer,SD Fry,CK Nandan,,20,191,GF Labrooy,CB Gaffaney,Nitin Menon,,,,,829747
383,829757.yaml,2015,26,2015-04-26,Delhi Daredevils,Royal Challengers Bangalore,Delhi,Feroz Shah Kotla,,Royal Challengers Bangalore,field,Royal Challengers Bangalore,wickets,10,,,,VR Aaron,M Erasmus,S Ravi,,20,96,GF Labrooy,AK Chaudhary,K Srinath,,,,,829757
384,829767.yaml,2015,31,2015-05-01,Delhi Daredevils,Kings XI Punjab,Delhi,Feroz Shah Kotla,,Delhi Daredevils,field,Delhi Daredevils,wickets,9,,,,NM Coulter-Nile,RK Illingworth,S Ravi,,20,119,RS Madugalle,VA Kulkarni,K Bharatan,,,,,829767
385,980913.yaml,2016,7,2016-04-15,Delhi Daredevils,Kings XI Punjab,Delhi,Feroz Shah Kotla,,Delhi Daredevils,field,Delhi Daredevils,wickets,8,,,,A Mishra,S Ravi,C Shamshuddin,,20,112,RS Mahanama,Nitin Menon,Navdeep Singh,,,,,980913
386,980933.yaml,2016,17,2016-04-23,Delhi Daredevils,Mumbai Indians,Delhi,Feroz Shah Kotla,,Mumbai Indians,field,Delhi Daredevils,runs,10,,,,SV Samson,S Ravi,C Shamshuddin,,20,165,M Nayyar,Nitin Menon,Navdeep Singh,,,,,980933
387,980945.yaml,2016,23,2016-04-27,Delhi Daredevils,Gujarat Lions,Delhi,Feroz Shah Kotla,,Delhi Daredevils,field,Gujarat Lions,runs,1,,,,CH Morris,M Erasmus,S Ravi,,20,173,J Srinath,AK Chaudhary,A Deshmukh,,,,,980945
388,980951.yaml,2016,26,2016-04-30,Delhi Daredevils,Kolkata Knight Riders,Delhi,Feroz Shah Kotla,,Kolkata Knight Riders,field,Delhi Daredevils,runs,27,,,,CR Brathwaite,KN Ananthapadmanabhan,M Erasmus,,20,187,J Srinath,S Ravi,A Deshmukh,,,,,980951
389,980965.yaml,2016,33,2016-05-05,Delhi Daredevils,Rising Pune Supergiants,Delhi,Feroz Shah Kotla,,Rising Pune Supergiants,field,Rising Pune Supergiants,wickets,7,,,,AM Rahane,C Shamshuddin,RJ Tucker,,20,163,RS Madugalle,AY Dandekar,Navdeep Singh,,,,,980965
390,981015.yaml,2016,,2016-05-25,Sunrisers Hyderabad,Kolkata Knight Riders,Delhi,Feroz Shah Kotla,,Kolkata Knight Riders,field,Sunrisers Hyderabad,runs,22,,,,MC Henriques,M Erasmus,C Shamshuddin,Elimination Final,20,163,RS Mahanama,CK Nandan,Navdeep Singh,,,,,981015
391,981017.yaml,2016,,2016-05-27,Gujarat Lions,Sunrisers Hyderabad,Delhi,Feroz Shah Kotla,,Sunrisers Hyderabad,field,Sunrisers Hyderabad,wickets,4,,,,DA Warner,M Erasmus,CK Nandan,Qualifier 2,20,163,RS Mahanama,C Shamshuddin,Navdeep Singh,,,,,981017
392,1082605.yaml,2017,15,2017-04-15,Delhi Daredevils,Kings XI Punjab,Delhi,Feroz Shah Kotla,,Delhi Daredevils,bat,Delhi Daredevils,runs,51,,,,CJ Anderson,YC Barde,Nitin Menon,,20,189,S Chaturvedi,CK Nandan,K Srinivasan,,,,,1082605
393,1082608.yaml,2017,18,2017-04-17,Delhi Daredevils,Kolkata Knight Riders,Delhi,Feroz Shah Kotla,,Delhi Daredevils,bat,Kolkata Knight Riders,wickets,4,,,,NM Coulter-Nile,Nitin Menon,CK Nandan,,20,169,S Chaturvedi,YC Barde,K Srinivasan,,,,,1082608
394,1082630.yaml,2017,40,2017-05-02,Delhi Daredevils,Sunrisers Hyderabad,Delhi,Feroz Shah Kotla,,Delhi Daredevils,field,Delhi Daredevils,wickets,6,,,,Mohammed Shami,YC Barde,Nitin Menon,,20,186,AJ Pycroft,CK Nandan,K Srinivasan,,,,,1082630
395,1082632.yaml,2017,42,2017-05-04,Delhi Daredevils,Gujarat Lions,Delhi,Feroz Shah Kotla,,Delhi Daredevils,field,Delhi Daredevils,wickets,7,,,,RR Pant,M Erasmus,Nitin Menon,,20,209,M Nayyar,CK Nandan,K Srinivasan,,,,,1082632
396,1082635.yaml,2017,45,2017-05-06,Delhi Daredevils,Mumbai Indians,Delhi,Feroz Shah Kotla,,Delhi Daredevils,field,Mumbai Indians,runs,146,,,,LMP Simmons,Nitin Menon,CK Nandan,,20,213,M Nayyar,YC Barde,K Srinivasan,,,,,1082635
397,1082642.yaml,2017,52,2017-05-12,Delhi Daredevils,Rising Pune Supergiant,Delhi,Feroz Shah Kotla,,Delhi Daredevils,bat,Delhi Daredevils,runs,7,,,,KK Nair,KN Ananthapadmanabhan,CK Nandan,,20,169,AJ Pycroft,C Shamshuddin,R Pandit,,,,,1082642
398,1082646.yaml,2017,56,2017-05-14,Delhi Daredevils,Royal Challengers Bangalore,Delhi,Feroz Shah Kotla,,Royal Challengers Bangalore,bat,Royal Challengers Bangalore,runs,10,,,,HV Patel,CK Nandan,C Shamshuddin,,20,162,AJ Pycroft,KN Ananthapadmanabhan,R Pandit,,,,,1082646
399,419156.yaml,2009/10,51,2010-04-16,Kings XI Punjab,Deccan Chargers,Dharamsala,Himachal Pradesh Cricket Association Stadium,,Deccan Chargers,field,Deccan Chargers,wickets,5,,,,RG Sharma,M Erasmus,AM Saheba,,20,175,D Govindjee,BF Bowden,C Shamshuddin,,,,,419156
400,419159.yaml,2009/10,54,2010-04-18,Kings XI Punjab,Chennai Super Kings,Dharamsala,Himachal Pradesh Cricket Association Stadium,,Chennai Super Kings,field,Chennai Super Kings,wickets,6,,,,MS Dhoni,BF Bowden,AM Saheba,,20,193,D Govindjee,M Erasmus,C Shamshuddin,,,,,419159
401,501257.yaml,2011,60,2011-05-15,Kings XI Punjab,Delhi Daredevils,Dharamsala,Himachal Pradesh Cricket Association Stadium,,Delhi Daredevils,field,Kings XI Punjab,runs,29,,,,PP Chawla,Asad Rauf,SL Shastri,,20,171,GF Labrooy,AM Saheba,K Bharatan,,,,,501257
402,501260.yaml,2011,63,2011-05-17,Kings XI Punjab,Royal Challengers Bangalore,Dharamsala,Himachal Pradesh Cricket Association Stadium,,Kings XI Punjab,bat,Kings XI Punjab,runs,111,,,,AC Gilchrist,Asad Rauf,AM Saheba,,20,233,GF Labrooy,SL Shastri,K Bharatan,,,,,501260
403,501264.yaml,2011,67,2011-05-21,Kings XI Punjab,Deccan Chargers,Dharamsala,Himachal Pradesh Cricket Association Stadium,,Kings XI Punjab,field,Deccan Chargers,runs,82,,,,S Dhawan,Asad Rauf,AM Saheba,,20,199,GF Labrooy,SL Shastri,K Bharatan,,,,,501264
404,548371.yaml,2012,66,2012-05-17,Kings XI Punjab,Chennai Super Kings,Dharamsala,Himachal Pradesh Cricket Association Stadium,,Kings XI Punjab,field,Kings XI Punjab,wickets,6,,,,AC Gilchrist,VA Kulkarni,SK Tarapore,,20,121,RS Madugalle,BF Bowden,VK Sharma,,,,,548371
405,548374.yaml,2012,69,2012-05-19,Kings XI Punjab,Delhi Daredevils,Dharamsala,Himachal Pradesh Cricket Association Stadium,,Delhi Daredevils,field,Delhi Daredevils,wickets,6,,,,UT Yadav,BF Bowden,VA Kulkarni,,20,142,RS Madugalle,SK Tarapore,VK Sharma,,,,,548374
406,598028.yaml,2013,67,2013-05-16,Kings XI Punjab,Delhi Daredevils,Dharamsala,Himachal Pradesh Cricket Association Stadium,,Delhi Daredevils,field,Kings XI Punjab,runs,7,,,,DA Miller,HDPK Dharmasena,S Ravi,,20,172,RS Mahanama,CK Nandan,Nitin Menon,,,,,598028
407,598066.yaml,2013,69,2013-05-18,Kings XI Punjab,Mumbai Indians,Dharamsala,Himachal Pradesh Cricket Association Stadium,,Mumbai Indians,field,Kings XI Punjab,runs,50,,,,Azhar Mahmood,HDPK Dharmasena,CK Nandan,,20,184,RS Mahanama,S Ravi,,,,,,598066
408,1359538.yaml,2023,64,2023-05-17,Delhi Capitals,Punjab Kings,Dharamsala,"Himachal Pradesh Cricket Association Stadium, Dharamsala",,Punjab Kings,field,Delhi Capitals,runs,15,,,,RR Rossouw,KN Ananthapadmanabhan,MV Saidharshan Kumar,,20,214,P Dharmani,RJ Tucker,P Joshi,Mukesh Kumar,PP Shaw,P Simran Singh,NT Ellis,1359538
409,1359540.yaml,2023,66,2023-05-19,Punjab Kings,Rajasthan Royals,Dharamsala,"Himachal Pradesh Cricket Association Stadium, Dharamsala",,Rajasthan Royals,field,Rajasthan Royals,wickets,4,,,,D Padikkal,A Nand Kishore,RJ Tucker,,20,188,P Dharmani,Navdeep Singh,P Joshi,NT Ellis,P Simran Singh,Dhruv Jurel,YS Chahal,1359540
410,1426291.yaml,2024,53,2024-05-05,Chennai Super Kings,Punjab Kings,Dharamsala,"Himachal Pradesh Cricket Association Stadium, Dharamsala",,Punjab Kings,field,Chennai Super Kings,runs,28,,,,RA Jadeja,A Nand Kishore,VA Kulkarni,,20,168,R Seth,Nitin Menon,Bhavesh Patel,Simarjeet Singh,AM Rahane,P Simran Singh,Arshdeep Singh,1426291
411,1426296.yaml,2024,58,2024-05-09,Royal Challengers Bengaluru,Punjab Kings,Dharamsala,"Himachal Pradesh Cricket Association Stadium, Dharamsala",,Punjab Kings,field,Royal Challengers Bengaluru,runs,60,,,,V Kohli,Nitin Menon,HAS Khalid,,20,242,R Seth,VK Sharma,Bhavesh Patel,Yash Dayal,RM Patidar,JM Sharma,V Kaverappa,1426296
412,1473491.yaml,2025,54,2025-05-04,Punjab Kings,Lucknow Super Giants,Dharamsala,"Himachal Pradesh Cricket Association Stadium, Dharamsala",,Lucknow Super Giants,field,Punjab Kings,runs,37,,,,P Simran Singh,J Madanagopal,P Joshi,,20,237,DS Manohar,CB Gaffaney,Bhavesh Patel,Vijaykumar Vyshak,P Simran Singh,MR Marsh,Akash Singh,1473491
413,1529298.yaml,2026,55,2026-05-11,Punjab Kings,Delhi Capitals,Dharamsala,"Himachal Pradesh Cricket Association Stadium, Dharamsala",,Delhi Capitals,field,Delhi Capitals,wickets,3,,,,M Tiwari,Bhavesh Patel,KN Ananthapadmanabhan,,20,211,P Dharmani,AT Holdstock,P Joshi,Yash Thakur,Shashank Singh,Ashutosh Sharma,Mukesh Kumar,1529298
414,1529301.yaml,2026,58,2026-05-14,Punjab Kings,Mumbai Indians,Dharamsala,"Himachal Pradesh Cricket Association Stadium, Dharamsala",,Mumbai Indians,field,Mumbai Indians,wickets,6,,,,Tilak Varma,Bhavesh Patel,KN Ananthapadmanabhan,,20,201,P Dharmani,AT Holdstock,P Joshi,Vishnu Vinod,P Simran Singh,RG Sharma,Raghu Sharma,1529301
415,1529304.yaml,2026,61,2026-05-17,Royal Challengers Bengaluru,Punjab Kings,Dharamsala,"Himachal Pradesh Cricket Association Stadium, Dharamsala",,Punjab Kings,field,Royal Challengers Bengaluru,runs,23,,,,VR Iyer,AT Holdstock,KN Ananthapadmanabhan,,20,223,P Dharmani,P Joshi,Bhavesh Patel,Rasikh Salam,D Padikkal,MP Stoinis,YS Chahal,1529304
416,1535462.yaml,2026,,2026-05-26,Royal Challengers Bengaluru,Gujarat Titans,Dharamsala,"Himachal Pradesh Cricket Association Stadium, Dharamsala",,Gujarat Titans,field,Royal Challengers Bengaluru,runs,92,,,,RM Patidar,J Madanagopal,VK Sharma,Qualifier 1,20,255,J Srinath,Nitin Menon,KN Ananthapadmanabhan,R Shepherd,JA Duffy,R Tewatia,K Khejroliya,1535462
417,501254.yaml,2011,57,2011-05-13,Kochi Tuskers Kerala,Kings XI Punjab,Indore,Holkar Cricket Stadium,,Kings XI Punjab,field,Kings XI Punjab,wickets,6,,,,KD Karthik,S Asnani,RJ Tucker,,20,179,Raju Mukherjee,PR Reiffel,NA Patwardhan,,,,,501254
418,501258.yaml,2011,61,2011-05-15,Kochi Tuskers Kerala,Rajasthan Royals,Indore,Holkar Cricket Stadium,,Kochi Tuskers Kerala,field,Kochi Tuskers Kerala,wickets,8,,,,BJ Hodge,PR Reiffel,RJ Tucker,,20,98,RS Mahanama,S Asnani,NA Patwardhan,,,,,501258
419,1082594.yaml,2017,4,2017-04-08,Kings XI Punjab,Rising Pune Supergiant,Indore,Holkar Cricket Stadium,,Kings XI Punjab,field,Kings XI Punjab,wickets,6,,,,GJ Maxwell,AK Chaudhary,C Shamshuddin,,20,164,Chinmay Sharma,KN Ananthapadmanabhan,R Pandit,,,,,1082594
420,1082598.yaml,2017,8,2017-04-10,Kings XI Punjab,Royal Challengers Bangalore,Indore,Holkar Cricket Stadium,,Royal Challengers Bangalore,bat,Kings XI Punjab,wickets,8,,,,AR Patel,AK Chaudhary,C Shamshuddin,,20,149,Chinmay Sharma,KN Ananthapadmanabhan,R Pandit,,,,,1082598
421,1082612.yaml,2017,22,2017-04-20,Kings XI Punjab,Mumbai Indians,Indore,Holkar Cricket Stadium,,Mumbai Indians,field,Mumbai Indians,wickets,8,,,,JC Buttler,M Erasmus,C Shamshuddin,,20,199,AJ Pycroft,AK Chaudhary,R Pandit,,,,,1082612
422,1136594.yaml,2018,34,2018-05-04,Kings XI Punjab,Mumbai Indians,Indore,Holkar Cricket Stadium,,Mumbai Indians,field,Mumbai Indians,wickets,6,,,,SA Yadav,AY Dandekar,S Ravi,,20,175,M Nayyar,C Shamshuddin,HAS Khalid,,,,,1136594
423,1136598.yaml,2018,38,2018-05-06,Rajasthan Royals,Kings XI Punjab,Indore,Holkar Cricket Stadium,,Kings XI Punjab,field,Kings XI Punjab,wickets,6,,,,Mujeeb Ur Rahman,C Shamshuddin,S Ravi,,20,153,M Nayyar,AY Dandekar,HAS Khalid,,,,,1136598
424,1136604.yaml,2018,44,2018-05-12,Kolkata Knight Riders,Kings XI Punjab,Indore,Holkar Cricket Stadium,,Kings XI Punjab,field,Kolkata Knight Riders,runs,31,,,,SP Narine,CK Nandan,VK Sharma,,20,246,AJ Pycroft,BNJ Oxenford,GR Sadashiv Iyer,,,,,1136604
425,1136608.yaml,2018,48,2018-05-14,Kings XI Punjab,Royal Challengers Bangalore,Indore,Holkar Cricket Stadium,,Royal Challengers Bangalore,field,Royal Challengers Bangalore,wickets,10,,,,UT Yadav,BNJ Oxenford,VK Sharma,,20,89,AJ Pycroft,CK Nandan,GR Sadashiv Iyer,,,,,1136608
426,598057.yaml,2013,60,2013-05-12,Kolkata Knight Riders,Royal Challengers Bangalore,Ranchi,JSCA International Stadium Complex,,Kolkata Knight Riders,field,Kolkata Knight Riders,wickets,5,,,,JH Kallis,NJ Llong,K Srinath,,20,116,RS Madugalle,VA Kulkarni,PK Khakhar,,,,,598057
427,598061.yaml,2013,65,2013-05-15,Kolkata Knight Riders,Pune Warriors,Ranchi,JSCA International Stadium Complex,,Kolkata Knight Riders,field,Pune Warriors,runs,7,,,,MK Pandey,NJ Llong,K Srinath,,20,171,RS Madugalle,VA Kulkarni,PK Khakhar,,,,,598061
428,733971.yaml,2014,21,2014-05-02,Chennai Super Kings,Kolkata Knight Riders,Ranchi,JSCA International Stadium Complex,,Chennai Super Kings,bat,Chennai Super Kings,runs,34,,,,RA Jadeja,AK Chaudhary,NJ Llong,,17,149,J Srinath,CK Nandan,AY Dandekar,,,,,733971
429,734003.yaml,2014,37,2014-05-13,Chennai Super Kings,Rajasthan Royals,Ranchi,JSCA International Stadium Complex,,Rajasthan Royals,bat,Chennai Super Kings,wickets,5,,,,RA Jadeja,BNJ Oxenford,C Shamshuddin,,20,149,J Srinath,RM Deshpande,AY Dandekar,,,,,734003
430,734013.yaml,2014,42,2014-05-18,Chennai Super Kings,Royal Challengers Bangalore,Ranchi,JSCA International Stadium Complex,,Chennai Super Kings,bat,Royal Challengers Bangalore,wickets,5,,,,AB de Villiers,BNJ Oxenford,C Shamshuddin,,20,139,J Srinath,RM Deshpande,J Madanagopal,,,,,734013
431,734029.yaml,2014,50,2014-05-22,Chennai Super Kings,Sunrisers Hyderabad,Ranchi,JSCA International Stadium Complex,,Sunrisers Hyderabad,field,Sunrisers Hyderabad,wickets,6,,,,DA Warner,BNJ Oxenford,C Shamshuddin,,20,186,J Srinath,RM Deshpande,J Madanagopal,,,,,734029
432,829821.yaml,2015,,2015-05-22,Chennai Super Kings,Royal Challengers Bangalore,Ranchi,JSCA International Stadium Complex,,Chennai Super Kings,field,Chennai Super Kings,wickets,3,,,,A Nehra,AK Chaudhary,CB Gaffaney,Qualifier 2,20,140,RS Mahanama,C Shamshuddin,K Srinath,,,,,829821
433,392186.yaml,2009,6,2009-04-21,Kings XI Punjab,Kolkata Knight Riders,Durban,Kingsmead,1,Kolkata Knight Riders,field,Kolkata Knight Riders,runs,11,,D/L,,CH Gayle,DJ Harper,SD Ranade,,9.2,69,D Govindjee,TH Wijewardene,EC Hendrikse,,,,,392186
434,392189.yaml,2009,9,2009-04-23,Chennai Super Kings,Delhi Daredevils,Durban,Kingsmead,1,Delhi Daredevils,bat,Delhi Daredevils,runs,9,,,,AB de Villiers,BR Doctrove,SJA Taufel,,20,190,D Govindjee,SD Ranade,ZTA Ndamane,,,,,392189
435,392191.yaml,2009,11,2009-04-24,Royal Challengers Bangalore,Kings XI Punjab,Durban,Kingsmead,1,Royal Challengers Bangalore,bat,Kings XI Punjab,wickets,7,,,,RS Bopara,BR Doctrove,TH Wijewardene,,20,169,D Govindjee,SJA Taufel,ZTA Ndamane,,,,,392191
436,392192.yaml,2009,12,2009-04-25,Deccan Chargers,Mumbai Indians,Durban,Kingsmead,1,Deccan Chargers,bat,Deccan Chargers,runs,12,,,,PP Ojha,HDPK Dharmasena,SJA Taufel,,20,169,D Govindjee,SD Ranade,ZTA Ndamane,,,,,392192
437,392196.yaml,2009,16,2009-04-27,Chennai Super Kings,Deccan Chargers,Durban,Kingsmead,1,Deccan Chargers,field,Deccan Chargers,wickets,6,,,,HH Gibbs,IL Howell,TH Wijewardene,,20,166,D Govindjee,SD Ranade,MW Brown,,,,,392196
438,392199.yaml,2009,19,2009-04-29,Royal Challengers Bangalore,Kolkata Knight Riders,Durban,Kingsmead,1,Kolkata Knight Riders,bat,Royal Challengers Bangalore,wickets,5,,,,MV Boucher,MR Benson,TH Wijewardene,,20,140,D Govindjee,SL Shastri,ZTA Ndamane,,,,,392199
439,392200.yaml,2009,20,2009-04-29,Kings XI Punjab,Mumbai Indians,Durban,Kingsmead,1,Kings XI Punjab,bat,Kings XI Punjab,runs,3,,,,KC Sangakkara,MR Benson,SL Shastri,,20,120,D Govindjee,TH Wijewardene,ZTA Ndamane,,,,,392200
440,392204.yaml,2009,24,2009-05-01,Royal Challengers Bangalore,Kings XI Punjab,Durban,Kingsmead,1,Royal Challengers Bangalore,bat,Royal Challengers Bangalore,runs,8,,,,Yuvraj Singh,HDPK Dharmasena,S Ravi,,20,146,D Govindjee,SJA Taufel,EC Hendrikse,,,,,392204
441,392210.yaml,2009,30,2009-05-05,Kings XI Punjab,Rajasthan Royals,Durban,Kingsmead,1,Kings XI Punjab,field,Rajasthan Royals,runs,78,,,,GC Smith,SS Hazare,IL Howell,,20,212,J Srinath,GAV Baxter,KH Hurter,,,,,392210
442,392211.yaml,2009,31,2009-05-05,Delhi Daredevils,Kolkata Knight Riders,Durban,Kingsmead,1,Kolkata Knight Riders,bat,Delhi Daredevils,wickets,9,,,,G Gambhir,GAV Baxter,IL Howell,,20,155,J Srinath,S Ravi,KH Hurter,,,,,392211
443,392223.yaml,2009,43,2009-05-13,Deccan Chargers,Delhi Daredevils,Durban,Kingsmead,1,Deccan Chargers,field,Delhi Daredevils,runs,12,,,,R Bhatia,DJ Harper,SL Shastri,,20,174,D Govindjee,RB Tiffin,MW Brown,,,,,392223
444,392224.yaml,2009,44,2009-05-14,Royal Challengers Bangalore,Chennai Super Kings,Durban,Kingsmead,1,Chennai Super Kings,bat,Royal Challengers Bangalore,wickets,2,,,,LRPL Taylor,BR Doctrove,DJ Harper,,20,130,D Govindjee,SL Shastri,MW Brown,,,,,392224
445,392225.yaml,2009,45,2009-05-14,Mumbai Indians,Rajasthan Royals,Durban,Kingsmead,1,Rajasthan Royals,bat,Rajasthan Royals,runs,2,,,,SK Warne,BR Doctrove,DJ Harper,,20,146,D Govindjee,SL Shastri,MW Brown,,,,,392225
446,392233.yaml,2009,53,2009-05-20,Kolkata Knight Riders,Rajasthan Royals,Durban,Kingsmead,1,Kolkata Knight Riders,field,Kolkata Knight Riders,wickets,4,,,,LR Shukla,BG Jerling,SJA Taufel,,20,102,D Govindjee,SS Hazare,EC Hendrikse,,,,,392233
447,392234.yaml,2009,54,2009-05-20,Chennai Super Kings,Kings XI Punjab,Durban,Kingsmead,1,Chennai Super Kings,bat,Chennai Super Kings,runs,24,,,,M Muralitharan,BG Jerling,SJA Taufel,,20,117,D Govindjee,SS Hazare,EC Hendrikse,,,,,392234
448,335982.yaml,2007/08,1,2008-04-18,Royal Challengers Bangalore,Kolkata Knight Riders,Bangalore,M Chinnaswamy Stadium,,Royal Challengers Bangalore,field,Kolkata Knight Riders,runs,140,,,,BB McCullum,Asad Rauf,RE Koertzen,,20,223,J Srinath,AM Saheba,VN Kulkarni,,,,,335982
449,335992.yaml,2007/08,12,2008-04-26,Royal Challengers Bangalore,Rajasthan Royals,Bangalore,M Chinnaswamy Stadium,,Rajasthan Royals,field,Rajasthan Royals,wickets,7,,,,SR Watson,MR Benson,IL Howell,,20,136,J Srinath,GA Pratapkumar,SK Tarapore,,,,,335992
450,335996.yaml,2007/08,15,2008-04-28,Royal Challengers Bangalore,Chennai Super Kings,Bangalore,M Chinnaswamy Stadium,,Chennai Super Kings,bat,Chennai Super Kings,runs,13,,,,MS Dhoni,BR Doctrove,RB Tiffin,,20,179,J Srinath,K Hariharan,,,,,,335996
451,336006.yaml,2007/08,25,2008-05-05,Royal Challengers Bangalore,Kings XI Punjab,Bangalore,M Chinnaswamy Stadium,,Kings XI Punjab,field,Kings XI Punjab,wickets,6,,,,S Sreesanth,SJ Davis,BR Doctrove,,20,127,CH Lloyd,SL Shastri,SK Tarapore,,,,,336006
452,336012.yaml,2007/08,55,2008-05-28,Royal Challengers Bangalore,Mumbai Indians,Bangalore,M Chinnaswamy Stadium,,Mumbai Indians,field,Mumbai Indians,wickets,9,,,,CRD Fernando,BF Bowden,AV Jayaprakash,,18,123,CH Lloyd,BR Doctrove,,,,,,336012
453,336026.yaml,2007/08,43,2008-05-19,Royal Challengers Bangalore,Delhi Daredevils,Bangalore,M Chinnaswamy Stadium,,Delhi Daredevils,field,Delhi Daredevils,wickets,5,,,,SP Goswami,SJ Davis,GA Pratapkumar,,20,155,Talat Ali,SL Shastri,VN Kulkarni,,,,,336026
454,336034.yaml,2007/08,21,2008-05-03,Royal Challengers Bangalore,Deccan Chargers,Bangalore,M Chinnaswamy Stadium,,Deccan Chargers,field,Royal Challengers Bangalore,runs,3,,,,P Kumar,BR Doctrove,SL Shastri,,20,157,Talat Ali,SK Tarapore,CK Nandan,,,,,336034
455,419112.yaml,2009/10,7,2010-03-16,Royal Challengers Bangalore,Kings XI Punjab,Bangalore,M Chinnaswamy Stadium,,Kings XI Punjab,bat,Royal Challengers Bangalore,wickets,8,,,,JH Kallis,S Das,DJ Harper,,20,204,D Govindjee,K Hariharan,KN Ananthapadmanabhan,,,,,419112
456,419115.yaml,2009/10,10,2010-03-18,Royal Challengers Bangalore,Rajasthan Royals,Bangalore,M Chinnaswamy Stadium,,Royal Challengers Bangalore,field,Royal Challengers Bangalore,wickets,10,,,,JH Kallis,K Hariharan,DJ Harper,,20,93,D Govindjee,S Das,KN Ananthapadmanabhan,,,,,419115
457,419123.yaml,2009/10,18,2010-03-23,Royal Challengers Bangalore,Chennai Super Kings,Bangalore,M Chinnaswamy Stadium,,Chennai Super Kings,field,Royal Challengers Bangalore,runs,36,,,,RV Uthappa,RE Koertzen,RB Tiffin,,20,172,AJ Pycroft,BG Jerling,KN Ananthapadmanabhan,,,,,419123
458,419128.yaml,2009/10,20,2010-03-25,Royal Challengers Bangalore,Delhi Daredevils,Bangalore,M Chinnaswamy Stadium,,Royal Challengers Bangalore,field,Delhi Daredevils,runs,17,,,,KM Jadhav,BG Jerling,RE Koertzen,,20,184,AJ Pycroft,RB Tiffin,KN Ananthapadmanabhan,,,,,419128
459,419145.yaml,2009/10,40,2010-04-08,Royal Challengers Bangalore,Deccan Chargers,Bangalore,M Chinnaswamy Stadium,,Deccan Chargers,field,Deccan Chargers,wickets,7,,,,TL Suman,S Asnani,DJ Harper,,20,185,J Srinath,K Hariharan,KN Ananthapadmanabhan,,,,,419145
460,419148.yaml,2009/10,43,2010-04-10,Royal Challengers Bangalore,Kolkata Knight Riders,Bangalore,M Chinnaswamy Stadium,,Royal Challengers Bangalore,field,Royal Challengers Bangalore,wickets,7,,,,R Vinay Kumar,K Hariharan,DJ Harper,,20,161,J Srinath,S Asnani,KN Ananthapadmanabhan,,,,,419148
461,419157.yaml,2009/10,52,2010-04-17,Royal Challengers Bangalore,Mumbai Indians,Bangalore,M Chinnaswamy Stadium,,Royal Challengers Bangalore,field,Mumbai Indians,runs,57,,,,R McLaren,HDPK Dharmasena,SJA Taufel,,20,192,GR Viswanath,SS Hazare,KN Ananthapadmanabhan,,,,,419157
462,501205.yaml,2011,8,2011-04-12,Royal Challengers Bangalore,Mumbai Indians,Bangalore,M Chinnaswamy Stadium,,Mumbai Indians,field,Mumbai Indians,wickets,9,,,,SR Tendulkar,HDPK Dharmasena,AL Hill,,20,141,Raju Mukherjee,K Hariharan,CK Nandan,,,,,501205
463,501232.yaml,2011,35,2011-04-29,Royal Challengers Bangalore,Pune Warriors,Bangalore,M Chinnaswamy Stadium,,Pune Warriors,field,Royal Challengers Bangalore,runs,26,,,,V Kohli,Aleem Dar,SS Hazare,,20,182,AJ Pycroft,RB Tiffin,CK Nandan,,,,,501232
464,501244.yaml,2011,47,2011-05-06,Royal Challengers Bangalore,Kings XI Punjab,Bangalore,M Chinnaswamy Stadium,,Kings XI Punjab,field,Royal Challengers Bangalore,runs,85,,,,CH Gayle,Aleem Dar,RB Tiffin,,20,206,AJ Pycroft,SS Hazare,CK Nandan,,,,,501244
465,501247.yaml,2011,50,2011-05-08,Royal Challengers Bangalore,Kochi Tuskers Kerala,Bangalore,M Chinnaswamy Stadium,,Kochi Tuskers Kerala,bat,Royal Challengers Bangalore,wickets,9,,,,CH Gayle,Aleem Dar,SS Hazare,,20,126,AJ Pycroft,RB Tiffin,CK Nandan,,,,,501247
466,501255.yaml,2011,58,2011-05-14,Royal Challengers Bangalore,Kolkata Knight Riders,Bangalore,M Chinnaswamy Stadium,,Royal Challengers Bangalore,field,Royal Challengers Bangalore,wickets,4,,D/L,,CH Gayle,RE Koertzen,RB Tiffin,,13,102,AJ Pycroft,SS Hazare,CK Nandan,,,,,501255
467,501266.yaml,2011,69,2011-05-22,Royal Challengers Bangalore,Chennai Super Kings,Bangalore,M Chinnaswamy Stadium,,Royal Challengers Bangalore,field,Royal Challengers Bangalore,wickets,8,,,,CH Gayle,K Hariharan,RE Koertzen,,20,129,RS Mahanama,HDPK Dharmasena,CK Nandan,,,,,501266
468,548310.yaml,2012,5,2012-04-07,Royal Challengers Bangalore,Delhi Daredevils,Bangalore,M Chinnaswamy Stadium,,Delhi Daredevils,field,Royal Challengers Bangalore,runs,20,,,,AB de Villiers,S Asnani,S Ravi,,20,158,Raju Mukherjee,S Das,BK Ravi,,,,,548310
469,548315.yaml,2012,10,2012-04-10,Royal Challengers Bangalore,Kolkata Knight Riders,Bangalore,M Chinnaswamy Stadium,,Royal Challengers Bangalore,field,Kolkata Knight Riders,runs,42,,,,L Balaji,S Ravi,RJ Tucker,,20,166,Raju Mukherjee,S Asnani,BK Ravi,,,,,548315
470,548324.yaml,2012,18,2012-04-15,Royal Challengers Bangalore,Rajasthan Royals,Bangalore,M Chinnaswamy Stadium,,Rajasthan Royals,bat,Rajasthan Royals,runs,59,,,,AM Rahane,JD Cloete,RJ Tucker,,20,196,Raju Mukherjee,S Ravi,BK Ravi,,,,,548324
471,548327.yaml,2012,21,2012-04-17,Royal Challengers Bangalore,Pune Warriors,Bangalore,M Chinnaswamy Stadium,,Pune Warriors,bat,Royal Challengers Bangalore,wickets,6,,,,CH Gayle,S Asnani,S Das,,20,183,GF Labrooy,Asad Rauf,BK Ravi,,,,,548327
472,548350.yaml,2012,44,2012-05-02,Royal Challengers Bangalore,Kings XI Punjab,Bangalore,M Chinnaswamy Stadium,,Kings XI Punjab,field,Kings XI Punjab,wickets,4,,,,Azhar Mahmood,BF Bowden,C Shamshuddin,,20,159,RS Mahanama,SK Tarapore,CK Nandan,,,,,548350
473,548356.yaml,2012,50,2012-05-06,Royal Challengers Bangalore,Deccan Chargers,Bangalore,M Chinnaswamy Stadium,,Royal Challengers Bangalore,field,Royal Challengers Bangalore,wickets,5,,,,AB de Villiers,HDPK Dharmasena,BNJ Oxenford,,20,182,RS Mahanama,Aleem Dar,CK Nandan,,,,,548356
474,548367.yaml,2012,62,2012-05-14,Royal Challengers Bangalore,Mumbai Indians,Bangalore,M Chinnaswamy Stadium,,Mumbai Indians,field,Mumbai Indians,wickets,5,,,,AT Rayudu,S Das,BR Doctrove,,20,172,GF Labrooy,S Asnani,CK Nandan,,,,,548367
475,548379.yaml,2012,,2012-05-23,Chennai Super Kings,Mumbai Indians,Bangalore,M Chinnaswamy Stadium,,Mumbai Indians,field,Chennai Super Kings,runs,38,,,,MS Dhoni,BF Bowden,HDPK Dharmasena,Elimination Final,20,188,RS Madugalle,SJA Taufel,CK Nandan,,,,,548379
476,597999.yaml,2013,2,2013-04-04,Royal Challengers Bangalore,Mumbai Indians,Bangalore,M Chinnaswamy Stadium,,Mumbai Indians,field,Royal Challengers Bangalore,runs,2,,,,CH Gayle,VA Kulkarni,C Shamshuddin,,20,157,AJ Pycroft,K Srinath,KN Ananthapadmanabhan,,,,,597999
477,598008.yaml,2013,12,2013-04-11,Royal Challengers Bangalore,Kolkata Knight Riders,Bangalore,M Chinnaswamy Stadium,,Royal Challengers Bangalore,field,Royal Challengers Bangalore,wickets,8,,,,CH Gayle,Asad Rauf,AK Chaudhary,,20,155,DC Boon,S Asnani,KN Ananthapadmanabhan,,,,,598008
478,598023.yaml,2013,27,2013-04-20,Royal Challengers Bangalore,Rajasthan Royals,Bangalore,M Chinnaswamy Stadium,,Royal Challengers Bangalore,field,Royal Challengers Bangalore,wickets,7,,,,R Vinay Kumar,Aleem Dar,C Shamshuddin,,20,118,AJ Pycroft,S Das,KN Ananthapadmanabhan,,,,,598023
479,598027.yaml,2013,31,2013-04-23,Royal Challengers Bangalore,Pune Warriors,Bangalore,M Chinnaswamy Stadium,,Pune Warriors,field,Royal Challengers Bangalore,runs,130,,,,CH Gayle,Aleem Dar,C Shamshuddin,,20,264,AJ Pycroft,S Das,KN Ananthapadmanabhan,,,,,598027
480,598045.yaml,2013,63,2013-05-14,Royal Challengers Bangalore,Kings XI Punjab,Bangalore,M Chinnaswamy Stadium,,Kings XI Punjab,field,Kings XI Punjab,wickets,7,,,,AC Gilchrist,HDPK Dharmasena,S Ravi,,20,175,RS Mahanama,CK Nandan,KN Ananthapadmanabhan,,,,,598045
481,598048.yaml,2013,9,2013-04-09,Royal Challengers Bangalore,Sunrisers Hyderabad,Bangalore,M Chinnaswamy Stadium,,Sunrisers Hyderabad,bat,Royal Challengers Bangalore,wickets,7,,,,V Kohli,S Ravi,SJA Taufel,,20,162,DC Boon,CK Nandan,KN Ananthapadmanabhan,,,,,598048
482,598068.yaml,2013,70,2013-05-18,Royal Challengers Bangalore,Chennai Super Kings,Bangalore,M Chinnaswamy Stadium,,Chennai Super Kings,field,Royal Challengers Bangalore,runs,24,,,,V Kohli,C Shamshuddin,RJ Tucker,,8,107,AJ Pycroft,S Das,KN Ananthapadmanabhan,,,,,598068
483,733977.yaml,2014,24,2014-05-04,Royal Challengers Bangalore,Sunrisers Hyderabad,Bangalore,M Chinnaswamy Stadium,,Royal Challengers Bangalore,field,Royal Challengers Bangalore,wickets,4,,,,AB de Villiers,HDPK Dharmasena,VA Kulkarni,,20,156,RS Mahanama,PG Pathak,J Madanagopal,,,,,733977
484,733991.yaml,2014,31,2014-05-09,Royal Challengers Bangalore,Kings XI Punjab,Bangalore,M Chinnaswamy Stadium,,Royal Challengers Bangalore,field,Kings XI Punjab,runs,32,,,,Sandeep Sharma,S Ravi,K Srinath,,20,199,AJ Pycroft,K Srinivasan,KN Ananthapadmanabhan,,,,,733991
485,733999.yaml,2014,35,2014-05-11,Royal Challengers Bangalore,Rajasthan Royals,Bangalore,M Chinnaswamy Stadium,,Royal Challengers Bangalore,bat,Rajasthan Royals,wickets,5,,,,JP Faulkner,S Ravi,RJ Tucker,,20,191,AJ Pycroft,K Srinath,KN Ananthapadmanabhan,,,,,733999
486,734005.yaml,2014,38,2014-05-13,Royal Challengers Bangalore,Delhi Daredevils,Bangalore,M Chinnaswamy Stadium,,Delhi Daredevils,field,Royal Challengers Bangalore,runs,16,,,,Yuvraj Singh,K Srinath,RJ Tucker,,20,187,AJ Pycroft,S Ravi,KN Ananthapadmanabhan,,,,,734005
487,734035.yaml,2014,53,2014-05-24,Royal Challengers Bangalore,Chennai Super Kings,Bangalore,M Chinnaswamy Stadium,,Chennai Super Kings,field,Chennai Super Kings,wickets,8,,,,MS Dhoni,AK Chaudhary,NJ Llong,,20,155,RS Madugalle,CK Nandan,A Nand Kishore,,,,,734035
488,734049.yaml,2014,,2014-06-01,Kolkata Knight Riders,Kings XI Punjab,Bangalore,M Chinnaswamy Stadium,,Kolkata Knight Riders,field,Kolkata Knight Riders,wickets,3,,,,MK Pandey,HDPK Dharmasena,BNJ Oxenford,Final,20,200,RS Mahanama,S Ravi,CK Nandan,,,,,734049
489,829719.yaml,2015,8,2015-04-13,Royal Challengers Bangalore,Sunrisers Hyderabad,Bangalore,M Chinnaswamy Stadium,,Sunrisers Hyderabad,field,Sunrisers Hyderabad,wickets,8,,,,DA Warner,RM Deshpande,RK Illingworth,,20,167,M Nayyar,VA Kulkarni,K Bharatan,,,,,829719
490,829737.yaml,2015,16,2015-04-19,Royal Challengers Bangalore,Mumbai Indians,Bangalore,M Chinnaswamy Stadium,,Royal Challengers Bangalore,field,Mumbai Indians,runs,18,,,,Harbhajan Singh,RK Illingworth,VA Kulkarni,,20,210,J Srinath,RM Deshpande,K Bharatan,,,,,829737
491,829745.yaml,2015,20,2015-04-22,Royal Challengers Bangalore,Chennai Super Kings,Bangalore,M Chinnaswamy Stadium,,Royal Challengers Bangalore,field,Chennai Super Kings,runs,27,,,,SK Raina,JD Cloete,C Shamshuddin,,20,182,J Srinath,PG Pathak,VK Sharma,,,,,829745
492,829771.yaml,2015,33,2015-05-02,Royal Challengers Bangalore,Kolkata Knight Riders,Bangalore,M Chinnaswamy Stadium,,Royal Challengers Bangalore,field,Royal Challengers Bangalore,wickets,7,,,,Mandeep Singh,JD Cloete,PG Pathak,,10,112,J Srinath,C Shamshuddin,VK Sharma,,,,,829771
493,829785.yaml,2015,40,2015-05-06,Royal Challengers Bangalore,Kings XI Punjab,Bangalore,M Chinnaswamy Stadium,,Kings XI Punjab,field,Royal Challengers Bangalore,runs,138,,,,CH Gayle,RK Illingworth,VA Kulkarni,,20,227,RS Madugalle,S Ravi,RM Deshpande,,,,,829785
494,980907.yaml,2016,4,2016-04-12,Royal Challengers Bangalore,Sunrisers Hyderabad,Bangalore,M Chinnaswamy Stadium,,Sunrisers Hyderabad,field,Royal Challengers Bangalore,runs,45,,,,AB de Villiers,HDPK Dharmasena,VK Sharma,,20,228,J Srinath,KN Ananthapadmanabhan,YC Barde,,,,,980907
495,980921.yaml,2016,11,2016-04-17,Royal Challengers Bangalore,Delhi Daredevils,Bangalore,M Chinnaswamy Stadium,,Delhi Daredevils,field,Delhi Daredevils,wickets,7,,,,Q de Kock,VA Kulkarni,A Nand Kishore,,20,192,RS Mahanama,AY Dandekar,R Pandit,,,,,980921
496,980959.yaml,2016,30,2016-05-02,Royal Challengers Bangalore,Kolkata Knight Riders,Bangalore,M Chinnaswamy Stadium,,Kolkata Knight Riders,field,Kolkata Knight Riders,wickets,5,,,,AD Russell,M Erasmus,S Ravi,,20,186,J Srinath,K Bharatan,A Deshmukh,,,,,980959
497,980969.yaml,2016,35,2016-05-07,Royal Challengers Bangalore,Rising Pune Supergiants,Bangalore,M Chinnaswamy Stadium,,Royal Challengers Bangalore,field,Royal Challengers Bangalore,wickets,7,,,,V Kohli,CB Gaffaney,BNJ Oxenford,,20,192,Chinmay Sharma,A Nand Kishore,YC Barde,,,,,980969
498,980981.yaml,2016,41,2016-05-11,Royal Challengers Bangalore,Mumbai Indians,Bangalore,M Chinnaswamy Stadium,,Mumbai Indians,field,Mumbai Indians,wickets,6,,,,KH Pandya,AY Dandekar,C Shamshuddin,,20,152,RS Madugalle,RJ Tucker,Navdeep Singh,,,,,980981
499,980987.yaml,2016,44,2016-05-14,Royal Challengers Bangalore,Gujarat Lions,Bangalore,M Chinnaswamy Stadium,,Gujarat Lions,field,Royal Challengers Bangalore,runs,144,,,,AB de Villiers,AY Dandekar,VK Sharma,,20,249,RS Madugalle,C Shamshuddin,Navdeep Singh,,,,,980987
500,980999.yaml,2016,50,2016-05-18,Royal Challengers Bangalore,Kings XI Punjab,Bangalore,M Chinnaswamy Stadium,,Kings XI Punjab,field,Royal Challengers Bangalore,runs,82,,D/L,,V Kohli,KN Ananthapadmanabhan,M Erasmus,,14,203,M Nayyar,K Bharatan,A Deshmukh,,,,,980999
501,981013.yaml,2016,,2016-05-24,Gujarat Lions,Royal Challengers Bangalore,Bangalore,M Chinnaswamy Stadium,,Royal Challengers Bangalore,field,Royal Challengers Bangalore,wickets,4,,,,AB de Villiers,AK Chaudhary,HDPK Dharmasena,Qualifier 1,20,159,RS Mahanama,BNJ Oxenford,A Deshmukh,,,,,981013
502,981019.yaml,2016,,2016-05-29,Royal Challengers Bangalore,Sunrisers Hyderabad,Bangalore,M Chinnaswamy Stadium,,Sunrisers Hyderabad,bat,Sunrisers Hyderabad,runs,8,,,,BCJ Cutting,HDPK Dharmasena,BNJ Oxenford,Final,20,209,RS Madugalle,AK Chaudhary,A Deshmukh,,,,,981019
503,1082602.yaml,2017,12,2017-04-14,Royal Challengers Bangalore,Mumbai Indians,Bangalore,M Chinnaswamy Stadium,,Mumbai Indians,field,Mumbai Indians,wickets,4,,,,KA Pollard,KN Ananthapadmanabhan,AK Chaudhary,,20,143,Chinmay Sharma,C Shamshuddin,R Pandit,,,,,1082602
504,1082607.yaml,2017,17,2017-04-16,Royal Challengers Bangalore,Rising Pune Supergiant,Bangalore,M Chinnaswamy Stadium,,Royal Challengers Bangalore,field,Rising Pune Supergiant,runs,27,,,,BA Stokes,KN Ananthapadmanabhan,C Shamshuddin,,20,162,Chinmay Sharma,AK Chaudhary,R Pandit,,,,,1082607
505,1082621.yaml,2017,31,2017-04-27,Royal Challengers Bangalore,Gujarat Lions,Bangalore,M Chinnaswamy Stadium,,Gujarat Lions,field,Gujarat Lions,wickets,7,,,,AJ Tye,AK Chaudhary,C Shamshuddin,,20,135,Chinmay Sharma,M Erasmus,R Pandit,,,,,1082621
506,1082633.yaml,2017,43,2017-05-05,Royal Challengers Bangalore,Kings XI Punjab,Bangalore,M Chinnaswamy Stadium,,Royal Challengers Bangalore,field,Kings XI Punjab,runs,19,,,,Sandeep Sharma,CB Gaffaney,C Shamshuddin,,20,139,V Narayan Kutty,AY Dandekar,N Pandit,,,,,1082633
507,1082636.yaml,2017,46,2017-05-07,Royal Challengers Bangalore,Kolkata Knight Riders,Bangalore,M Chinnaswamy Stadium,,Kolkata Knight Riders,field,Kolkata Knight Riders,wickets,6,,,,SP Narine,AY Dandekar,C Shamshuddin,,20,159,AJ Pycroft,CB Gaffaney,N Pandit,,,,,1082636
508,1082648.yaml,2017,,2017-05-17,Sunrisers Hyderabad,Kolkata Knight Riders,Bangalore,M Chinnaswamy Stadium,,Kolkata Knight Riders,field,Kolkata Knight Riders,wickets,7,,D/L,,NM Coulter-Nile,AK Chaudhary,Nitin Menon,Eliminator,6,48,M Nayyar,A Nand Kishore,KN Ananthapadmanabhan,,,,,1082648
509,1082649.yaml,2017,,2017-05-19,Mumbai Indians,Kolkata Knight Riders,Bangalore,M Chinnaswamy Stadium,,Mumbai Indians,field,Mumbai Indians,wickets,6,,,,KV Sharma,NJ Llong,Nitin Menon,Qualifier 2,20,108,Chinmay Sharma,C Shamshuddin,KN Ananthapadmanabhan,,,,,1082649
510,1359479.yaml,2023,5,2023-04-02,Mumbai Indians,Royal Challengers Bangalore,Bengaluru,"M Chinnaswamy Stadium, Bengaluru",,Royal Challengers Bangalore,field,Royal Challengers Bangalore,wickets,8,,,,F du Plessis,Nitin Menon,Tapan Sharma,,20,172,J Srinath,VK Sharma,A Bengeri,JP Behrendorff,SA Yadav,,,1359479
511,1359489.yaml,2023,15,2023-04-10,Royal Challengers Bangalore,Lucknow Super Giants,Bengaluru,"M Chinnaswamy Stadium, Bengaluru",,Lucknow Super Giants,field,Lucknow Super Giants,wickets,1,,,,N Pooran,AK Chaudhary,A Nand Kishore,,20,213,DS Manohar,CB Gaffaney,M Kuppuraj,KV Sharma,Anuj Rawat,A Badoni,A Mishra,1359489
512,1359494.yaml,2023,20,2023-04-15,Royal Challengers Bangalore,Delhi Capitals,Bengaluru,"M Chinnaswamy Stadium, Bengaluru",,Delhi Capitals,field,Royal Challengers Bangalore,runs,23,,,,V Kohli,KN Ananthapadmanabhan,MV Saidharshan Kumar,,20,175,Amit Sharma,MA Gough,Abhijit Bhattacharya,Anuj Rawat,MK Lomror,PP Shaw,Mustafizur Rahman,1359494
513,1359498.yaml,2023,24,2023-04-17,Chennai Super Kings,Royal Challengers Bangalore,Bengaluru,"M Chinnaswamy Stadium, Bengaluru",,Royal Challengers Bangalore,field,Chennai Super Kings,runs,8,,,,DP Conway,KN Ananthapadmanabhan,Navdeep Singh,,20,227,Amit Sharma,MA Gough,Abhijit Bhattacharya,Akash Singh,AT Rayudu,SS Prabhudessai,Mohammed Siraj,1359498
514,1359506.yaml,2023,32,2023-04-23,Royal Challengers Bangalore,Rajasthan Royals,Bengaluru,"M Chinnaswamy Stadium, Bengaluru",,Rajasthan Royals,field,Royal Challengers Bangalore,runs,7,,,,GJ Maxwell,MA Gough,MV Saidharshan Kumar,,20,190,Amit Sharma,Navdeep Singh,Abhijit Bhattacharya,HV Patel,F du Plessis,Abdul Basith,D Padikkal,1359506
515,1359510.yaml,2023,36,2023-04-26,Kolkata Knight Riders,Royal Challengers Bangalore,Bengaluru,"M Chinnaswamy Stadium, Bengaluru",,Royal Challengers Bangalore,field,Kolkata Knight Riders,runs,21,,,,CV Varun,KN Ananthapadmanabhan,R Pandit,,20,201,Amit Sharma,MA Gough,Abhijit Bhattacharya,Suyash Sharma,JJ Roy,F du Plessis,HV Patel,1359510
516,1359544.yaml,2023,70,2023-05-21,Royal Challengers Bangalore,Gujarat Titans,Bengaluru,"M Chinnaswamy Stadium, Bengaluru",,Gujarat Titans,field,Gujarat Titans,wickets,6,,,,Shubman Gill,Nitin Menon,VK Sharma,,20,198,J Srinath,Tapan Sharma,VM Dhokre,H Sharma,KD Karthik,V Shankar,Yash Dayal,1359544
517,1422124.yaml,2024,6,2024-03-25,Punjab Kings,Royal Challengers Bengaluru,Bengaluru,"M Chinnaswamy Stadium, Bengaluru",,Royal Challengers Bengaluru,field,Royal Challengers Bengaluru,wickets,4,,,,V Kohli,AK Chaudhary,MV Saidharshan Kumar,,20,177,M Nayyar,BNJ Oxenford,M Krishnadas,Arshdeep Singh,P Simran Singh,MK Lomror,Yash Dayal,1422124
518,1422128.yaml,2024,10,2024-03-29,Royal Challengers Bengaluru,Kolkata Knight Riders,Bengaluru,"M Chinnaswamy Stadium, Bengaluru",,Kolkata Knight Riders,field,Kolkata Knight Riders,wickets,7,,,,SP Narine,AK Chaudhary,R Pandit,,20,183,M Nayyar,BNJ Oxenford,M Krishnadas,Vijaykumar Vyshak,KD Karthik,A Raghuvanshi,CV Varun,1422128
519,1422133.yaml,2024,15,2024-04-02,Lucknow Super Giants,Royal Challengers Bengaluru,Bengaluru,"M Chinnaswamy Stadium, Bengaluru",,Royal Challengers Bengaluru,field,Lucknow Super Giants,runs,28,,,,MP Yadav,J Madanagopal,NA Patwardhan,,20,182,V Narayan Kutty,AG Wharf,PM Joshi,M Siddharth,Q de Kock,MK Lomror,Yash Dayal,1422133
520,1426268.yaml,2024,30,2024-04-15,Sunrisers Hyderabad,Royal Challengers Bengaluru,Bengaluru,"M Chinnaswamy Stadium, Bengaluru",,Royal Challengers Bengaluru,field,Sunrisers Hyderabad,runs,25,,,,TM Head,AK Chaudhary,R Pandit,,20,288,M Nayyar,BNJ Oxenford,M Krishnadas,M Markande,TM Head,Anuj Rawat,Yash Dayal,1426268
521,1426290.yaml,2024,52,2024-05-04,Gujarat Titans,Royal Challengers Bengaluru,Bengaluru,"M Chinnaswamy Stadium, Bengaluru",,Royal Challengers Bengaluru,field,Royal Challengers Bengaluru,wickets,4,,,,Mohammed Siraj,A Totre,Vinod Seshan,,20,148,DS Manohar,KN Ananthapadmanabhan,K Kelkar,V Shankar,B Sai Sudharsan,RM Patidar,Yash Dayal,1426290
522,1426300.yaml,2024,62,2024-05-12,Royal Challengers Bengaluru,Delhi Capitals,Bengaluru,"M Chinnaswamy Stadium, Bengaluru",,Delhi Capitals,field,Royal Challengers Bengaluru,runs,47,,,,C Green,A Nand Kishore,VA Kulkarni,,20,188,R Seth,Nitin Menon,Bhavesh Patel,Swapnil Singh,RM Patidar,DA Warner,KK Ahmed,1426300
523,1426306.yaml,2024,68,2024-05-18,Royal Challengers Bengaluru,Chennai Super Kings,Bengaluru,"M Chinnaswamy Stadium, Bengaluru",,Chennai Super Kings,field,Royal Challengers Bengaluru,runs,27,,,,F du Plessis,A Totre,KN Ananthapadmanabhan,,20,219,DS Manohar,MA Gough,A Bengeri,Swapnil Singh,RM Patidar,S Dube,M Theekshana,1426306
524,1473451.yaml,2025,14,2025-04-02,Royal Challengers Bengaluru,Gujarat Titans,Bengaluru,"M Chinnaswamy Stadium, Bengaluru",,Gujarat Titans,field,Gujarat Titans,wickets,8,,,,Mohammed Siraj,Abhijit Bhattacharya,UV Gandhe,,20,170,V Narayan Kutty,VK Sharma,AK Argal,Rasikh Salam,D Padikkal,SE Rutherford,I Sharma,1473451
525,1473461.yaml,2025,24,2025-04-10,Royal Challengers Bengaluru,Delhi Capitals,Bengaluru,"M Chinnaswamy Stadium, Bengaluru",,Delhi Capitals,field,Delhi Capitals,wickets,6,,,,KL Rahul,KN Ananthapadmanabhan,MV Saidharshan Kumar,,20,164,J Srinath,Nitin Menon,HAS Khalid,Suyash Sharma,D Padikkal,Abishek Porel,Mukesh Kumar,1473461
526,1473471.yaml,2025,34,2025-04-18,Royal Challengers Bengaluru,Punjab Kings,Bengaluru,"M Chinnaswamy Stadium, Bengaluru",,Punjab Kings,field,Punjab Kings,wickets,5,,,,TH David,UV Gandhe,VK Sharma,,14,96,V Narayan Kutty,MA Gough,K Swaroopanand,MS Bhandage,LS Livingstone,P Simran Singh,YS Chahal,1473471
527,1473479.yaml,2025,42,2025-04-24,Royal Challengers Bengaluru,Rajasthan Royals,Bengaluru,"M Chinnaswamy Stadium, Bengaluru",,Rajasthan Royals,field,Royal Challengers Bengaluru,runs,11,,,,JR Hazlewood,MA Gough,UV Gandhe,,20,206,R Seth,VK Sharma,K Swaroopanand,Suyash Sharma,D Padikkal,V Suryavanshi,Sandeep Sharma,1473479
528,1473489.yaml,2025,52,2025-05-03,Royal Challengers Bengaluru,Chennai Super Kings,Bengaluru,"M Chinnaswamy Stadium, Bengaluru",,Chennai Super Kings,field,Royal Challengers Bengaluru,runs,2,,,,R Shepherd,M Krishnadas,Nitin Menon,,20,214,IR Siddiqui,KN Ananthapadmanabhan,KM Gandhi,Suyash Sharma,D Padikkal,S Dube,M Pathirana,1473489
529,1527674.yaml,2026,1,2026-03-28,Sunrisers Hyderabad,Royal Challengers Bengaluru,Bengaluru,"M Chinnaswamy Stadium, Bengaluru",,Royal Challengers Bengaluru,field,Royal Challengers Bengaluru,wickets,6,,,,JA Duffy,J Madanagopal,UV Gandhe,,20,202,J Srinath,R Pandit,A Bengeri,DA Payne,TM Head,D Padikkal,JA Duffy,1527674
530,1527684.yaml,2026,11,2026-04-05,Royal Challengers Bengaluru,Chennai Super Kings,Bengaluru,"M Chinnaswamy Stadium, Bengaluru",,Chennai Super Kings,field,Royal Challengers Bengaluru,runs,43,,,,TH David,A Totre,KN Ananthapadmanabhan,,20,251,Prakash Bhatt,AT Holdstock,Abhijit Bhattacharya,Suyash Sharma,D Padikkal,Kartik Sharma,KK Ahmed,1527684
531,1529266.yaml,2026,23,2026-04-15,Lucknow Super Giants,Royal Challengers Bengaluru,Bengaluru,"M Chinnaswamy Stadium, Bengaluru",,Royal Challengers Bengaluru,field,Royal Challengers Bengaluru,wickets,5,,,,JR Hazlewood,AT Holdstock,Bhavesh Patel,,20,147,Prakash Bhatt,KN Ananthapadmanabhan,Abhijit Bhattacharya,GF Linde,A Badoni,V Kohli,Suyash Sharma,1529266
532,1529269.yaml,2026,26,2026-04-18,Royal Challengers Bengaluru,Delhi Capitals,Bengaluru,"M Chinnaswamy Stadium, Bengaluru",,Delhi Capitals,field,Delhi Capitals,wickets,6,,,,T Stubbs,Abhijit Bhattacharya,Bhavesh Patel,,20,176,Prakash Bhatt,KN Ananthapadmanabhan,A Totre,Rasikh Salam,D Padikkal,KK Nair,Mukesh Kumar,1529269
533,1529277.yaml,2026,34,2026-04-24,Gujarat Titans,Royal Challengers Bengaluru,Bengaluru,"M Chinnaswamy Stadium, Bengaluru",,Royal Challengers Bengaluru,field,Royal Challengers Bengaluru,wickets,5,,,,V Kohli,Amit Rana,J Madanagopal,,20,206,J Srinath,UV Gandhe,K Kelkar,M Prasidh Krishna,R Tewatia,JG Bethell,Suyash Sharma,1529277
534,1082595.yaml,2017,5,2017-04-08,Royal Challengers Bangalore,Delhi Daredevils,Bengaluru,M.Chinnaswamy Stadium,,Royal Challengers Bangalore,bat,Royal Challengers Bangalore,runs,15,,,,KM Jadhav,S Ravi,VK Sharma,,20,158,J Srinath,A Nand Kishore,Navdeep Singh,,,,,1082595
535,1136568.yaml,2018,8,2018-04-13,Kings XI Punjab,Royal Challengers Bangalore,Bengaluru,M.Chinnaswamy Stadium,,Royal Challengers Bangalore,field,Royal Challengers Bangalore,wickets,4,,,,UT Yadav,A Deshmukh,S Ravi,,20,156,V Narayan Kutty,C Shamshuddin,K Srinath,,,,,1136568
536,1136571.yaml,2018,11,2018-04-15,Rajasthan Royals,Royal Challengers Bangalore,Bengaluru,M.Chinnaswamy Stadium,,Royal Challengers Bangalore,field,Rajasthan Royals,runs,19,,,,SV Samson,C Shamshuddin,S Ravi,,20,218,M Nayyar,A Deshmukh,K Srinath,,,,,1136571
537,1136579.yaml,2018,19,2018-04-21,Delhi Daredevils,Royal Challengers Bangalore,Bengaluru,M.Chinnaswamy Stadium,,Royal Challengers Bangalore,field,Royal Challengers Bangalore,wickets,6,,,,AB de Villiers,CB Gaffaney,CK Nandan,,20,175,RB Richardson,A Nand Kishore,UV Gandhe,,,,,1136579
538,1136584.yaml,2018,24,2018-04-25,Royal Challengers Bangalore,Chennai Super Kings,Bengaluru,M.Chinnaswamy Stadium,,Chennai Super Kings,field,Chennai Super Kings,wickets,5,,,,MS Dhoni,NJ Llong,VK Sharma,,20,206,S Chaturvedi,AK Chaudhary,N Pandit,,,,,1136584
539,1136589.yaml,2018,29,2018-04-29,Royal Challengers Bangalore,Kolkata Knight Riders,Bengaluru,M.Chinnaswamy Stadium,,Kolkata Knight Riders,field,Kolkata Knight Riders,wickets,6,,,,CA Lynn,AK Chaudhary,NJ Llong,,20,176,M Nayyar,VK Sharma,R Pandit,,,,,1136589
540,1136591.yaml,2018,31,2018-05-01,Royal Challengers Bangalore,Mumbai Indians,Bengaluru,M.Chinnaswamy Stadium,,Mumbai Indians,field,Royal Challengers Bangalore,runs,14,,,,TG Southee,M Erasmus,Nitin Menon,,20,168,J Srinath,YC Barde,N Pandit,,,,,1136591
541,1136611.yaml,2018,51,2018-05-17,Royal Challengers Bangalore,Sunrisers Hyderabad,Bengaluru,M.Chinnaswamy Stadium,,Sunrisers Hyderabad,field,Royal Challengers Bangalore,runs,14,,,,AB de Villiers,AY Dandekar,S Ravi,,20,219,Prakash Bhatt,C Shamshuddin,HAS Khalid,,,,,1136611
542,1175362.yaml,2019,7,2019-03-28,Mumbai Indians,Royal Challengers Bangalore,Bengaluru,M.Chinnaswamy Stadium,,Royal Challengers Bangalore,field,Mumbai Indians,runs,6,,,,JJ Bumrah,CK Nandan,S Ravi,,20,188,M Nayyar,YC Barde,BK Ravi,,,,,1175362
543,1175372.yaml,2019,17,2019-04-05,Royal Challengers Bangalore,Kolkata Knight Riders,Bengaluru,M.Chinnaswamy Stadium,,Kolkata Knight Riders,field,Kolkata Knight Riders,wickets,5,,,,AD Russell,AK Chaudhary,CB Gaffaney,,20,206,V Narayan Kutty,CK Nandan,GR Sadashiv Iyer,,,,,1175372
544,1178395.yaml,2019,20,2019-04-07,Royal Challengers Bangalore,Delhi Capitals,Bengaluru,M.Chinnaswamy Stadium,,Delhi Capitals,field,Delhi Capitals,wickets,4,,,,K Rabada,S Ravi,YC Barde,,20,150,M Nayyar,CK Nandan,BK Ravi,,,,,1178395
545,1178414.yaml,2019,39,2019-04-21,Royal Challengers Bangalore,Chennai Super Kings,Bengaluru,M.Chinnaswamy Stadium,,Chennai Super Kings,field,Royal Challengers Bangalore,runs,1,,,,PA Patel,RJ Tucker,VA Kulkarni,,20,162,J Srinath,AK Chaudhary,BK Ravi,,,,,1178414
546,1178417.yaml,2019,42,2019-04-24,Royal Challengers Bangalore,Kings XI Punjab,Bengaluru,M.Chinnaswamy Stadium,,Kings XI Punjab,field,Royal Challengers Bangalore,runs,17,,,,AB de Villiers,BNJ Oxenford,C Shamshuddin,,20,203,J Srinath,RJ Tucker,K Srinivasan,,,,,1178417
547,1178429.yaml,2019,54,2019-05-04,Sunrisers Hyderabad,Royal Challengers Bangalore,Bengaluru,M.Chinnaswamy Stadium,,Royal Challengers Bangalore,field,Royal Challengers Bangalore,wickets,4,,,,SO Hetmyer,AK Chaudhary,NJ Llong,,20,176,V Narayan Kutty,UV Gandhe,,,,,,1178429
548,1136565.yaml,2018,5,2018-04-10,Kolkata Knight Riders,Chennai Super Kings,Chennai,MA Chidambaram Stadium,,Chennai Super Kings,field,Chennai Super Kings,wickets,5,,,,SW Billings,AK Chaudhary,CB Gaffaney,,20,203,RB Richardson,A Nand Kishore,UV Gandhe,,,,,1136565
549,1175356.yaml,2019,1,2019-03-23,Royal Challengers Bangalore,Chennai Super Kings,Chennai,MA Chidambaram Stadium,,Chennai Super Kings,field,Chennai Super Kings,wickets,7,,,,Harbhajan Singh,AY Dandekar,BNJ Oxenford,,20,71,J Srinath,Nitin Menon,HAS Khalid,,,,,1175356
550,1175367.yaml,2019,12,2019-03-31,Chennai Super Kings,Rajasthan Royals,Chennai,MA Chidambaram Stadium,,Rajasthan Royals,field,Chennai Super Kings,runs,8,,,,MS Dhoni,CK Nandan,YC Barde,,20,176,M Nayyar,BNJ Oxenford,BK Ravi,,,,,1175367
551,1178393.yaml,2019,18,2019-04-06,Chennai Super Kings,Kings XI Punjab,Chennai,MA Chidambaram Stadium,,Chennai Super Kings,bat,Chennai Super Kings,runs,22,,,,Harbhajan Singh,KN Ananthapadmanabhan,RJ Tucker,,20,161,Chinmay Sharma,C Shamshuddin,K Srinath,,,,,1178393
552,1178398.yaml,2019,23,2019-04-09,Kolkata Knight Riders,Chennai Super Kings,Chennai,MA Chidambaram Stadium,,Chennai Super Kings,field,Chennai Super Kings,wickets,7,,,,DL Chahar,C Shamshuddin,RJ Tucker,,20,109,Prakash Bhatt,UV Gandhe,K Srinath,,,,,1178398
553,1178416.yaml,2019,41,2019-04-23,Sunrisers Hyderabad,Chennai Super Kings,Chennai,MA Chidambaram Stadium,,Chennai Super Kings,field,Chennai Super Kings,wickets,6,,,,SR Watson,AK Chaudhary,NJ Llong,,20,176,V Narayan Kutty,VA Kulkarni,N Pandit,,,,,1178416
554,1178419.yaml,2019,44,2019-04-26,Mumbai Indians,Chennai Super Kings,Chennai,MA Chidambaram Stadium,,Chennai Super Kings,field,Mumbai Indians,runs,46,,,,RG Sharma,AK Chaudhary,NJ Llong,,20,156,V Narayan Kutty,VA Kulkarni,N Pandit,,,,,1178419
555,1178425.yaml,2019,50,2019-05-01,Chennai Super Kings,Delhi Capitals,Chennai,MA Chidambaram Stadium,,Delhi Capitals,field,Chennai Super Kings,runs,80,,,,MS Dhoni,AY Dandekar,Nitin Menon,,20,180,AJ Pycroft,IJ Gould,HAS Khalid,,,,,1178425
556,1181764.yaml,2019,,2019-05-07,Chennai Super Kings,Mumbai Indians,Chennai,MA Chidambaram Stadium,,Chennai Super Kings,bat,Mumbai Indians,wickets,6,,,,SA Yadav,NJ Llong,Nitin Menon,Qualifier 1,20,132,J Srinath,IJ Gould,CK Nandan,,,,,1181764
557,335989.yaml,2007/08,8,2008-04-23,Chennai Super Kings,Mumbai Indians,Chennai,"MA Chidambaram Stadium, Chepauk",,Mumbai Indians,field,Chennai Super Kings,runs,6,,,,ML Hayden,DJ Harper,GA Pratapkumar,,20,209,FM Engineer,BF Bowden,S Ravi,,,,,335989
558,335993.yaml,2007/08,11,2008-04-26,Chennai Super Kings,Kolkata Knight Riders,Chennai,"MA Chidambaram Stadium, Chepauk",,Kolkata Knight Riders,bat,Chennai Super Kings,wickets,9,,,,JDP Oram,BF Bowden,AV Jayaprakash,,20,148,Talat Ali,SJ Davis,S Ravi,,,,,335993
559,336001.yaml,2007/08,20,2008-05-02,Chennai Super Kings,Delhi Daredevils,Chennai,"MA Chidambaram Stadium, Chepauk",,Chennai Super Kings,bat,Delhi Daredevils,wickets,8,,,,V Sehwag,BF Bowden,K Hariharan,,20,170,S Venkataraghavan,MR Benson,S Ravi,,,,,336001
560,336007.yaml,2007/08,26,2008-05-06,Chennai Super Kings,Deccan Chargers,Chennai,"MA Chidambaram Stadium, Chepauk",,Deccan Chargers,field,Deccan Chargers,wickets,7,,,,AC Gilchrist,MR Benson,RB Tiffin,,20,145,J Srinath,S Ravi,K Srinivasan,,,,,336007
561,336013.yaml,2007/08,31,2008-05-10,Chennai Super Kings,Kings XI Punjab,Chennai,"MA Chidambaram Stadium, Chepauk",,Kings XI Punjab,field,Chennai Super Kings,runs,18,,,,L Balaji,AV Jayaprakash,BG Jerling,,20,182,J Srinath,I Shivram,S Ravi,,,,,336013
562,336029.yaml,2007/08,46,2008-05-21,Chennai Super Kings,Royal Challengers Bangalore,Chennai,"MA Chidambaram Stadium, Chepauk",,Royal Challengers Bangalore,bat,Royal Challengers Bangalore,runs,14,,,,A Kumble,DJ Harper,I Shivram,,20,127,J Srinath,BR Doctrove,S Ravi,,,,,336029
563,336033.yaml,2007/08,49,2008-05-24,Chennai Super Kings,Rajasthan Royals,Chennai,"MA Chidambaram Stadium, Chepauk",,Rajasthan Royals,bat,Rajasthan Royals,runs,10,,,,JA Morkel,DJ Harper,SL Shastri,,20,212,J Srinath,AV Jayaprakash,,,,,,336033
564,419110.yaml,2009/10,5,2010-03-14,Chennai Super Kings,Deccan Chargers,Chennai,"MA Chidambaram Stadium, Chepauk",,Deccan Chargers,bat,Deccan Chargers,runs,31,,,,WPUJC Vaas,K Hariharan,DJ Harper,,20,191,D Govindjee,S Das,J Madanagopal,,,,,419110
565,419133.yaml,2009/10,28,2010-03-31,Chennai Super Kings,Royal Challengers Bangalore,Chennai,"MA Chidambaram Stadium, Chepauk",,Royal Challengers Bangalore,bat,Chennai Super Kings,wickets,5,,,,M Vijay,BG Jerling,RE Koertzen,,20,162,AJ Pycroft,RB Tiffin,J Madanagopal,,,,,419133
566,419137.yaml,2009/10,32,2010-04-03,Chennai Super Kings,Rajasthan Royals,Chennai,"MA Chidambaram Stadium, Chepauk",,Chennai Super Kings,bat,Chennai Super Kings,runs,23,,,,M Vijay,RE Koertzen,RB Tiffin,,20,247,AJ Pycroft,BG Jerling,J Madanagopal,,,,,419137
567,419142.yaml,2009/10,37,2010-04-06,Chennai Super Kings,Mumbai Indians,Chennai,"MA Chidambaram Stadium, Chepauk",,Chennai Super Kings,bat,Chennai Super Kings,runs,24,,,,SK Raina,S Asnani,DJ Harper,,20,166,J Srinath,K Hariharan,J Madanagopal,,,,,419142
568,419153.yaml,2009/10,48,2010-04-13,Chennai Super Kings,Kolkata Knight Riders,Chennai,"MA Chidambaram Stadium, Chepauk",,Kolkata Knight Riders,bat,Chennai Super Kings,wickets,9,,,,R Ashwin,SS Hazare,SJA Taufel,,20,140,GR Viswanath,HDPK Dharmasena,J Madanagopal,,,,,419153
569,419155.yaml,2009/10,50,2010-04-15,Chennai Super Kings,Delhi Daredevils,Chennai,"MA Chidambaram Stadium, Chepauk",,Chennai Super Kings,bat,Delhi Daredevils,wickets,6,,,,G Gambhir,HDPK Dharmasena,SS Hazare,,20,113,GR Viswanath,SJA Taufel,J Madanagopal,,,,,419155
570,501198.yaml,2011,1,2011-04-08,Chennai Super Kings,Kolkata Knight Riders,Chennai,"MA Chidambaram Stadium, Chepauk",,Chennai Super Kings,bat,Chennai Super Kings,runs,2,,,,S Anirudha,BR Doctrove,PR Reiffel,,20,154,J Srinath,S Asnani,K Srinath,,,,,501198
571,501211.yaml,2011,14,2011-04-16,Chennai Super Kings,Royal Challengers Bangalore,Chennai,"MA Chidambaram Stadium, Chepauk",,Chennai Super Kings,bat,Chennai Super Kings,runs,21,,,,MEK Hussey,HDPK Dharmasena,AL Hill,,20,184,Raju Mukherjee,K Hariharan,K Srinath,,,,,501211
572,501226.yaml,2011,29,2011-04-25,Chennai Super Kings,Pune Warriors,Chennai,"MA Chidambaram Stadium, Chepauk",,Pune Warriors,field,Chennai Super Kings,runs,25,,,,MEK Hussey,Aleem Dar,RB Tiffin,,20,143,AJ Pycroft,SS Hazare,K Srinath,,,,,501226
573,501236.yaml,2011,39,2011-05-01,Chennai Super Kings,Deccan Chargers,Chennai,"MA Chidambaram Stadium, Chepauk",,Chennai Super Kings,bat,Chennai Super Kings,runs,19,,,,JA Morkel,Aleem Dar,RB Tiffin,,20,166,AJ Pycroft,SS Hazare,K Srinath,,,,,501236
574,501240.yaml,2011,43,2011-05-04,Chennai Super Kings,Rajasthan Royals,Chennai,"MA Chidambaram Stadium, Chepauk",,Rajasthan Royals,bat,Chennai Super Kings,wickets,8,,,,MEK Hussey,SS Hazare,RB Tiffin,,20,148,AJ Pycroft,Aleem Dar,K Srinath,,,,,501240
575,501253.yaml,2011,56,2011-05-12,Chennai Super Kings,Delhi Daredevils,Chennai,"MA Chidambaram Stadium, Chepauk",,Chennai Super Kings,bat,Chennai Super Kings,runs,18,,,,MS Dhoni,AM Saheba,SL Shastri,,20,177,GF Labrooy,Asad Rauf,K Srinath,,,,,501253
576,501261.yaml,2011,64,2011-05-18,Chennai Super Kings,Kochi Tuskers Kerala,Chennai,"MA Chidambaram Stadium, Chepauk",,Chennai Super Kings,bat,Chennai Super Kings,runs,11,,,,WP Saha,HDPK Dharmasena,RE Koertzen,,20,153,RS Mahanama,K Hariharan,K Srinath,,,,,501261
577,501270.yaml,2011,,2011-05-27,Royal Challengers Bangalore,Mumbai Indians,Chennai,"MA Chidambaram Stadium, Chepauk",,Mumbai Indians,field,Royal Challengers Bangalore,runs,43,,,,CH Gayle,Asad Rauf,SJA Taufel,Qualifier 2,20,186,RS Mahanama,HDPK Dharmasena,K Srinath,,,,,501270
578,501271.yaml,2011,,2011-05-28,Chennai Super Kings,Royal Challengers Bangalore,Chennai,"MA Chidambaram Stadium, Chepauk",,Chennai Super Kings,bat,Chennai Super Kings,runs,58,,,,M Vijay,Asad Rauf,SJA Taufel,Final,20,206,RS Mahanama,HDPK Dharmasena,K Srinath,,,,,501271
579,548306.yaml,2012,1,2012-04-04,Chennai Super Kings,Mumbai Indians,Chennai,"MA Chidambaram Stadium, Chepauk",,Mumbai Indians,field,Mumbai Indians,wickets,8,,,,RE Levi,JD Cloete,SJA Taufel,,20,113,RS Madugalle,S Ravi,K Srinath,,,,,548306
580,548318.yaml,2012,13,2012-04-12,Chennai Super Kings,Royal Challengers Bangalore,Chennai,"MA Chidambaram Stadium, Chepauk",,Royal Challengers Bangalore,bat,Chennai Super Kings,wickets,5,,,,F du Plessis,HDPK Dharmasena,RJ Tucker,,20,206,Raju Mukherjee,S Ravi,K Srinath,,,,,548318
581,548330.yaml,2012,24,2012-04-19,Chennai Super Kings,Pune Warriors,Chennai,"MA Chidambaram Stadium, Chepauk",,Pune Warriors,field,Chennai Super Kings,runs,13,,,,KMDN Kulasekara,Asad Rauf,S Das,,20,165,GF Labrooy,S Asnani,K Srinath,,,,,548330
582,548332.yaml,2012,26,2012-04-21,Chennai Super Kings,Rajasthan Royals,Chennai,"MA Chidambaram Stadium, Chepauk",,Rajasthan Royals,bat,Chennai Super Kings,wickets,7,,,,F du Plessis,Aleem Dar,BNJ Oxenford,,20,147,J Srinath,AK Chaudhary,K Srinath,,,,,548332
583,548343.yaml,2012,37,2012-04-28,Chennai Super Kings,Kings XI Punjab,Chennai,"MA Chidambaram Stadium, Chepauk",,Kings XI Punjab,bat,Kings XI Punjab,runs,7,,,,Mandeep Singh,BF Bowden,SK Tarapore,,20,157,RS Mahanama,C Shamshuddin,K Srinivasan,,,,,548343
584,548347.yaml,2012,41,2012-04-30,Chennai Super Kings,Kolkata Knight Riders,Chennai,"MA Chidambaram Stadium, Chepauk",,Chennai Super Kings,bat,Kolkata Knight Riders,wickets,5,,,,G Gambhir,BF Bowden,C Shamshuddin,,20,140,RS Mahanama,SK Tarapore,K Srinivasan,,,,,548347
585,548352.yaml,2012,46,2012-05-04,Chennai Super Kings,Deccan Chargers,Chennai,"MA Chidambaram Stadium, Chepauk",,Chennai Super Kings,bat,Chennai Super Kings,runs,10,,,,SK Raina,HDPK Dharmasena,BNJ Oxenford,,20,161,RS Mahanama,Aleem Dar,K Srinivasan,,,,,548352
586,548364.yaml,2012,59,2012-05-12,Chennai Super Kings,Delhi Daredevils,Chennai,"MA Chidambaram Stadium, Chepauk",,Chennai Super Kings,field,Chennai Super Kings,wickets,9,,,,BW Hilfenhaus,S Das,BR Doctrove,,20,115,GF Labrooy,S Asnani,K Srinivasan,,,,,548364
587,548380.yaml,2012,,2012-05-25,Delhi Daredevils,Chennai Super Kings,Chennai,"MA Chidambaram Stadium, Chepauk",,Delhi Daredevils,field,Chennai Super Kings,runs,86,,,,M Vijay,BR Doctrove,SJA Taufel,Qualifier 2,20,223,RS Madugalle,BF Bowden,K Srinath,,,,,548380
588,548381.yaml,2012,,2012-05-27,Kolkata Knight Riders,Chennai Super Kings,Chennai,"MA Chidambaram Stadium, Chepauk",,Chennai Super Kings,bat,Kolkata Knight Riders,wickets,5,,,,MS Bisla,BF Bowden,SJA Taufel,Final,20,191,RS Madugalle,BR Doctrove,K Srinivasan,,,,,548381
589,598002.yaml,2013,5,2013-04-06,Chennai Super Kings,Mumbai Indians,Chennai,"MA Chidambaram Stadium, Chepauk",,Mumbai Indians,bat,Mumbai Indians,runs,9,,,,KA Pollard,M Erasmus,VA Kulkarni,,20,149,J Srinath,K Srinath,K Srinivasan,,,,,598002
590,598012.yaml,2013,16,2013-04-13,Chennai Super Kings,Royal Challengers Bangalore,Chennai,"MA Chidambaram Stadium, Chepauk",,Chennai Super Kings,field,Chennai Super Kings,wickets,4,,,,RA Jadeja,Asad Rauf,AK Chaudhary,,20,166,J Srinath,S Asnani,K Srinivasan,,,,,598012
591,598015.yaml,2013,19,2013-04-15,Chennai Super Kings,Pune Warriors,Chennai,"MA Chidambaram Stadium, Chepauk",,Pune Warriors,bat,Pune Warriors,runs,24,,,,SPD Smith,Asad Rauf,AK Chaudhary,,20,160,RR Jadeja,S Asnani,K Srinivasan,,,,,598015
592,598026.yaml,2013,30,2013-04-22,Chennai Super Kings,Rajasthan Royals,Chennai,"MA Chidambaram Stadium, Chepauk",,Rajasthan Royals,bat,Chennai Super Kings,wickets,5,,,,MEK Hussey,S Asnani,AK Chaudhary,,20,186,RR Jadeja,Asad Rauf,K Srinivasan,,,,,598026
593,598030.yaml,2013,34,2013-04-25,Chennai Super Kings,Sunrisers Hyderabad,Chennai,"MA Chidambaram Stadium, Chepauk",,Sunrisers Hyderabad,bat,Chennai Super Kings,wickets,5,,,,MS Dhoni,Aleem Dar,S Das,,20,160,AJ Pycroft,C Shamshuddin,K Srinivasan,,,,,598030
594,598034.yaml,2013,38,2013-04-28,Chennai Super Kings,Kolkata Knight Riders,Chennai,"MA Chidambaram Stadium, Chepauk",,Kolkata Knight Riders,field,Chennai Super Kings,runs,14,,,,MEK Hussey,Aleem Dar,SJA Taufel,,20,201,AJ Pycroft,C Shamshuddin,K Srinivasan,,,,,598034
595,598041.yaml,2013,45,2013-05-02,Chennai Super Kings,Kings XI Punjab,Chennai,"MA Chidambaram Stadium, Chepauk",,Chennai Super Kings,bat,Chennai Super Kings,runs,15,,,,SK Raina,M Erasmus,VA Kulkarni,,20,187,Raju Mukherjee,NJ Llong,K Srinivasan,,,,,598041
596,598062.yaml,2013,64,2013-05-14,Chennai Super Kings,Delhi Daredevils,Chennai,"MA Chidambaram Stadium, Chepauk",,Chennai Super Kings,bat,Chennai Super Kings,runs,33,,,,MS Dhoni,C Shamshuddin,RJ Tucker,,20,169,AJ Pycroft,S Das,K Srinivasan,,,,,598062
597,829707.yaml,2015,2,2015-04-09,Chennai Super Kings,Delhi Daredevils,Chennai,"MA Chidambaram Stadium, Chepauk",,Delhi Daredevils,field,Chennai Super Kings,runs,1,,,,A Nehra,RK Illingworth,VA Kulkarni,,20,151,M Nayyar,RM Deshpande,K Bharatan,,,,,829707
598,829711.yaml,2015,4,2015-04-11,Chennai Super Kings,Sunrisers Hyderabad,Chennai,"MA Chidambaram Stadium, Chepauk",,Chennai Super Kings,bat,Chennai Super Kings,runs,45,,,,BB McCullum,RK Illingworth,VA Kulkarni,,20,210,M Nayyar,RM Deshpande,K Bharatan,,,,,829711
599,829753.yaml,2015,24,2015-04-25,Chennai Super Kings,Kings XI Punjab,Chennai,"MA Chidambaram Stadium, Chepauk",,Chennai Super Kings,bat,Chennai Super Kings,runs,97,,,,BB McCullum,JD Cloete,C Shamshuddin,,20,193,J Srinath,PG Pathak,VK Sharma,,,,,829753
600,829765.yaml,2015,28,2015-04-28,Chennai Super Kings,Kolkata Knight Riders,Chennai,"MA Chidambaram Stadium, Chepauk",,Kolkata Knight Riders,field,Chennai Super Kings,runs,2,,,,DJ Bravo,RM Deshpande,VA Kulkarni,,20,135,J Srinath,RK Illingworth,K Bharatan,,,,,829765
601,829779.yaml,2015,37,2015-05-04,Chennai Super Kings,Royal Challengers Bangalore,Chennai,"MA Chidambaram Stadium, Chepauk",,Chennai Super Kings,bat,Chennai Super Kings,runs,24,,,,SK Raina,C Shamshuddin,K Srinath,,20,149,J Srinath,JD Cloete,PG Pathak,,,,,829779
602,829789.yaml,2015,43,2015-05-08,Chennai Super Kings,Mumbai Indians,Chennai,"MA Chidambaram Stadium, Chepauk",,Chennai Super Kings,bat,Mumbai Indians,wickets,6,,,,HH Pandya,CB Gaffaney,CK Nandan,,20,159,RR Jadeja,K Srinath,Nitin Menon,,,,,829789
603,829797.yaml,2015,47,2015-05-10,Chennai Super Kings,Rajasthan Royals,Chennai,"MA Chidambaram Stadium, Chepauk",,Chennai Super Kings,bat,Chennai Super Kings,runs,12,,,,RA Jadeja,M Erasmus,CK Nandan,,20,158,RR Jadeja,CB Gaffaney,Nitin Menon,,,,,829797
604,1254058.yaml,2021,1,2021-04-09,Mumbai Indians,Royal Challengers Bangalore,Chennai,"MA Chidambaram Stadium, Chepauk, Chennai",,Royal Challengers Bangalore,field,Royal Challengers Bangalore,wickets,2,,,,HV Patel,KN Ananthapadmanabhan,Nitin Menon,,20,160,V Narayan Kutty,C Shamshuddin,UV Gandhe,,,,,1254058
605,1254060.yaml,2021,3,2021-04-11,Kolkata Knight Riders,Sunrisers Hyderabad,Chennai,"MA Chidambaram Stadium, Chepauk, Chennai",,Sunrisers Hyderabad,field,Kolkata Knight Riders,runs,10,,,,N Rana,KN Ananthapadmanabhan,Nitin Menon,,20,188,V Narayan Kutty,CB Gaffaney,HAS Khalid,,,,,1254060
606,1254062.yaml,2021,5,2021-04-13,Mumbai Indians,Kolkata Knight Riders,Chennai,"MA Chidambaram Stadium, Chepauk, Chennai",,Kolkata Knight Riders,field,Mumbai Indians,runs,10,,,,RD Chahar,C Shamshuddin,CB Gaffaney,,20,153,S Chaturvedi,KN Ananthapadmanabhan,HAS Khalid,,,,,1254062
607,1254063.yaml,2021,6,2021-04-14,Royal Challengers Bangalore,Sunrisers Hyderabad,Chennai,"MA Chidambaram Stadium, Chepauk, Chennai",,Sunrisers Hyderabad,field,Royal Challengers Bangalore,runs,6,,,,GJ Maxwell,Nitin Menon,UV Gandhe,,20,150,V Narayan Kutty,C Shamshuddin,Tapan Sharma,,,,,1254063
608,1254066.yaml,2021,9,2021-04-17,Mumbai Indians,Sunrisers Hyderabad,Chennai,"MA Chidambaram Stadium, Chepauk, Chennai",,Mumbai Indians,bat,Mumbai Indians,runs,13,,,,KA Pollard,CB Gaffaney,K Srinivasan,,20,151,S Chaturvedi,KN Ananthapadmanabhan,Tapan Sharma,,,,,1254066
609,1254067.yaml,2021,10,2021-04-18,Royal Challengers Bangalore,Kolkata Knight Riders,Chennai,"MA Chidambaram Stadium, Chepauk, Chennai",,Royal Challengers Bangalore,bat,Royal Challengers Bangalore,runs,38,,,,AB de Villiers,C Shamshuddin,Nitin Menon,,20,205,V Narayan Kutty,CB Gaffaney,K Srinivasan,,,,,1254067
610,1254070.yaml,2021,13,2021-04-20,Mumbai Indians,Delhi Capitals,Chennai,"MA Chidambaram Stadium, Chepauk, Chennai",,Mumbai Indians,bat,Delhi Capitals,wickets,6,,,,A Mishra,C Shamshuddin,CB Gaffaney,,20,138,V Narayan Kutty,UV Gandhe,Tapan Sharma,,,,,1254070
611,1254071.yaml,2021,14,2021-04-21,Punjab Kings,Sunrisers Hyderabad,Chennai,"MA Chidambaram Stadium, Chepauk, Chennai",,Punjab Kings,bat,Sunrisers Hyderabad,wickets,9,,,,JM Bairstow,K Srinivasan,Nitin Menon,,20,121,S Chaturvedi,KN Ananthapadmanabhan,HAS Khalid,,,,,1254071
612,1254074.yaml,2021,17,2021-04-23,Mumbai Indians,Punjab Kings,Chennai,"MA Chidambaram Stadium, Chepauk, Chennai",,Punjab Kings,field,Punjab Kings,wickets,9,,,,KL Rahul,C Shamshuddin,Nitin Menon,,20,132,V Narayan Kutty,HAS Khalid,UV Gandhe,,,,,1254074
613,1359480.yaml,2023,6,2023-04-03,Chennai Super Kings,Lucknow Super Giants,Chennai,"MA Chidambaram Stadium, Chepauk, Chennai",,Lucknow Super Giants,field,Chennai Super Kings,runs,12,,,,MM Ali,A Totre,BNJ Oxenford,,20,218,M Nayyar,UV Gandhe,PM Joshi,TU Deshpande,AT Rayudu,A Badoni,Avesh Khan,1359480
614,1359491.yaml,2023,17,2023-04-12,Rajasthan Royals,Chennai Super Kings,Chennai,"MA Chidambaram Stadium, Chepauk, Chennai",,Chennai Super Kings,field,Rajasthan Royals,runs,3,,,,R Ashwin,Vinod Seshan,VK Sharma,,20,176,J Srinath,Nitin Menon,A Bengeri,A Zampa,JC Buttler,AT Rayudu,SSB Magala,1359491
615,1359503.yaml,2023,29,2023-04-21,Sunrisers Hyderabad,Chennai Super Kings,Chennai,"MA Chidambaram Stadium, Chepauk, Chennai",,Chennai Super Kings,field,Chennai Super Kings,wickets,7,,,,RA Jadeja,HAS Khalid,VK Sharma,,20,135,Shakti Singh,Nitin Menon,A Bengeri,Mayank Dagar,RA Tripathi,AT Rayudu,Akash Singh,1359503
616,1359515.yaml,2023,41,2023-04-30,Chennai Super Kings,Punjab Kings,Chennai,"MA Chidambaram Stadium, Chepauk, Chennai",,Chennai Super Kings,bat,Punjab Kings,wickets,4,,,,DP Conway,RJ Tucker,UV Gandhe,,20,201,M Nayyar,YC Barde,Mohamad Rafi,Akash Singh,AT Rayudu,P Simran Singh,K Rabada,1359515
617,1359523.yaml,2023,49,2023-05-06,Mumbai Indians,Chennai Super Kings,Chennai,"MA Chidambaram Stadium, Chepauk, Chennai",,Chennai Super Kings,field,Chennai Super Kings,wickets,6,,,,M Pathirana,BNJ Oxenford,Navdeep Singh,,20,140,V Narayan Kutty,KN Ananthapadmanabhan,P Joshi,R Goyal,SA Yadav,AT Rayudu,M Theekshana,1359523
618,1359529.yaml,2023,55,2023-05-10,Chennai Super Kings,Delhi Capitals,Chennai,"MA Chidambaram Stadium, Chepauk, Chennai",,Chennai Super Kings,bat,Chennai Super Kings,runs,27,,,,RA Jadeja,CB Gaffaney,NA Patwardhan,,20,168,Sanjay Verma,AK Chaudhary,M Krishnadas,M Pathirana,S Dube,MK Pandey,KK Ahmed,1359529
619,1359535.yaml,2023,61,2023-05-14,Chennai Super Kings,Kolkata Knight Riders,Chennai,"MA Chidambaram Stadium, Chepauk, Chennai",,Chennai Super Kings,bat,Kolkata Knight Riders,wickets,6,,,,RK Singh,Tapan Sharma,Vinod Seshan,,20,145,J Srinath,Nitin Menon,VM Dhokre,M Pathirana,S Dube,VR Iyer,Suyash Sharma,1359535
620,1370350.yaml,2023,,2023-05-23,Chennai Super Kings,Gujarat Titans,Chennai,"MA Chidambaram Stadium, Chepauk, Chennai",,Gujarat Titans,field,Chennai Super Kings,runs,15,,,,RD Gaikwad,AK Chaudhary,CB Gaffaney,Qualifier 1,20,173,M Nayyar,BNJ Oxenford,VK Sharma,M Pathirana,S Dube,V Shankar,MM Sharma,1370350
621,1370351.yaml,2023,,2023-05-24,Mumbai Indians,Lucknow Super Giants,Chennai,"MA Chidambaram Stadium, Chepauk, Chennai",,Mumbai Indians,bat,Mumbai Indians,runs,81,,,,Akash Madhwal,BNJ Oxenford,VK Sharma,Eliminator,20,183,V Narayan Kutty,CB Gaffaney,AK Chaudhary,N Wadhera,SA Yadav,KR Mayers,Yash Thakur,1370351
622,1422119.yaml,2024,1,2024-03-22,Royal Challengers Bengaluru,Chennai Super Kings,Chennai,"MA Chidambaram Stadium, Chepauk, Chennai",,Royal Challengers Bengaluru,bat,Chennai Super Kings,wickets,6,,,,Mustafizur Rahman,HAS Khalid,VK Sharma,,20,174,J Srinath,Nitin Menon,M Kuppuraj,Yash Dayal,KD Karthik,S Dube,Mustafizur Rahman,1422119
623,1422125.yaml,2024,7,2024-03-26,Chennai Super Kings,Gujarat Titans,Chennai,"MA Chidambaram Stadium, Chepauk, Chennai",,Gujarat Titans,field,Chennai Super Kings,runs,63,,,,S Dube,AG Wharf,Tapan Sharma,,20,207,V Narayan Kutty,J Madanagopal,PM Joshi,M Pathirana,S Dube,B Sai Sudharsan,MM Sharma,1422125
624,1426260.yaml,2024,22,2024-04-08,Kolkata Knight Riders,Chennai Super Kings,Chennai,"MA Chidambaram Stadium, Chepauk, Chennai",,Chennai Super Kings,field,Chennai Super Kings,wickets,7,,,,RA Jadeja,AK Chaudhary,MV Saidharshan Kumar,,20,138,M Nayyar,BNJ Oxenford,M Krishnadas,AS Roy,RK Singh,S Dube,Mustafizur Rahman,1426260
625,1426277.yaml,2024,39,2024-04-23,Chennai Super Kings,Lucknow Super Giants,Chennai,"MA Chidambaram Stadium, Chepauk, Chennai",,Lucknow Super Giants,field,Lucknow Super Giants,wickets,6,,,,MP Stoinis,NA Patwardhan,Tapan Sharma,,20,211,Sanjay Verma,J Madanagopal,K Swaroopanand,SN Thakur,AM Rahane,D Padikkal,Yash Thakur,1426277
626,1426284.yaml,2024,46,2024-04-28,Chennai Super Kings,Sunrisers Hyderabad,Chennai,"MA Chidambaram Stadium, Chepauk, Chennai",,Sunrisers Hyderabad,field,Chennai Super Kings,runs,78,,,,RD Gaikwad,R Pandit,MV Saidharshan Kumar,,20,213,Sanjay Verma,AK Chaudhary,K Kelkar,SN Thakur,S Dube,Anmolpreet Singh,T Natarajan,1426284
627,1426287.yaml,2024,49,2024-05-01,Chennai Super Kings,Punjab Kings,Chennai,"MA Chidambaram Stadium, Chepauk, Chennai",,Punjab Kings,field,Punjab Kings,wickets,7,,,,Harpreet Brar,HAS Khalid,VK Sharma,,20,163,R Seth,A Nand Kishore,Bhavesh Patel,Sameer Rizvi,AM Rahane,P Simran Singh,Arshdeep Singh,1426287
628,1426299.yaml,2024,61,2024-05-12,Rajasthan Royals,Chennai Super Kings,Chennai,"MA Chidambaram Stadium, Chepauk, Chennai",,Rajasthan Royals,bat,Chennai Super Kings,wickets,5,,,,Simarjeet Singh,R Pandit,YC Barde,,20,142,Shakti Singh,AK Chaudhary,R Rajesh Kannan,N Burger,Dhruv Jurel,Sameer Rizvi,DJ Mitchell,1426299
629,1426311.yaml,2024,,2024-05-24,Sunrisers Hyderabad,Rajasthan Royals,Chennai,"MA Chidambaram Stadium, Chepauk, Chennai",,Rajasthan Royals,field,Sunrisers Hyderabad,runs,36,,,,Shahbaz Ahmed,Nitin Menon,VK Sharma,Qualifier 2,20,176,J Srinath,MA Gough,J Madanagopal,Shahbaz Ahmed,TM Head,SO Hetmyer,YS Chahal,1426311
630,1426312.yaml,2024,,2024-05-26,Sunrisers Hyderabad,Kolkata Knight Riders,Chennai,"MA Chidambaram Stadium, Chepauk, Chennai",,Sunrisers Hyderabad,bat,Kolkata Knight Riders,wickets,8,,,,MA Starc,J Madanagopal,Nitin Menon,Final,20,114,M Nayyar,MA Gough,VK Sharma,Abdul Samad,TM Head,,,1426312
631,1473440.yaml,2025,3,2025-03-23,Mumbai Indians,Chennai Super Kings,Chennai,"MA Chidambaram Stadium, Chepauk, Chennai",,Chennai Super Kings,field,Chennai Super Kings,wickets,4,,,,Noor Ahmad,KN Ananthapadmanabhan,HAS Khalid,,20,156,J Srinath,Nitin Menon,Bhavesh Patel,V Puthur,RG Sharma,RA Tripathi,KK Ahmed,1473440
632,1473445.yaml,2025,8,2025-03-28,Royal Challengers Bengaluru,Chennai Super Kings,Chennai,"MA Chidambaram Stadium, Chepauk, Chennai",,Chennai Super Kings,field,Royal Challengers Bengaluru,runs,50,,,,RM Patidar,Nitin Menon,HAS Khalid,,20,197,J Srinath,KN Ananthapadmanabhan,Bhavesh Patel,Suyash Sharma,D Padikkal,S Dube,M Pathirana,1473445
633,1473454.yaml,2025,17,2025-04-05,Delhi Capitals,Chennai Super Kings,Chennai,"MA Chidambaram Stadium, Chepauk, Chennai",,Delhi Capitals,bat,Delhi Capitals,runs,25,,,,KL Rahul,A Bengeri,P Joshi,,20,184,Prakash Bhatt,Vinod Seshan,TM Srivastava,Mukesh Kumar,Ashutosh Sharma,S Dube,M Pathirana,1473454
634,1473462.yaml,2025,25,2025-04-11,Chennai Super Kings,Kolkata Knight Riders,Chennai,"MA Chidambaram Stadium, Chepauk, Chennai",,Kolkata Knight Riders,field,Kolkata Knight Riders,wickets,8,,,,SP Narine,CB Gaffaney,P Joshi,,20,104,Prakash Bhatt,Vinod Seshan,TM Srivastava,DJ Hooda,RA Tripathi,,,1473462
635,1473480.yaml,2025,43,2025-04-25,Chennai Super Kings,Sunrisers Hyderabad,Chennai,"MA Chidambaram Stadium, Chepauk, Chennai",,Sunrisers Hyderabad,field,Sunrisers Hyderabad,wickets,5,,,,HV Patel,M Krishnadas,Nitin Menon,,20,155,J Srinath,KN Ananthapadmanabhan,KM Gandhi,A Kamboj,S Dube,TM Head,Zeeshan Ansari,1473480
636,1473486.yaml,2025,49,2025-04-30,Chennai Super Kings,Punjab Kings,Chennai,"MA Chidambaram Stadium, Chepauk, Chennai",,Punjab Kings,field,Punjab Kings,wickets,4,,,,SS Iyer,A Totre,Anish Sahasrabudhe,,20,191,Amit Sharma,R Pandit,Amit Rana,A Kamboj,A Mhatre,P Simran Singh,YS Chahal,1473486
637,1527680.yaml,2026,7,2026-04-03,Chennai Super Kings,Punjab Kings,Chennai,"MA Chidambaram Stadium, Chepauk, Chennai",,Punjab Kings,field,Punjab Kings,wickets,5,,,,Priyansh Arya,Abhijit Bhattacharya,A Totre,,20,210,Prakash Bhatt,KN Ananthapadmanabhan,P Joshi,RD Chahar,Kartik Sharma,Priyansh Arya,YS Chahal,1527680
638,1527691.yaml,2026,18,2026-04-11,Chennai Super Kings,Delhi Capitals,Chennai,"MA Chidambaram Stadium, Chepauk, Chennai",,Delhi Capitals,field,Chennai Super Kings,runs,23,,,,SV Samson,MV Saidharshan Kumar,Vinod Seshan,,20,213,Shakti Singh,Nitin Menon,Anish Sahasrabudhe,AJ Hosein,A Mhatre,Ashutosh Sharma,Mukesh Kumar,1527691
639,1529265.yaml,2026,22,2026-04-14,Chennai Super Kings,Kolkata Knight Riders,Chennai,"MA Chidambaram Stadium, Chepauk, Chennai",,Kolkata Knight Riders,field,Chennai Super Kings,runs,32,,,,Noor Ahmad,Nitin Menon,MV Saidharshan Kumar,,20,193,Shakti Singh,Vinod Seshan,Anish Sahasrabudhe,AJ Hosein,A Mhatre,FH Allen,CV Varun,1529265
640,1529280.yaml,2026,37,2026-04-26,Chennai Super Kings,Gujarat Titans,Chennai,"MA Chidambaram Stadium, Chepauk, Chennai",,Gujarat Titans,field,Gujarat Titans,wickets,8,,,,K Rabada,AT Holdstock,KN Ananthapadmanabhan,,20,159,Prakash Bhatt,A Totre,Bhavesh Patel,SN Khan,Urvil Patel,,,1529280
641,1529287.yaml,2026,44,2026-05-02,Mumbai Indians,Chennai Super Kings,Chennai,"MA Chidambaram Stadium, Chepauk, Chennai",,Mumbai Indians,bat,Chennai Super Kings,wickets,8,,,,RD Gaikwad,KM Gandhi,Nitin Menon,,20,160,Amit Sharma,Vinod Seshan,TM Srivastava,Raghu Sharma,R Minz,Kartik Sharma,Mukesh Choudhary,1529287
642,1529296.yaml,2026,53,2026-05-10,Lucknow Super Giants,Chennai Super Kings,Chennai,"MA Chidambaram Stadium, Chepauk, Chennai",,Chennai Super Kings,field,Chennai Super Kings,wickets,5,,,,J Overton,Amit Rana,K Kelkar,,20,204,DS Manohar,A Bengeri,T Ematty,Avesh Khan,JP Inglis,PR Veer,Mukesh Choudhary,1529296
643,1529306.yaml,2026,63,2026-05-18,Chennai Super Kings,Sunrisers Hyderabad,Chennai,"MA Chidambaram Stadium, Chepauk, Chennai",,Chennai Super Kings,bat,Sunrisers Hyderabad,wickets,5,,,,Ishan Kishan,Nitin Menon,TM Srivastava,,20,181,A Kripal Singh,Anish Sahasrabudhe,KM Gandhi,Mukesh Choudhary,Kartik Sharma,TM Head,Sakib Hussain,1529306
644,1422120.yaml,2024,2,2024-03-23,Delhi Capitals,Punjab Kings,Mohali,"Maharaja Yadavindra Singh International Cricket Stadium, Mullanpur",,Punjab Kings,field,Punjab Kings,wickets,4,,,,SM Curran,J Madanagopal,NA Patwardhan,,20,175,V Narayan Kutty,AG Wharf,PM Joshi,Abishek Porel,RK Bhui,P Simran Singh,Arshdeep Singh,1422120
645,1426261.yaml,2024,23,2024-04-09,Sunrisers Hyderabad,Punjab Kings,Mohali,"Maharaja Yadavindra Singh International Cricket Stadium, Mullanpur",,Punjab Kings,field,Sunrisers Hyderabad,runs,2,,,,Nithish Kumar Reddy,Navdeep Singh,NA Patwardhan,,20,183,V Narayan Kutty,AG Wharf,PM Joshi,RA Tripathi,TM Head,P Simran Singh,Arshdeep Singh,1426261
646,1426265.yaml,2024,27,2024-04-13,Punjab Kings,Rajasthan Royals,Mohali,"Maharaja Yadavindra Singh International Cricket Stadium, Mullanpur",,Rajasthan Royals,field,Rajasthan Royals,wickets,3,,,,SO Hetmyer,AK Chaudhary,Tapan Sharma,,20,148,V Narayan Kutty,J Madanagopal,PM Joshi,Ashutosh Sharma,P Simran Singh,YBK Jaiswal,KR Sen,1426265
647,1426271.yaml,2024,33,2024-04-18,Mumbai Indians,Punjab Kings,Mohali,"Maharaja Yadavindra Singh International Cricket Stadium, Mullanpur",,Punjab Kings,field,Mumbai Indians,runs,9,,,,JJ Bumrah,A Nand Kishore,VA Kulkarni,,20,193,Sanjay Verma,Nitin Menon,K Kelkar,Akash Madhwal,SA Yadav,Harpreet Singh,Arshdeep Singh,1426271
648,1426275.yaml,2024,37,2024-04-21,Punjab Kings,Gujarat Titans,Mohali,"Maharaja Yadavindra Singh International Cricket Stadium, Mullanpur",,Punjab Kings,bat,Gujarat Titans,wickets,3,,,,R Sai Kishore,A Nand Kishore,VA Kulkarni,,20,143,J Srinath,HAS Khalid,K Kelkar,Harpreet Singh,P Simran Singh,B Sai Sudharsan,S Sandeep Warrier,1426275
649,1473455.yaml,2025,18,2025-04-05,Rajasthan Royals,Punjab Kings,Mohali,"Maharaja Yadavindra Singh International Cricket Stadium, Mullanpur",,Punjab Kings,field,Rajasthan Royals,runs,50,,,,JC Archer,K Swaroopanand,UV Gandhe,,20,206,V Narayan Kutty,VK Sharma,AK Argal,K Kartikeya,N Rana,Priyansh Arya,YS Chahal,1473455
650,1473459.yaml,2025,22,2025-04-08,Punjab Kings,Chennai Super Kings,Mohali,"Maharaja Yadavindra Singh International Cricket Stadium, Mullanpur",,Punjab Kings,bat,Punjab Kings,runs,18,,,,Priyansh Arya,Abhijit Bhattacharya,UV Gandhe,,20,220,V Narayan Kutty,VK Sharma,AK Argal,Yash Thakur,Priyansh Arya,S Dube,M Pathirana,1473459
651,1473468.yaml,2025,31,2025-04-15,Punjab Kings,Kolkata Knight Riders,Mohali,"Maharaja Yadavindra Singh International Cricket Stadium, Mullanpur",,Punjab Kings,bat,Punjab Kings,runs,16,,,,YS Chahal,M Krishnadas,MV Saidharshan Kumar,,20,112,J Srinath,KN Ananthapadmanabhan,HAS Khalid,Suryansh Shedge,P Simran Singh,A Raghuvanshi,CV Varun,1473468
652,1473474.yaml,2025,37,2025-04-20,Punjab Kings,Royal Challengers Bengaluru,Mohali,"Maharaja Yadavindra Singh International Cricket Stadium, Mullanpur",,Royal Challengers Bengaluru,field,Royal Challengers Bengaluru,wickets,7,,,,V Kohli,KM Gandhi,MV Saidharshan Kumar,,20,158,J Srinath,Nitin Menon,M Krishnadas,Harpreet Brar,P Simran Singh,D Padikkal,Suyash Sharma,1473474
653,1473508.yaml,2025,,2025-05-29,Punjab Kings,Royal Challengers Bengaluru,New Chandigarh,"Maharaja Yadavindra Singh International Cricket Stadium, Mullanpur",,Royal Challengers Bengaluru,field,Royal Challengers Bengaluru,wickets,8,,,,Suyash Sharma,MA Gough,VK Sharma,Qualifier 1,20,102,V Narayan Kutty,R Pandit,UV Gandhe,Musheer Khan,P Simran Singh,MA Agarwal,Suyash Sharma,1473508
654,1473509.yaml,2025,,2025-05-30,Mumbai Indians,Gujarat Titans,New Chandigarh,"Maharaja Yadavindra Singh International Cricket Stadium, New Chandigarh",,Mumbai Indians,bat,Mumbai Indians,runs,20,,,,RG Sharma,R Pandit,UV Gandhe,Eliminator,20,229,Prakash Bhatt,VK Sharma,MV Saidharshan Kumar,Ashwani Kumar,RG Sharma,SE Rutherford,Mohammed Siraj,1473509
655,1527677.yaml,2026,4,2026-03-31,Gujarat Titans,Punjab Kings,New Chandigarh,"Maharaja Yadavindra Singh International Cricket Stadium, New Chandigarh",,Punjab Kings,field,Punjab Kings,wickets,3,,,,C Connolly,Abhijit Bhattacharya,A Totre,,20,163,Prakash Bhatt,KN Ananthapadmanabhan,P Joshi,M Prasidh Krishna,M Shahrukh Khan,Priyansh Arya,YS Chahal,1527677
656,1527690.yaml,2026,17,2026-04-11,Sunrisers Hyderabad,Punjab Kings,New Chandigarh,"Maharaja Yadavindra Singh International Cricket Stadium, New Chandigarh",,Punjab Kings,field,Punjab Kings,wickets,6,,,,SS Iyer,A Bengeri,R Pandit,,20,220,J Srinath,J Madanagopal,UV Gandhe,JD Unadkat,TM Head,N Wadhera,YS Chahal,1527690
657,1529272.yaml,2026,29,2026-04-19,Punjab Kings,Lucknow Super Giants,New Chandigarh,"Maharaja Yadavindra Singh International Cricket Stadium, New Chandigarh",,Lucknow Super Giants,field,Punjab Kings,runs,54,,,,Priyansh Arya,J Madanagopal,K Kelkar,,20,255,J Srinath,R Pandit,UV Gandhe,Vijaykumar Vyshak,N Wadhera,Himmat Singh,Mohsin Khan,1529272
658,1529283.yaml,2026,40,2026-04-28,Punjab Kings,Rajasthan Royals,New Chandigarh,"Maharaja Yadavindra Singh International Cricket Stadium, New Chandigarh",,Rajasthan Royals,field,Rajasthan Royals,wickets,6,,,,D Ferreira,Nitin Menon,TM Srivastava,,20,223,Amit Sharma,KM Gandhi,MV Saidharshan Kumar,Harpreet Brar,Priyansh Arya,SB Dubey,Yash Raj Punja,1529283
659,1535463.yaml,2026,,2026-05-27,Rajasthan Royals,Sunrisers Hyderabad,New Chandigarh,"Maharaja Yadavindra Singh International Cricket Stadium, New Chandigarh",,Sunrisers Hyderabad,field,Rajasthan Royals,runs,47,,,,V Suryavanshi,AT Holdstock,UV Gandhe,Eliminator,20,244,V Narayan Kutty,R Pandit,SJ Nogajski,SS Mishra,YBK Jaiswal,Salil Arora,PP Hinge,1535463
660,1535464.yaml,2026,,2026-05-29,Rajasthan Royals,Gujarat Titans,New Chandigarh,"Maharaja Yadavindra Singh International Cricket Stadium, New Chandigarh",,Rajasthan Royals,bat,Gujarat Titans,wickets,7,,,,Shubman Gill,R Pandit,SJ Nogajski,Qualifier 2,20,215,Prakash Bhatt,AT Holdstock,UV Gandhe,TU Deshpande,YBK Jaiswal,R Tewatia,Mohammed Siraj,1535464
661,598018.yaml,2013,22,2013-04-17,Pune Warriors,Sunrisers Hyderabad,Pune,Maharashtra Cricket Association Stadium,,Pune Warriors,field,Sunrisers Hyderabad,runs,11,,,,A Mishra,Asad Rauf,AK Chaudhary,,20,120,J Srinath,S Asnani,PG Pathak,,,,,598018
662,829709.yaml,2015,3,2015-04-10,Kings XI Punjab,Rajasthan Royals,Pune,Maharashtra Cricket Association Stadium,,Kings XI Punjab,field,Rajasthan Royals,runs,26,,,,JP Faulkner,SD Fry,CB Gaffaney,,20,163,GF Labrooy,K Srinath,CK Nandan,,,,,829709
663,829725.yaml,2015,10,2015-04-15,Kings XI Punjab,Delhi Daredevils,Pune,Maharashtra Cricket Association Stadium,,Kings XI Punjab,bat,Delhi Daredevils,wickets,5,,,,MA Agarwal,CB Gaffaney,K Srinath,,20,166,GF Labrooy,CK Nandan,Nitin Menon,,,,,829725
664,829733.yaml,2015,14,2015-04-18,Kings XI Punjab,Kolkata Knight Riders,Pune,Maharashtra Cricket Association Stadium,,Kolkata Knight Riders,field,Kolkata Knight Riders,wickets,4,,,,AD Russell,SD Fry,CK Nandan,,20,156,GF Labrooy,CB Gaffaney,Nitin Menon,,,,,829733
665,829819.yaml,2015,,2015-05-20,Royal Challengers Bangalore,Rajasthan Royals,Pune,Maharashtra Cricket Association Stadium,,Royal Challengers Bangalore,bat,Royal Challengers Bangalore,runs,71,,,,AB de Villiers,AK Chaudhary,C Shamshuddin,Eliminator,20,181,RS Mahanama,CB Gaffaney,K Srinath,,,,,829819
666,980931.yaml,2016,16,2016-04-22,Rising Pune Supergiants,Royal Challengers Bangalore,Pune,Maharashtra Cricket Association Stadium,,Rising Pune Supergiants,field,Royal Challengers Bangalore,runs,13,,,,AB de Villiers,CB Gaffaney,VK Sharma,,20,186,Chinmay Sharma,KN Ananthapadmanabhan,YC Barde,,,,,980931
667,980939.yaml,2016,20,2016-04-24,Rising Pune Supergiants,Kolkata Knight Riders,Pune,Maharashtra Cricket Association Stadium,,Kolkata Knight Riders,field,Kolkata Knight Riders,wickets,2,,,,SA Yadav,CB Gaffaney,A Nand Kishore,,20,161,Chinmay Sharma,VK Sharma,YC Barde,,,,,980939
668,980949.yaml,2016,25,2016-04-29,Rising Pune Supergiants,Gujarat Lions,Pune,Maharashtra Cricket Association Stadium,,Gujarat Lions,field,Gujarat Lions,wickets,3,,,,DR Smith,CB Gaffaney,BNJ Oxenford,,20,196,Chinmay Sharma,A Nand Kishore,VK Sharma,,,,,980949
669,980957.yaml,2016,29,2016-05-01,Rising Pune Supergiants,Mumbai Indians,Pune,Maharashtra Cricket Association Stadium,,Mumbai Indians,field,Mumbai Indians,wickets,8,,,,RG Sharma,AY Dandekar,RJ Tucker,,20,160,RS Madugalle,Nitin Menon,Navdeep Singh,,,,,980957
670,1082592.yaml,2017,2,2017-04-06,Rising Pune Supergiant,Mumbai Indians,Pune,Maharashtra Cricket Association Stadium,,Rising Pune Supergiant,field,Rising Pune Supergiant,wickets,7,,,,SPD Smith,A Nand Kishore,S Ravi,,20,185,M Nayyar,VK Sharma,Navdeep Singh,,,,,1082592
671,1082599.yaml,2017,9,2017-04-11,Rising Pune Supergiant,Delhi Daredevils,Pune,Maharashtra Cricket Association Stadium,,Rising Pune Supergiant,field,Delhi Daredevils,runs,97,,,,SV Samson,AY Dandekar,S Ravi,,20,206,J Srinath,A Nand Kishore,Navdeep Singh,,,,,1082599
672,1082615.yaml,2017,24,2017-04-22,Rising Pune Supergiant,Sunrisers Hyderabad,Pune,Maharashtra Cricket Association Stadium,,Rising Pune Supergiant,field,Rising Pune Supergiant,wickets,6,,,,MS Dhoni,AY Dandekar,A Deshmukh,,20,177,M Nayyar,NJ Llong,N Pandit,,,,,1082615
673,1082620.yaml,2017,30,2017-04-26,Rising Pune Supergiant,Kolkata Knight Riders,Pune,Maharashtra Cricket Association Stadium,,Kolkata Knight Riders,field,Kolkata Knight Riders,wickets,7,,,,RV Uthappa,AY Dandekar,NJ Llong,,20,183,AJ Pycroft,CB Gaffaney,N Pandit,,,,,1082620
674,1082624.yaml,2017,34,2017-04-29,Rising Pune Supergiant,Royal Challengers Bangalore,Pune,Maharashtra Cricket Association Stadium,,Royal Challengers Bangalore,field,Rising Pune Supergiant,runs,61,,,,LH Ferguson,KN Ananthapadmanabhan,M Erasmus,,20,158,Chinmay Sharma,C Shamshuddin,R Pandit,,,,,1082624
675,1082629.yaml,2017,39,2017-05-01,Rising Pune Supergiant,Gujarat Lions,Pune,Maharashtra Cricket Association Stadium,,Rising Pune Supergiant,field,Rising Pune Supergiant,wickets,5,,,,BA Stokes,M Erasmus,C Shamshuddin,,20,162,Chinmay Sharma,KN Ananthapadmanabhan,R Pandit,,,,,1082629
676,1082645.yaml,2017,55,2017-05-14,Rising Pune Supergiant,Kings XI Punjab,Pune,Maharashtra Cricket Association Stadium,,Rising Pune Supergiant,field,Rising Pune Supergiant,wickets,9,,,,JD Unadkat,AY Dandekar,A Deshmukh,,20,74,M Nayyar,KN Ananthapadmanabhan,N Pandit,,,,,1082645
677,1136577.yaml,2018,17,2018-04-20,Chennai Super Kings,Rajasthan Royals,Pune,Maharashtra Cricket Association Stadium,,Rajasthan Royals,field,Chennai Super Kings,runs,64,,,,SR Watson,KN Ananthapadmanabhan,Nitin Menon,,20,205,J Srinath,RJ Tucker,N Pandit,,,,,1136577
678,1136587.yaml,2018,27,2018-04-28,Chennai Super Kings,Mumbai Indians,Pune,Maharashtra Cricket Association Stadium,,Mumbai Indians,field,Mumbai Indians,wickets,8,,,,RG Sharma,CB Gaffaney,Nitin Menon,,20,170,V Narayan Kutty,AY Dandekar,HAS Khalid,,,,,1136587
679,1136590.yaml,2018,30,2018-04-30,Chennai Super Kings,Delhi Daredevils,Pune,Maharashtra Cricket Association Stadium,,Delhi Daredevils,field,Chennai Super Kings,runs,13,,,,SR Watson,AY Dandekar,C Shamshuddin,,20,212,V Narayan Kutty,CK Nandan,HAS Khalid,,,,,1136590
680,1136595.yaml,2018,35,2018-05-05,Royal Challengers Bangalore,Chennai Super Kings,Pune,Maharashtra Cricket Association Stadium,,Chennai Super Kings,field,Chennai Super Kings,wickets,6,,,,RA Jadeja,Nitin Menon,YC Barde,,20,128,J Srinath,M Erasmus,N Pandit,,,,,1136595
681,1136606.yaml,2018,46,2018-05-13,Sunrisers Hyderabad,Chennai Super Kings,Pune,Maharashtra Cricket Association Stadium,,Chennai Super Kings,field,Chennai Super Kings,wickets,8,,,,AT Rayudu,M Erasmus,YC Barde,,20,180,M Nayyar,AY Dandekar,HAS Khalid,,,,,1136606
682,1136616.yaml,2018,56,2018-05-20,Kings XI Punjab,Chennai Super Kings,Pune,Maharashtra Cricket Association Stadium,,Chennai Super Kings,field,Chennai Super Kings,wickets,5,,,,L Ngidi,Nitin Menon,YC Barde,,20,154,J Srinath,M Erasmus,UV Gandhe,,,,,1136616
683,1304051.yaml,2022,5,2022-03-29,Rajasthan Royals,Sunrisers Hyderabad,Pune,"Maharashtra Cricket Association Stadium, Pune",,Sunrisers Hyderabad,field,Rajasthan Royals,runs,61,,,,SV Samson,BNJ Oxenford,UV Gandhe,,20,211,Shakti Singh,KN Ananthapadmanabhan,MV Saidharshan Kumar,,,,,1304051
684,1304056.yaml,2022,10,2022-04-02,Gujarat Titans,Delhi Capitals,Pune,"Maharashtra Cricket Association Stadium, Pune",,Delhi Capitals,field,Gujarat Titans,runs,14,,,,LH Ferguson,KN Ananthapadmanabhan,UV Gandhe,,20,172,Shakti Singh,BNJ Oxenford,Vinod Seshan,,,,,1304056
685,1304060.yaml,2022,14,2022-04-06,Mumbai Indians,Kolkata Knight Riders,Pune,"Maharashtra Cricket Association Stadium, Pune",,Kolkata Knight Riders,field,Kolkata Knight Riders,wickets,5,,,,PJ Cummins,BNJ Oxenford,KN Ananthapadmanabhan,,20,162,V Narayan Kutty,UV Gandhe,MV Saidharshan Kumar,,,,,1304060
686,1304064.yaml,2022,18,2022-04-09,Mumbai Indians,Royal Challengers Bangalore,Pune,"Maharashtra Cricket Association Stadium, Pune",,Royal Challengers Bangalore,field,Royal Challengers Bangalore,wickets,7,,,,Anuj Rawat,BNJ Oxenford,KN Ananthapadmanabhan,,20,152,V Narayan Kutty,UV Gandhe,Vinod Seshan,,,,,1304064
687,1304069.yaml,2022,23,2022-04-13,Punjab Kings,Mumbai Indians,Pune,"Maharashtra Cricket Association Stadium, Pune",,Mumbai Indians,field,Punjab Kings,runs,12,,,,MA Agarwal,BNJ Oxenford,UV Gandhe,,20,199,V Narayan Kutty,KN Ananthapadmanabhan,MV Saidharshan Kumar,,,,,1304069
688,1304075.yaml,2022,29,2022-04-17,Chennai Super Kings,Gujarat Titans,Pune,"Maharashtra Cricket Association Stadium, Pune",,Gujarat Titans,field,Gujarat Titans,wickets,3,,,,DA Miller,KN Ananthapadmanabhan,UV Gandhe,,20,170,V Narayan Kutty,BNJ Oxenford,Vinod Seshan,,,,,1304075
689,1304085.yaml,2022,39,2022-04-26,Rajasthan Royals,Royal Challengers Bangalore,Pune,"Maharashtra Cricket Association Stadium, Pune",,Royal Challengers Bangalore,field,Rajasthan Royals,runs,29,,,,R Parag,BNJ Oxenford,KN Ananthapadmanabhan,,20,145,V Narayan Kutty,UV Gandhe,MV Saidharshan Kumar,,,,,1304085
690,1304088.yaml,2022,42,2022-04-29,Lucknow Super Giants,Punjab Kings,Pune,"Maharashtra Cricket Association Stadium, Pune",,Punjab Kings,field,Lucknow Super Giants,runs,20,,,,KH Pandya,MA Gough,UV Gandhe,,20,154,V Narayan Kutty,KN Ananthapadmanabhan,Vinod Seshan,,,,,1304088
691,1304092.yaml,2022,46,2022-05-01,Chennai Super Kings,Sunrisers Hyderabad,Pune,"Maharashtra Cricket Association Stadium, Pune",,Sunrisers Hyderabad,field,Chennai Super Kings,runs,13,,,,RD Gaikwad,AK Chaudhary,KN Ananthapadmanabhan,,20,203,V Narayan Kutty,MA Gough,MV Saidharshan Kumar,,,,,1304092
692,1304095.yaml,2022,49,2022-05-04,Royal Challengers Bangalore,Chennai Super Kings,Pune,"Maharashtra Cricket Association Stadium, Pune",,Chennai Super Kings,field,Royal Challengers Bangalore,runs,13,,,,HV Patel,KN Ananthapadmanabhan,MA Gough,,20,174,V Narayan Kutty,AK Chaudhary,Vinod Seshan,,,,,1304095
693,1304099.yaml,2022,53,2022-05-07,Lucknow Super Giants,Kolkata Knight Riders,Pune,"Maharashtra Cricket Association Stadium, Pune",,Kolkata Knight Riders,field,Lucknow Super Giants,runs,75,,,,Avesh Khan,AK Chaudhary,MA Gough,,20,177,V Narayan Kutty,KN Ananthapadmanabhan,MV Saidharshan Kumar,,,,,1304099
694,1304103.yaml,2022,57,2022-05-10,Gujarat Titans,Lucknow Super Giants,Pune,"Maharashtra Cricket Association Stadium, Pune",,Gujarat Titans,bat,Gujarat Titans,runs,62,,,,Shubman Gill,KN Ananthapadmanabhan,MA Gough,,20,145,V Narayan Kutty,AK Chaudhary,Vinod Seshan,,,,,1304103
695,1304107.yaml,2022,61,2022-05-14,Kolkata Knight Riders,Sunrisers Hyderabad,Pune,"Maharashtra Cricket Association Stadium, Pune",,Kolkata Knight Riders,bat,Kolkata Knight Riders,runs,54,,,,AD Russell,AK Chaudhary,KN Ananthapadmanabhan,,20,178,V Narayan Kutty,MA Gough,MV Saidharshan Kumar,,,,,1304107
696,1254078.yaml,2021,21,2021-04-26,Punjab Kings,Kolkata Knight Riders,Ahmedabad,"Narendra Modi Stadium, Ahmedabad",,Kolkata Knight Riders,field,Kolkata Knight Riders,wickets,5,,,,EJG Morgan,PR Reiffel,YC Barde,,20,124,Prakash Bhatt,S Ravi,AY Dandekar,,,,,1254078
697,1254079.yaml,2021,22,2021-04-27,Royal Challengers Bangalore,Delhi Capitals,Ahmedabad,"Narendra Modi Stadium, Ahmedabad",,Delhi Capitals,field,Royal Challengers Bangalore,runs,1,,,,AB de Villiers,S Ravi,VK Sharma,,20,172,M Nayyar,AK Chaudhary,J Madanagopal,,,,,1254079
698,1254082.yaml,2021,25,2021-04-29,Kolkata Knight Riders,Delhi Capitals,Ahmedabad,"Narendra Modi Stadium, Ahmedabad",,Delhi Capitals,field,Delhi Capitals,wickets,7,,,,PP Shaw,AK Chaudhary,YC Barde,,20,155,Prakash Bhatt,AY Dandekar,Navdeep Singh,,,,,1254082
699,1254083.yaml,2021,26,2021-04-30,Punjab Kings,Royal Challengers Bangalore,Ahmedabad,"Narendra Modi Stadium, Ahmedabad",,Royal Challengers Bangalore,field,Punjab Kings,runs,34,,,,Harpreet Brar,S Ravi,VK Sharma,,20,180,Shakti Singh,J Madanagopal,YC Barde,,,,,1254083
700,1254086.yaml,2021,29,2021-05-02,Punjab Kings,Delhi Capitals,Ahmedabad,"Narendra Modi Stadium, Ahmedabad",,Delhi Capitals,field,Delhi Capitals,wickets,7,,,,MA Agarwal,AK Chaudhary,AY Dandekar,,20,167,Shakti Singh,J Madanagopal,Navdeep Singh,,,,,1254086
701,1312199.yaml,2022,,2022-05-27,Royal Challengers Bangalore,Rajasthan Royals,Ahmedabad,"Narendra Modi Stadium, Ahmedabad",,Rajasthan Royals,field,Rajasthan Royals,wickets,7,,,,JC Buttler,CB Gaffaney,Nitin Menon,Qualifier 2,20,158,J Srinath,AK Chaudhary,KN Ananthapadmanabhan,,,,,1312199
702,1312200.yaml,2022,,2022-05-29,Rajasthan Royals,Gujarat Titans,Ahmedabad,"Narendra Modi Stadium, Ahmedabad",,Rajasthan Royals,bat,Gujarat Titans,wickets,7,,,,HH Pandya,CB Gaffaney,Nitin Menon,Final,20,131,J Srinath,KN Ananthapadmanabhan,AK Chaudhary,,,,,1312200
703,1359475.yaml,2023,1,2023-03-31,Chennai Super Kings,Gujarat Titans,Ahmedabad,"Narendra Modi Stadium, Ahmedabad",,Gujarat Titans,field,Gujarat Titans,wickets,5,,,,Rashid Khan,Nitin Menon,HAS Khalid,,20,179,J Srinath,VK Sharma,A Bengeri,TU Deshpande,AT Rayudu,B Sai Sudharsan,KS Williamson,1359475
704,1359487.yaml,2023,13,2023-04-09,Gujarat Titans,Kolkata Knight Riders,Ahmedabad,"Narendra Modi Stadium, Ahmedabad",,Gujarat Titans,bat,Kolkata Knight Riders,wickets,3,,,,RK Singh,Nitin Menon,Tapan Sharma,,20,205,J Srinath,HAS Khalid,A Bengeri,J Little,B Sai Sudharsan,VR Iyer,Suyash Sharma,1359487
705,1359497.yaml,2023,23,2023-04-16,Gujarat Titans,Rajasthan Royals,Ahmedabad,"Narendra Modi Stadium, Ahmedabad",,Rajasthan Royals,field,Rajasthan Royals,wickets,3,,,,SO Hetmyer,AK Chaudhary,CB Gaffaney,,20,178,Prakash Bhatt,A Nand Kishore,M Kuppuraj,Noor Ahmad,Shubman Gill,D Padikkal,YS Chahal,1359497
706,1359509.yaml,2023,35,2023-04-25,Gujarat Titans,Mumbai Indians,Ahmedabad,"Narendra Modi Stadium, Ahmedabad",,Mumbai Indians,field,Gujarat Titans,runs,55,,,,A Manohar,AK Chaudhary,A Nand Kishore,,20,208,SA Satbhai,CB Gaffaney,M Krishnadas,J Little,Shubman Gill,Tilak Varma,K Kartikeya,1359509
707,1359518.yaml,2023,44,2023-05-02,Delhi Capitals,Gujarat Titans,Ahmedabad,"Narendra Modi Stadium, Ahmedabad",,Delhi Capitals,bat,Delhi Capitals,runs,5,,,,Mohammed Shami,MA Gough,R Pandit,,20,131,V Narayan Kutty,KN Ananthapadmanabhan,P Joshi,KK Ahmed,PK Garg,Shubman Gill,MM Sharma,1359518
708,1359525.yaml,2023,51,2023-05-07,Gujarat Titans,Lucknow Super Giants,Ahmedabad,"Narendra Modi Stadium, Ahmedabad",,Lucknow Super Giants,field,Gujarat Titans,runs,56,,,,Shubman Gill,AK Chaudhary,A Nand Kishore,,20,228,Prakash Bhatt,CB Gaffaney,M Krishnadas,AS Joseph,Shubman Gill,A Badoni,Yash Thakur,1359525
709,1359536.yaml,2023,62,2023-05-15,Gujarat Titans,Sunrisers Hyderabad,Ahmedabad,"Narendra Modi Stadium, Ahmedabad",,Sunrisers Hyderabad,field,Gujarat Titans,runs,34,,,,Shubman Gill,J Madanagopal,UV Gandhe,,20,189,M Nayyar,A Totre,Mohamad Rafi,Yash Dayal,Shubman Gill,Anmolpreet Singh,T Natarajan,1359536
710,1370352.yaml,2023,,2023-05-26,Gujarat Titans,Mumbai Indians,Ahmedabad,"Narendra Modi Stadium, Ahmedabad",,Mumbai Indians,field,Gujarat Titans,runs,62,,,,Shubman Gill,Nitin Menon,RJ Tucker,Qualifier 2,20,234,J Srinath,J Madanagopal,KN Ananthapadmanabhan,J Little,Shubman Gill,N Wadhera,Akash Madhwal,1370352
711,1370353.yaml,2023,,2023-05-29,Gujarat Titans,Chennai Super Kings,Ahmedabad,"Narendra Modi Stadium, Ahmedabad",,Chennai Super Kings,field,Chennai Super Kings,wickets,5,,D/L,,DP Conway,Nitin Menon,RJ Tucker,Final,15,171,J Srinath,KN Ananthapadmanabhan,J Madanagopal,J Little,B Sai Sudharsan,S Dube,M Pathirana,1370353
712,1422123.yaml,2024,5,2024-03-24,Gujarat Titans,Mumbai Indians,Ahmedabad,"Narendra Modi Stadium, Ahmedabad",,Mumbai Indians,field,Gujarat Titans,runs,6,,,,B Sai Sudharsan,VA Kulkarni,VK Sharma,,20,169,J Srinath,Nitin Menon,M Kuppuraj,MM Sharma,B Sai Sudharsan,D Brevis,L Wood,1422123
713,1422130.yaml,2024,12,2024-03-31,Sunrisers Hyderabad,Gujarat Titans,Ahmedabad,"Narendra Modi Stadium, Ahmedabad",,Sunrisers Hyderabad,bat,Gujarat Titans,wickets,7,,,,MM Sharma,HAS Khalid,VK Sharma,,20,163,J Srinath,,M Kuppuraj,Washington Sundar,MA Agarwal,B Sai Sudharsan,MM Sharma,1422130
714,1422135.yaml,2024,17,2024-04-04,Gujarat Titans,Punjab Kings,Ahmedabad,"Narendra Modi Stadium, Ahmedabad",,Punjab Kings,field,Punjab Kings,wickets,3,,,,Shashank Singh,Nitin Menon,VA Kulkarni,,20,200,J Srinath,VK Sharma,M Kuppuraj,MM Sharma,R Tewatia,Ashutosh Sharma,Arshdeep Singh,1422135
715,1426270.yaml,2024,32,2024-04-17,Gujarat Titans,Delhi Capitals,Ahmedabad,"Narendra Modi Stadium, Ahmedabad",,Delhi Capitals,field,Delhi Capitals,wickets,6,,,,RR Pant,NA Patwardhan,VK Sharma,,20,90,V Narayan Kutty,J Madanagopal,PM Joshi,M Shahrukh Khan,B Sai Sudharsan,Abishek Porel,KK Ahmed,1426270
716,1426283.yaml,2024,45,2024-04-28,Gujarat Titans,Royal Challengers Bengaluru,Ahmedabad,"Narendra Modi Stadium, Ahmedabad",,Royal Challengers Bengaluru,field,Royal Challengers Bengaluru,wickets,9,,,,WG Jacks,Nitin Menon,VK Sharma,,20,201,J Srinath,VA Kulkarni,Bhavesh Patel,S Sandeep Warrier,B Sai Sudharsan,,,1426283
717,1426297.yaml,2024,59,2024-05-10,Gujarat Titans,Chennai Super Kings,Ahmedabad,"Narendra Modi Stadium, Ahmedabad",,Chennai Super Kings,field,Gujarat Titans,runs,35,,,,Shubman Gill,KN Ananthapadmanabhan,NA Patwardhan,,20,232,P Dharmani,J Madanagopal,K Swaroopanand,S Sandeep Warrier,B Sai Sudharsan,AM Rahane,TU Deshpande,1426297
718,1426309.yaml,2024,,2024-05-21,Sunrisers Hyderabad,Kolkata Knight Riders,Ahmedabad,"Narendra Modi Stadium, Ahmedabad",,Sunrisers Hyderabad,bat,Kolkata Knight Riders,wickets,8,,,,MA Starc,AK Chaudhary,R Pandit,Qualifier 1,20,160,J Srinath,KN Ananthapadmanabhan,MV Saidharshan Kumar,Sanvir Singh,Abhishek Sharma,,,1426309
719,1426310.yaml,2024,,2024-05-22,Royal Challengers Bengaluru,Rajasthan Royals,Ahmedabad,"Narendra Modi Stadium, Ahmedabad",,Rajasthan Royals,field,Rajasthan Royals,wickets,4,,,,R Ashwin,KN Ananthapadmanabhan,MV Saidharshan Kumar,Eliminator,20,173,V Narayan Kutty,AK Chaudhary,R Pandit,Swapnil Singh,RM Patidar,SO Hetmyer,YS Chahal,1426310
720,1473442.yaml,2025,5,2025-03-25,Punjab Kings,Gujarat Titans,Ahmedabad,"Narendra Modi Stadium, Ahmedabad",,Gujarat Titans,field,Punjab Kings,runs,11,,,,SS Iyer,A Bengeri,Vinod Seshan,,20,244,Prakash Bhatt,J Madanagopal,TM Srivastava,Vijaykumar Vyshak,Priyansh Arya,SE Rutherford,M Prasidh Krishna,1473442
721,1473446.yaml,2025,9,2025-03-29,Gujarat Titans,Mumbai Indians,Ahmedabad,"Narendra Modi Stadium, Ahmedabad",,Mumbai Indians,field,Gujarat Titans,runs,36,,,,M Prasidh Krishna,A Bengeri,Vinod Seshan,,20,197,Prakash Bhatt,J Madanagopal,TM Srivastava,I Sharma,SE Rutherford,R Minz,PVSN Raju,1473446
722,1473460.yaml,2025,23,2025-04-09,Gujarat Titans,Rajasthan Royals,Ahmedabad,"Narendra Modi Stadium, Ahmedabad",,Rajasthan Royals,field,Gujarat Titans,runs,58,,,,B Sai Sudharsan,A Totre,R Pandit,,20,218,Shakti Singh,AT Holdstock,Anish Sahasrabudhe,K Khejroliya,SE Rutherford,SB Dubey,Fazalhaq Farooqi,1473460
723,1473472.yaml,2025,35,2025-04-19,Delhi Capitals,Gujarat Titans,Ahmedabad,"Narendra Modi Stadium, Ahmedabad",,Gujarat Titans,field,Gujarat Titans,wickets,7,,,,JC Buttler,A Totre,K Kelkar,,20,204,R Seth,AT Holdstock,Anish Sahasrabudhe,D Ferreira,Abishek Porel,SE Rutherford,I Sharma,1473472
724,1473488.yaml,2025,51,2025-05-02,Gujarat Titans,Sunrisers Hyderabad,Ahmedabad,"Narendra Modi Stadium, Ahmedabad",,Sunrisers Hyderabad,field,Gujarat Titans,runs,38,,,,M Prasidh Krishna,K Swaroopanand,VK Sharma,,20,225,P Dharmani,MA Gough,Abhijit Bhattacharya,I Sharma,B Sai Sudharsan,TM Head,Mohammed Shami,1473488
725,1473502.yaml,2025,64,2025-05-22,Lucknow Super Giants,Gujarat Titans,Ahmedabad,"Narendra Modi Stadium, Ahmedabad",,Gujarat Titans,field,Lucknow Super Giants,runs,33,,,,MR Marsh,KN Ananthapadmanabhan,M Krishnadas,,20,236,Amit Sharma,Nitin Menon,KM Gandhi,Akash Singh,MR Marsh,B Sai Sudharsan,M Prasidh Krishna,1473502
726,1473504.yaml,2025,67,2025-05-25,Chennai Super Kings,Gujarat Titans,Ahmedabad,"Narendra Modi Stadium, Ahmedabad",,Chennai Super Kings,bat,Chennai Super Kings,runs,83,,,,D Brevis,KM Gandhi,KN Ananthapadmanabhan,,20,231,Amit Sharma,Nitin Menon,M Krishnadas,M Pathirana,DP Conway,B Sai Sudharsan,M Prasidh Krishna,1473504
727,1473510.yaml,2025,,2025-06-01,Mumbai Indians,Punjab Kings,Ahmedabad,"Narendra Modi Stadium, Ahmedabad",,Punjab Kings,field,Punjab Kings,wickets,5,,,,SS Iyer,CB Gaffaney,Nitin Menon,Qualifier 2,20,204,J Srinath,KN Ananthapadmanabhan,J Madanagopal,Ashwani Kumar,RG Sharma,P Simran Singh,YS Chahal,1473510
728,1473511.yaml,2025,,2025-06-03,Royal Challengers Bengaluru,Punjab Kings,Ahmedabad,"Narendra Modi Stadium, Ahmedabad",,Punjab Kings,field,Royal Challengers Bengaluru,runs,6,,,,KH Pandya,J Madanagopal,Nitin Menon,Final,20,191,J Srinath,CB Gaffaney,KN Ananthapadmanabhan,Suyash Sharma,MA Agarwal,P Simran Singh,YS Chahal,1473511
729,1527682.yaml,2026,9,2026-04-04,Rajasthan Royals,Gujarat Titans,Ahmedabad,"Narendra Modi Stadium, Ahmedabad",,Rajasthan Royals,bat,Rajasthan Royals,runs,6,,,,Ravi Bishnoi,R Pandit,UV Gandhe,,20,211,J Srinath,J Madanagopal,A Bengeri,Ravi Bishnoi,D Ferreira,M Shahrukh Khan,M Prasidh Krishna,1527682
730,1529268.yaml,2026,25,2026-04-17,Kolkata Knight Riders,Gujarat Titans,Ahmedabad,"Narendra Modi Stadium, Ahmedabad",,Kolkata Knight Riders,bat,Gujarat Titans,wickets,5,,,,Shubman Gill,R Pandit,UV Gandhe,,20,181,J Srinath,J Madanagopal,K Kelkar,CV Varun,A Raghuvanshi,M Shahrukh Khan,M Prasidh Krishna,1529268
731,1529273.yaml,2026,30,2026-04-20,Mumbai Indians,Gujarat Titans,Ahmedabad,"Narendra Modi Stadium, Ahmedabad",,Gujarat Titans,field,Mumbai Indians,runs,99,,,,Tilak Varma,Abhijit Bhattacharya,KN Ananthapadmanabhan,,20,200,Prakash Bhatt,A Totre,Bhavesh Patel,Ashwani Kumar,SE Rutherford,R Tewatia,M Prasidh Krishna,1529273
732,1529285.yaml,2026,42,2026-04-30,Royal Challengers Bengaluru,Gujarat Titans,Ahmedabad,"Narendra Modi Stadium, Ahmedabad",,Gujarat Titans,field,Gujarat Titans,wickets,4,,,,JO Holder,AT Holdstock,KN Ananthapadmanabhan,,20,156,IR Siddiqui,Abhijit Bhattacharya,P Joshi,VR Iyer,JG Bethell,R Tewatia,Mohammed Siraj,1529285
733,1529289.yaml,2026,46,2026-05-03,Punjab Kings,Gujarat Titans,Ahmedabad,"Narendra Modi Stadium, Ahmedabad",,Gujarat Titans,field,Gujarat Titans,wickets,4,,,,JO Holder,KN Ananthapadmanabhan,P Joshi,,20,164,P Dharmani,Abhijit Bhattacharya,Bhavesh Patel,Vijaykumar Vyshak,N Wadhera,R Tewatia,Mohammed Siraj,1529289
734,1529299.yaml,2026,56,2026-05-12,Gujarat Titans,Sunrisers Hyderabad,Ahmedabad,"Narendra Modi Stadium, Ahmedabad",,Sunrisers Hyderabad,field,Gujarat Titans,runs,82,,,,K Rabada,HAS Khalid,VK Sharma,,20,169,R Seth,SJ Nogajski,AK Argal,M Prasidh Krishna,R Tewatia,TM Head,Sakib Hussain,1529299
735,1529309.yaml,2026,66,2026-05-21,Gujarat Titans,Chennai Super Kings,Ahmedabad,"Narendra Modi Stadium, Ahmedabad",,Chennai Super Kings,field,Gujarat Titans,runs,89,,,,Mohammed Siraj,KM Gandhi,Nitin Menon,,20,230,A Kripal Singh,VK Sharma,TM Srivastava,M Prasidh Krishna,R Tewatia,Kartik Sharma,Gurjapneet Singh,1529309
736,1535465.yaml,2026,,2026-05-31,Gujarat Titans,Royal Challengers Bengaluru,Ahmedabad,"Narendra Modi Stadium, Ahmedabad",,Royal Challengers Bengaluru,field,Royal Challengers Bengaluru,wickets,5,,,,V Kohli,KN Ananthapadmanabhan,Nitin Menon,Final,20,156,J Srinath,J Madanagopal,VK Sharma,M Prasidh Krishna,R Tewatia,VR Iyer,JA Duffy,1535465
737,392206.yaml,2009,26,2009-05-02,Chennai Super Kings,Delhi Daredevils,Johannesburg,New Wanderers Stadium,1,Delhi Daredevils,field,Chennai Super Kings,runs,18,,,,SB Jakati,DJ Harper,RE Koertzen,,20,164,GR Viswanath,SS Hazare,KH Hurter,,,,,392206
738,392208.yaml,2009,28,2009-05-03,Royal Challengers Bangalore,Mumbai Indians,Johannesburg,New Wanderers Stadium,1,Mumbai Indians,bat,Royal Challengers Bangalore,wickets,9,,,,JH Kallis,RE Koertzen,TH Wijewardene,,20,150,GR Viswanath,K Hariharan,ZTA Ndamane,,,,,392208
739,392219.yaml,2009,39,2009-05-10,Delhi Daredevils,Kolkata Knight Riders,Johannesburg,New Wanderers Stadium,1,Delhi Daredevils,field,Delhi Daredevils,wickets,7,,,,A Mishra,SL Shastri,RB Tiffin,,20,124,S Venkataraghavan,S Ravi,ZTA Ndamane,,,,,392219
740,392228.yaml,2009,48,2009-05-16,Deccan Chargers,Kolkata Knight Riders,Johannesburg,New Wanderers Stadium,1,Deccan Chargers,field,Deccan Chargers,wickets,6,,,,RG Sharma,RE Koertzen,S Ravi,,20,161,S Venkataraghavan,SL Shastri,KH Hurter,,,,,392228
741,392229.yaml,2009,49,2009-05-17,Deccan Chargers,Kings XI Punjab,Johannesburg,New Wanderers Stadium,1,Deccan Chargers,field,Kings XI Punjab,runs,1,,,,Yuvraj Singh,S Ravi,RB Tiffin,,20,135,S Venkataraghavan,GAV Baxter,KH Hurter,,,,,392229
742,392232.yaml,2009,52,2009-05-19,Royal Challengers Bangalore,Delhi Daredevils,Johannesburg,New Wanderers Stadium,1,Delhi Daredevils,bat,Royal Challengers Bangalore,wickets,7,,,,JH Kallis,IL Howell,RB Tiffin,,20,135,J Srinath,S Asnani,KH Hurter,,,,,392232
743,392238.yaml,2009,,2009-05-23,Royal Challengers Bangalore,Chennai Super Kings,Johannesburg,New Wanderers Stadium,1,Royal Challengers Bangalore,field,Royal Challengers Bangalore,wickets,6,,,,MK Pandey,RE Koertzen,SJA Taufel,Semi Final,20,147,J Srinath,IL Howell,KH Hurter,,,,,392238
744,392239.yaml,2009,,2009-05-24,Royal Challengers Bangalore,Deccan Chargers,Johannesburg,New Wanderers Stadium,1,Royal Challengers Bangalore,field,Deccan Chargers,runs,6,,,,A Kumble,RE Koertzen,SJA Taufel,Final,20,144,J Srinath,DJ Harper,ZTA Ndamane,,,,,392239
745,392181.yaml,2009,1,2009-04-18,Chennai Super Kings,Mumbai Indians,Cape Town,Newlands,1,Chennai Super Kings,field,Mumbai Indians,runs,19,,,,SR Tendulkar,BR Doctrove,K Hariharan,,20,166,GR Viswanath,RB Tiffin,EC Hendrikse,,,,,392181
746,392182.yaml,2009,2,2009-04-18,Royal Challengers Bangalore,Rajasthan Royals,Cape Town,Newlands,1,Royal Challengers Bangalore,bat,Royal Challengers Bangalore,runs,75,,,,R Dravid,BR Doctrove,RB Tiffin,,20,134,GR Viswanath,K Hariharan,EC Hendrikse,,,,,392182
747,392183.yaml,2009,3,2009-04-19,Delhi Daredevils,Kings XI Punjab,Cape Town,Newlands,1,Delhi Daredevils,field,Delhi Daredevils,wickets,10,,D/L,,DL Vettori,MR Benson,SD Ranade,,6,54,Yashpal Sharma,AL Hill,MW Brown,,,,,392183
748,392184.yaml,2009,4,2009-04-19,Deccan Chargers,Kolkata Knight Riders,Cape Town,Newlands,1,Kolkata Knight Riders,bat,Deccan Chargers,wickets,8,,,,RP Singh,MR Benson,BR Doctrove,,20,102,Yashpal Sharma,SD Ranade,MW Brown,,,,,392184
749,392188.yaml,2009,8,2009-04-22,Royal Challengers Bangalore,Deccan Chargers,Cape Town,Newlands,1,Deccan Chargers,bat,Deccan Chargers,runs,24,,,,AC Gilchrist,M Erasmus,AM Saheba,,20,185,Yashpal Sharma,MR Benson,,,,,,392188
750,392195.yaml,2009,15,2009-04-26,Kings XI Punjab,Rajasthan Royals,Cape Town,Newlands,1,Kings XI Punjab,bat,Kings XI Punjab,runs,27,,,,KC Sangakkara,M Erasmus,K Hariharan,,20,140,GR Viswanath,MR Benson,EC Hendrikse,,,,,392195
751,1136562.yaml,2018,2,2018-04-08,Delhi Daredevils,Kings XI Punjab,Chandigarh,Punjab Cricket Association IS Bindra Stadium,,Kings XI Punjab,field,Kings XI Punjab,wickets,6,,,,KL Rahul,KN Ananthapadmanabhan,RJ Tucker,,20,167,J Srinath,Nitin Menon,N Pandit,,,,,1136562
752,1136572.yaml,2018,12,2018-04-15,Kings XI Punjab,Chennai Super Kings,Chandigarh,Punjab Cricket Association IS Bindra Stadium,,Chennai Super Kings,field,Kings XI Punjab,runs,4,,,,CH Gayle,CK Nandan,VA Kulkarni,,20,198,S Chaturvedi,NJ Llong,R Pandit,,,,,1136572
753,1136576.yaml,2018,16,2018-04-19,Kings XI Punjab,Sunrisers Hyderabad,Chandigarh,Punjab Cricket Association IS Bindra Stadium,,Kings XI Punjab,bat,Kings XI Punjab,runs,15,,,,CH Gayle,AK Chaudhary,NJ Llong,,20,194,S Chaturvedi,VA Kulkarni,R Pandit,,,,,1136576
754,1175364.yaml,2019,9,2019-03-30,Mumbai Indians,Kings XI Punjab,Chandigarh,Punjab Cricket Association IS Bindra Stadium,,Kings XI Punjab,field,Kings XI Punjab,wickets,8,,,,MA Agarwal,CB Gaffaney,VA Kulkarni,,20,177,V Narayan Kutty,AK Chaudhary,GR Sadashiv Iyer,,,,,1175364
755,1175368.yaml,2019,13,2019-04-01,Kings XI Punjab,Delhi Capitals,Chandigarh,Punjab Cricket Association IS Bindra Stadium,,Delhi Capitals,field,Kings XI Punjab,runs,14,,,,SM Curran,AK Chaudhary,CB Gaffaney,,20,167,V Narayan Kutty,VA Kulkarni,GR Sadashiv Iyer,,,,,1175368
756,1178397.yaml,2019,22,2019-04-08,Sunrisers Hyderabad,Kings XI Punjab,Chandigarh,Punjab Cricket Association IS Bindra Stadium,,Kings XI Punjab,field,Kings XI Punjab,wickets,6,,,,KL Rahul,AY Dandekar,M Erasmus,,20,151,J Srinath,Nitin Menon,HAS Khalid,,,,,1178397
757,1178403.yaml,2019,28,2019-04-13,Kings XI Punjab,Royal Challengers Bangalore,Chandigarh,Punjab Cricket Association IS Bindra Stadium,,Royal Challengers Bangalore,field,Royal Challengers Bangalore,wickets,8,,,,AB de Villiers,S Ravi,UV Gandhe,,20,174,Prakash Bhatt,NJ Llong,K Srinath,,,,,1178403
758,1178407.yaml,2019,32,2019-04-16,Kings XI Punjab,Rajasthan Royals,Chandigarh,Punjab Cricket Association IS Bindra Stadium,,Rajasthan Royals,field,Kings XI Punjab,runs,12,,,,R Ashwin,AK Chaudhary,VA Kulkarni,,20,183,AJ Pycroft,S Ravi,K Srinivasan,,,,,1178407
759,1178427.yaml,2019,52,2019-05-03,Kings XI Punjab,Kolkata Knight Riders,Chandigarh,Punjab Cricket Association IS Bindra Stadium,,Kolkata Knight Riders,field,Kolkata Knight Riders,wickets,7,,,,Shubman Gill,BNJ Oxenford,C Shamshuddin,,20,184,J Srinath,KN Ananthapadmanabhan,N Pandit,,,,,1178427
760,1178430.yaml,2019,55,2019-05-05,Chennai Super Kings,Kings XI Punjab,Chandigarh,Punjab Cricket Association IS Bindra Stadium,,Kings XI Punjab,field,Kings XI Punjab,wickets,6,,,,KL Rahul,C Shamshuddin,KN Ananthapadmanabhan,,20,171,J Srinath,BNJ Oxenford,N Pandit,,,,,1178430
761,980905.yaml,2016,3,2016-04-11,Kings XI Punjab,Gujarat Lions,Chandigarh,"Punjab Cricket Association IS Bindra Stadium, Mohali",,Gujarat Lions,field,Gujarat Lions,wickets,5,,,,AJ Finch,AK Chaudhary,VA Kulkarni,,20,162,Chinmay Sharma,A Nand Kishore,K Bharatan,,,,,980905
762,980919.yaml,2016,10,2016-04-17,Kings XI Punjab,Rising Pune Supergiants,Chandigarh,"Punjab Cricket Association IS Bindra Stadium, Mohali",,Rising Pune Supergiants,bat,Kings XI Punjab,wickets,6,,,,M Vohra,S Ravi,C Shamshuddin,,20,153,M Nayyar,Nitin Menon,Navdeep Singh,,,,,980919
763,980925.yaml,2016,13,2016-04-19,Kings XI Punjab,Kolkata Knight Riders,Chandigarh,"Punjab Cricket Association IS Bindra Stadium, Mohali",,Kolkata Knight Riders,field,Kolkata Knight Riders,wickets,6,,,,RV Uthappa,S Ravi,C Shamshuddin,,20,139,M Nayyar,Nitin Menon,YC Barde,,,,,980925
764,980941.yaml,2016,21,2016-04-25,Kings XI Punjab,Mumbai Indians,Chandigarh,"Punjab Cricket Association IS Bindra Stadium, Mohali",,Kings XI Punjab,field,Mumbai Indians,runs,25,,,,PA Patel,Nitin Menon,RJ Tucker,,20,190,RS Madugalle,C Shamshuddin,Navdeep Singh,,,,,980941
765,980971.yaml,2016,36,2016-05-07,Kings XI Punjab,Delhi Daredevils,Chandigarh,"Punjab Cricket Association IS Bindra Stadium, Mohali",,Delhi Daredevils,field,Kings XI Punjab,runs,9,,,,MP Stoinis,HDPK Dharmasena,CK Nandan,,20,182,RS Mahanama,AK Chaudhary,R Pandit,,,,,980971
766,980977.yaml,2016,39,2016-05-09,Kings XI Punjab,Royal Challengers Bangalore,Chandigarh,"Punjab Cricket Association IS Bindra Stadium, Mohali",,Kings XI Punjab,field,Royal Challengers Bangalore,runs,1,,,,SR Watson,AK Chaudhary,HDPK Dharmasena,,20,176,Amit Sharma,CK Nandan,R Pandit,,,,,980977
767,980991.yaml,2016,46,2016-05-15,Kings XI Punjab,Sunrisers Hyderabad,Chandigarh,"Punjab Cricket Association IS Bindra Stadium, Mohali",,Kings XI Punjab,bat,Sunrisers Hyderabad,wickets,7,,,,HM Amla,KN Ananthapadmanabhan,M Erasmus,,20,180,M Nayyar,K Bharatan,A Deshmukh,,,,,980991
768,1082623.yaml,2017,33,2017-04-28,Kings XI Punjab,Sunrisers Hyderabad,Chandigarh,"Punjab Cricket Association IS Bindra Stadium, Mohali",,Kings XI Punjab,field,Sunrisers Hyderabad,runs,26,,,,Rashid Khan,Nitin Menon,CK Nandan,,20,208,S Chaturvedi,YC Barde,K Srinivasan,,,,,1082623
769,1082626.yaml,2017,36,2017-04-30,Kings XI Punjab,Delhi Daredevils,Chandigarh,"Punjab Cricket Association IS Bindra Stadium, Mohali",,Kings XI Punjab,field,Kings XI Punjab,wickets,10,,,,Sandeep Sharma,YC Barde,CK Nandan,,20,68,S Chaturvedi,Nitin Menon,K Srinivasan,,,,,1082626
770,1082637.yaml,2017,47,2017-05-07,Kings XI Punjab,Gujarat Lions,Chandigarh,"Punjab Cricket Association IS Bindra Stadium, Mohali",,Gujarat Lions,field,Gujarat Lions,wickets,6,,,,DR Smith,A Nand Kishore,VK Sharma,,20,190,J Srinath,S Ravi,Navdeep Singh,,,,,1082637
771,1082639.yaml,2017,49,2017-05-09,Kings XI Punjab,Kolkata Knight Riders,Chandigarh,"Punjab Cricket Association IS Bindra Stadium, Mohali",,Kolkata Knight Riders,field,Kings XI Punjab,runs,14,,,,MM Sharma,A Nand Kishore,S Ravi,,20,168,J Srinath,VK Sharma,Navdeep Singh,,,,,1082639
772,335983.yaml,2007/08,2,2008-04-19,Kings XI Punjab,Chennai Super Kings,Chandigarh,"Punjab Cricket Association Stadium, Mohali",,Chennai Super Kings,bat,Chennai Super Kings,runs,33,,,,MEK Hussey,MR Benson,SL Shastri,,20,241,S Venkataraghavan,RB Tiffin,MSS Ranawat,,,,,335983
773,335991.yaml,2007/08,10,2008-04-25,Kings XI Punjab,Mumbai Indians,Chandigarh,"Punjab Cricket Association Stadium, Mohali",,Mumbai Indians,field,Kings XI Punjab,runs,66,,,,KC Sangakkara,Aleem Dar,AM Saheba,,20,183,FM Engineer,RE Koertzen,HS Sekhon,,,,,335991
774,335995.yaml,2007/08,13,2008-04-27,Kings XI Punjab,Delhi Daredevils,Chandigarh,"Punjab Cricket Association Stadium, Mohali",,Delhi Daredevils,bat,Kings XI Punjab,wickets,4,,,,SM Katich,RE Koertzen,I Shivram,,20,159,FM Engineer,Aleem Dar,MS Mahal,,,,,335995
775,336003.yaml,2007/08,22,2008-05-03,Kings XI Punjab,Kolkata Knight Riders,Chandigarh,"Punjab Cricket Association Stadium, Mohali",,Kings XI Punjab,bat,Kings XI Punjab,runs,9,,,,IK Pathan,DJ Harper,I Shivram,,20,179,CH Lloyd,SJ Davis,MS Mahal,,,,,336003
776,336016.yaml,2007/08,34,2008-05-12,Kings XI Punjab,Royal Challengers Bangalore,Chandigarh,"Punjab Cricket Association Stadium, Mohali",,Royal Challengers Bangalore,bat,Kings XI Punjab,wickets,9,,,,SE Marsh,BR Doctrove,I Shivram,,20,144,CH Lloyd,Jasbir Singh,HS Sekhon,,,,,336016
777,336019.yaml,2007/08,56,2008-05-28,Kings XI Punjab,Rajasthan Royals,Chandigarh,"Punjab Cricket Association Stadium, Mohali",,Rajasthan Royals,field,Kings XI Punjab,runs,41,,,,SE Marsh,SJ Davis,K Hariharan,,20,222,S Venkataraghavan,DJ Harper,MS Mahal,,,,,336019
778,336031.yaml,2007/08,48,2008-05-23,Kings XI Punjab,Deccan Chargers,Chandigarh,"Punjab Cricket Association Stadium, Mohali",,Kings XI Punjab,field,Kings XI Punjab,wickets,6,,,,SE Marsh,Asad Rauf,SJ Davis,,20,176,Talat Ali,AM Saheba,HS Sekhon,,,,,336031
779,419108.yaml,2009/10,3,2010-03-13,Kings XI Punjab,Delhi Daredevils,Chandigarh,"Punjab Cricket Association Stadium, Mohali",,Delhi Daredevils,field,Delhi Daredevils,wickets,5,,,,G Gambhir,BR Doctrove,S Ravi,,20,143,S Venkataraghavan,SK Tarapore,C Shamshuddin,,,,,419108
780,419124.yaml,2009/10,19,2010-03-24,Kings XI Punjab,Rajasthan Royals,Chandigarh,"Punjab Cricket Association Stadium, Mohali",,Kings XI Punjab,field,Rajasthan Royals,runs,31,,,,AC Voges,BR Doctrove,SK Tarapore,,20,184,S Venkataraghavan,S Ravi,C Shamshuddin,,,,,419124
781,419127.yaml,2009/10,23,2010-03-27,Kings XI Punjab,Kolkata Knight Riders,Chandigarh,"Punjab Cricket Association Stadium, Mohali",,Kolkata Knight Riders,bat,Kolkata Knight Riders,runs,39,,,,MK Tiwary,BR Doctrove,S Ravi,,20,184,S Venkataraghavan,SK Tarapore,C Shamshuddin,,,,,419127
782,419136.yaml,2009/10,31,2010-04-02,Kings XI Punjab,Royal Challengers Bangalore,Chandigarh,"Punjab Cricket Association Stadium, Mohali",,Kings XI Punjab,bat,Royal Challengers Bangalore,wickets,6,,,,KP Pietersen,BF Bowden,M Erasmus,,20,182,D Govindjee,AM Saheba,C Shamshuddin,,,,,419136
783,419146.yaml,2009/10,41,2010-04-09,Kings XI Punjab,Mumbai Indians,Chandigarh,"Punjab Cricket Association Stadium, Mohali",,Mumbai Indians,bat,Kings XI Punjab,wickets,6,,,,KC Sangakkara,M Erasmus,AM Saheba,,20,155,D Govindjee,BF Bowden,C Shamshuddin,,,,,419146
784,501206.yaml,2011,9,2011-04-13,Kings XI Punjab,Chennai Super Kings,Chandigarh,"Punjab Cricket Association Stadium, Mohali",,Kings XI Punjab,field,Kings XI Punjab,wickets,6,,,,PC Valthaty,Asad Rauf,SL Shastri,,20,189,S Venkataraghavan,AM Saheba,K Bharatan,,,,,501206
785,501220.yaml,2011,23,2011-04-21,Kings XI Punjab,Rajasthan Royals,Chandigarh,"Punjab Cricket Association Stadium, Mohali",,Rajasthan Royals,field,Kings XI Punjab,runs,48,,,,SE Marsh,S Asnani,PR Reiffel,,20,196,J Srinath,RJ Tucker,K Bharatan,,,,,501220
786,501248.yaml,2011,51,2011-05-08,Kings XI Punjab,Pune Warriors,Chandigarh,"Punjab Cricket Association Stadium, Mohali",,Kings XI Punjab,bat,Pune Warriors,wickets,5,,,,R Sharma,SK Tarapore,RJ Tucker,,20,120,D Govindjee,S Ravi,K Bharatan,,,,,501248
787,501251.yaml,2011,54,2011-05-10,Kings XI Punjab,Mumbai Indians,Chandigarh,"Punjab Cricket Association Stadium, Mohali",,Mumbai Indians,field,Kings XI Punjab,runs,76,,,,BA Bhatt,SK Tarapore,RJ Tucker,,20,164,D Govindjee,,K Bharatan,,,,,501251
788,548319.yaml,2012,14,2012-04-12,Kings XI Punjab,Pune Warriors,Chandigarh,"Punjab Cricket Association Stadium, Mohali",,Kings XI Punjab,field,Kings XI Punjab,wickets,7,,,,AD Mascarenhas,VA Kulkarni,SK Tarapore,,20,116,RS Madugalle,BF Bowden,B Vij,,,,,548319
789,548328.yaml,2012,22,2012-04-18,Kings XI Punjab,Kolkata Knight Riders,Chandigarh,"Punjab Cricket Association Stadium, Mohali",,Kings XI Punjab,bat,Kolkata Knight Riders,wickets,8,,,,G Gambhir,JD Cloete,RJ Tucker,,20,125,RS Mahanama,S Ravi,B Vij,,,,,548328
790,548331.yaml,2012,25,2012-04-20,Kings XI Punjab,Royal Challengers Bangalore,Chandigarh,"Punjab Cricket Association Stadium, Mohali",,Royal Challengers Bangalore,field,Royal Challengers Bangalore,wickets,5,,,,CH Gayle,S Ravi,RJ Tucker,,20,164,RS Mahanama,JD Cloete,B Vij,,,,,548331
791,548339.yaml,2012,33,2012-04-25,Kings XI Punjab,Mumbai Indians,Chandigarh,"Punjab Cricket Association Stadium, Mohali",,Kings XI Punjab,bat,Mumbai Indians,wickets,4,,,,AT Rayudu,Aleem Dar,BNJ Oxenford,,20,169,RS Mahanama,AK Chaudhary,B Vij,,,,,548339
792,548354.yaml,2012,48,2012-05-05,Kings XI Punjab,Rajasthan Royals,Chandigarh,"Punjab Cricket Association Stadium, Mohali",,Rajasthan Royals,bat,Rajasthan Royals,runs,43,,,,SR Watson,JD Cloete,SJA Taufel,,20,178,AJ Pycroft,S Ravi,B Vij,,,,,548354
793,548366.yaml,2012,61,2012-05-13,Kings XI Punjab,Deccan Chargers,Chandigarh,"Punjab Cricket Association Stadium, Mohali",,Deccan Chargers,bat,Kings XI Punjab,wickets,4,,,,DJ Hussey,HDPK Dharmasena,BNJ Oxenford,,20,191,AJ Pycroft,C Shamshuddin,B Vij,,,,,548366
794,598007.yaml,2013,11,2013-04-10,Kings XI Punjab,Chennai Super Kings,Chandigarh,"Punjab Cricket Association Stadium, Mohali",,Chennai Super Kings,field,Chennai Super Kings,wickets,10,,,,MEK Hussey,Aleem Dar,C Shamshuddin,,20,139,AJ Pycroft,S Das,Nitin Menon,,,,,598007
795,598016.yaml,2013,20,2013-04-16,Kings XI Punjab,Kolkata Knight Riders,Chandigarh,"Punjab Cricket Association Stadium, Mohali",,Kolkata Knight Riders,field,Kings XI Punjab,runs,4,,,,MS Gony,CK Nandan,SJA Taufel,,20,158,RS Mahanama,HDPK Dharmasena,,,,,,598016
796,598025.yaml,2013,29,2013-04-21,Kings XI Punjab,Pune Warriors,Chandigarh,"Punjab Cricket Association Stadium, Mohali",,Kings XI Punjab,field,Kings XI Punjab,wickets,7,,,,DA Miller,M Erasmus,K Srinath,,20,186,RS Madugalle,VA Kulkarni,Nitin Menon,,,,,598025
797,598052.yaml,2013,55,2013-05-09,Kings XI Punjab,Rajasthan Royals,Chandigarh,"Punjab Cricket Association Stadium, Mohali",,Rajasthan Royals,field,Rajasthan Royals,wickets,8,,,,KK Cooper,HDPK Dharmasena,S Ravi,,20,146,RS Mahanama,CK Nandan,Nitin Menon,,,,,598052
798,598056.yaml,2013,59,2013-05-11,Kings XI Punjab,Sunrisers Hyderabad,Chandigarh,"Punjab Cricket Association Stadium, Mohali",,Kings XI Punjab,field,Sunrisers Hyderabad,runs,30,,,,PA Patel,S Das,RJ Tucker,,20,151,AJ Pycroft,C Shamshuddin,Nitin Menon,,,,,598056
799,598064.yaml,2013,51,2013-05-06,Kings XI Punjab,Royal Challengers Bangalore,Chandigarh,"Punjab Cricket Association Stadium, Mohali",,Kings XI Punjab,field,Kings XI Punjab,wickets,6,,,,DA Miller,VA Kulkarni,NJ Llong,,20,191,RR Jadeja,K Srinath,Nitin Menon,,,,,598064
800,734025.yaml,2014,48,2014-05-21,Kings XI Punjab,Mumbai Indians,Chandigarh,"Punjab Cricket Association Stadium, Mohali",,Mumbai Indians,field,Mumbai Indians,wickets,7,,,,LMP Simmons,HDPK Dharmasena,VA Kulkarni,,20,157,RS Mahanama,PG Pathak,UV Gandhe,,,,,734025
801,734033.yaml,2014,52,2014-05-23,Kings XI Punjab,Rajasthan Royals,Chandigarh,"Punjab Cricket Association Stadium, Mohali",,Rajasthan Royals,field,Kings XI Punjab,runs,16,,,,SE Marsh,HDPK Dharmasena,PG Pathak,,20,180,RS Mahanama,VA Kulkarni,UV Gandhe,,,,,734033
802,734039.yaml,2014,55,2014-05-25,Kings XI Punjab,Delhi Daredevils,Chandigarh,"Punjab Cricket Association Stadium, Mohali",,Kings XI Punjab,field,Kings XI Punjab,wickets,7,,,,M Vohra,HDPK Dharmasena,VA Kulkarni,,20,116,RS Mahanama,PG Pathak,UV Gandhe,,,,,734039
803,829759.yaml,2015,27,2015-04-27,Kings XI Punjab,Sunrisers Hyderabad,Chandigarh,"Punjab Cricket Association Stadium, Mohali",,Kings XI Punjab,field,Sunrisers Hyderabad,runs,20,,,,TA Boult,HDPK Dharmasena,CB Gaffaney,,20,151,RS Mahanama,SD Fry,CK Nandan,,,,,829759
804,829775.yaml,2015,35,2015-05-03,Kings XI Punjab,Mumbai Indians,Chandigarh,"Punjab Cricket Association Stadium, Mohali",,Mumbai Indians,bat,Mumbai Indians,runs,23,,,,LMP Simmons,RK Illingworth,VA Kulkarni,,20,173,RS Madugalle,S Ravi,RM Deshpande,,,,,829775
805,829803.yaml,2015,50,2015-05-13,Kings XI Punjab,Royal Challengers Bangalore,Chandigarh,"Punjab Cricket Association Stadium, Mohali",,Royal Challengers Bangalore,field,Kings XI Punjab,runs,22,,,,AR Patel,JD Cloete,C Shamshuddin,,10,107,J Srinath,CK Nandan,PG Pathak,,,,,829803
806,829809.yaml,2015,53,2015-05-16,Kings XI Punjab,Chennai Super Kings,Chandigarh,"Punjab Cricket Association Stadium, Mohali",,Kings XI Punjab,bat,Chennai Super Kings,wickets,7,,,,P Negi,CK Nandan,C Shamshuddin,,20,131,J Srinath,JD Cloete,VK Sharma,,,,,829809
807,1136564.yaml,2018,4,2018-04-09,Rajasthan Royals,Sunrisers Hyderabad,Hyderabad,Rajiv Gandhi International Stadium,,Sunrisers Hyderabad,field,Sunrisers Hyderabad,wickets,9,,,,S Dhawan,NJ Llong,VA Kulkarni,,20,126,S Chaturvedi,CK Nandan,R Pandit,,,,,1136564
808,1136567.yaml,2018,7,2018-04-12,Mumbai Indians,Sunrisers Hyderabad,Hyderabad,Rajiv Gandhi International Stadium,,Sunrisers Hyderabad,field,Sunrisers Hyderabad,wickets,1,,,,Rashid Khan,CK Nandan,NJ Llong,,20,148,S Chaturvedi,VA Kulkarni,R Pandit,,,,,1136567
809,1136580.yaml,2018,20,2018-04-22,Chennai Super Kings,Sunrisers Hyderabad,Hyderabad,Rajiv Gandhi International Stadium,,Sunrisers Hyderabad,field,Chennai Super Kings,runs,4,,,,AT Rayudu,AK Chaudhary,VA Kulkarni,,20,183,S Chaturvedi,NJ Llong,R Pandit,,,,,1136580
810,1136585.yaml,2018,25,2018-04-26,Sunrisers Hyderabad,Kings XI Punjab,Hyderabad,Rajiv Gandhi International Stadium,,Kings XI Punjab,field,Sunrisers Hyderabad,runs,13,,,,AS Rajpoot,CK Nandan,YC Barde,,20,133,J Srinath,RJ Tucker,GR Sadashiv Iyer,,,,,1136585
811,1136596.yaml,2018,36,2018-05-05,Delhi Daredevils,Sunrisers Hyderabad,Hyderabad,Rajiv Gandhi International Stadium,,Delhi Daredevils,bat,Sunrisers Hyderabad,wickets,7,,,,Rashid Khan,BNJ Oxenford,CK Nandan,,20,164,AJ Pycroft,VK Sharma,GR Sadashiv Iyer,,,,,1136596
812,1136599.yaml,2018,39,2018-05-07,Sunrisers Hyderabad,Royal Challengers Bangalore,Hyderabad,Rajiv Gandhi International Stadium,,Royal Challengers Bangalore,field,Sunrisers Hyderabad,runs,5,,,,KS Williamson,BNJ Oxenford,VK Sharma,,20,147,AJ Pycroft,CK Nandan,GR Sadashiv Iyer,,,,,1136599
813,1136614.yaml,2018,54,2018-05-19,Sunrisers Hyderabad,Kolkata Knight Riders,Hyderabad,Rajiv Gandhi International Stadium,,Sunrisers Hyderabad,bat,Kolkata Knight Riders,wickets,5,,,,CA Lynn,AK Chaudhary,S Ravi,,20,173,Prakash Bhatt,AY Dandekar,HAS Khalid,,,,,1136614
814,1175363.yaml,2019,8,2019-03-29,Rajasthan Royals,Sunrisers Hyderabad,Hyderabad,Rajiv Gandhi International Stadium,,Rajasthan Royals,bat,Sunrisers Hyderabad,wickets,5,,,,Rashid Khan,BNJ Oxenford,C Shamshuddin,,20,199,Chinmay Sharma,KN Ananthapadmanabhan,K Srinath,,,,,1175363
815,1175366.yaml,2019,11,2019-03-31,Sunrisers Hyderabad,Royal Challengers Bangalore,Hyderabad,Rajiv Gandhi International Stadium,,Royal Challengers Bangalore,field,Sunrisers Hyderabad,runs,118,,,,JM Bairstow,KN Ananthapadmanabhan,S Ravi,,20,232,Chinmay Sharma,C Shamshuddin,K Srinath,,,,,1175366
816,1178394.yaml,2019,19,2019-04-06,Mumbai Indians,Sunrisers Hyderabad,Hyderabad,Rajiv Gandhi International Stadium,,Sunrisers Hyderabad,field,Mumbai Indians,runs,40,,,,AS Joseph,AY Dandekar,Nitin Menon,,20,137,J Srinath,M Erasmus,HAS Khalid,,,,,1178394
817,1178405.yaml,2019,30,2019-04-14,Delhi Capitals,Sunrisers Hyderabad,Hyderabad,Rajiv Gandhi International Stadium,,Sunrisers Hyderabad,field,Delhi Capitals,runs,39,,,,KMA Paul,AK Chaudhary,BNJ Oxenford,,20,156,V Narayan Kutty,CB Gaffaney,GR Sadashiv Iyer,,,,,1178405
818,1178408.yaml,2019,33,2019-04-17,Chennai Super Kings,Sunrisers Hyderabad,Hyderabad,Rajiv Gandhi International Stadium,,Chennai Super Kings,bat,Sunrisers Hyderabad,wickets,6,,,,DA Warner,IJ Gould,UV Gandhe,,20,133,Prakash Bhatt,C Shamshuddin,BK Ravi,,,,,1178408
819,1178413.yaml,2019,38,2019-04-21,Kolkata Knight Riders,Sunrisers Hyderabad,Hyderabad,Rajiv Gandhi International Stadium,,Sunrisers Hyderabad,field,Sunrisers Hyderabad,wickets,9,,,,KK Ahmed,NJ Llong,Nitin Menon,,20,160,AJ Pycroft,IJ Gould,K Srinath,,,,,1178413
820,1178423.yaml,2019,48,2019-04-29,Sunrisers Hyderabad,Kings XI Punjab,Hyderabad,Rajiv Gandhi International Stadium,,Kings XI Punjab,field,Sunrisers Hyderabad,runs,45,,,,DA Warner,CK Nandan,S Ravi,,20,213,M Nayyar,A Nand Kishore,K Srinivasan,,,,,1178423
821,1181768.yaml,2019,,2019-05-12,Mumbai Indians,Chennai Super Kings,Hyderabad,Rajiv Gandhi International Stadium,,Mumbai Indians,bat,Mumbai Indians,runs,1,,,,JJ Bumrah,IJ Gould,Nitin Menon,Final,20,150,J Srinath,NJ Llong,CK Nandan,,,,,1181768
822,335988.yaml,2007/08,7,2008-04-22,Deccan Chargers,Delhi Daredevils,Hyderabad,"Rajiv Gandhi International Stadium, Uppal",,Deccan Chargers,bat,Delhi Daredevils,wickets,9,,,,V Sehwag,IL Howell,AM Saheba,,20,143,Talat Ali,MR Benson,C Shamshuddin,,,,,335988
823,335990.yaml,2007/08,9,2008-04-24,Deccan Chargers,Rajasthan Royals,Hyderabad,"Rajiv Gandhi International Stadium, Uppal",,Rajasthan Royals,field,Rajasthan Royals,wickets,3,,,,YK Pathan,Asad Rauf,MR Benson,,20,215,S Venkataraghavan,SL Shastri,C Shamshuddin,,,,,335990
824,335999.yaml,2007/08,19,2008-05-01,Deccan Chargers,Kings XI Punjab,Hyderabad,"Rajiv Gandhi International Stadium, Uppal",,Kings XI Punjab,field,Kings XI Punjab,wickets,7,,,,SE Marsh,BR Doctrove,RB Tiffin,,20,165,Talat Ali,SJ Davis,C Shamshuddin,,,,,335999
825,336002.yaml,2007/08,51,2008-05-25,Deccan Chargers,Royal Challengers Bangalore,Hyderabad,"Rajiv Gandhi International Stadium, Uppal",,Deccan Chargers,bat,Royal Challengers Bangalore,wickets,5,,,,R Vinay Kumar,Asad Rauf,RE Koertzen,,20,166,Talat Ali,GA Pratapkumar,,,,,,336002
826,336014.yaml,2007/08,32,2008-05-11,Deccan Chargers,Kolkata Knight Riders,Hyderabad,"Rajiv Gandhi International Stadium, Uppal",,Kolkata Knight Riders,bat,Kolkata Knight Riders,runs,23,,,,SC Ganguly,IL Howell,AM Saheba,,20,205,Talat Ali,BF Bowden,,,,,,336014
827,336024.yaml,2007/08,42,2008-05-18,Deccan Chargers,Mumbai Indians,Hyderabad,"Rajiv Gandhi International Stadium, Uppal",,Deccan Chargers,field,Mumbai Indians,runs,25,,,,DJ Bravo,BR Doctrove,DJ Harper,,20,179,S Venkataraghavan,I Shivram,C Shamshuddin,,,,,336024
828,336037.yaml,2007/08,54,2008-05-27,Deccan Chargers,Chennai Super Kings,Hyderabad,"Rajiv Gandhi International Stadium, Uppal",,Deccan Chargers,bat,Chennai Super Kings,wickets,7,,,,SK Raina,BG Jerling,AM Saheba,,20,148,Talat Ali,GA Pratapkumar,,,,,,336037
829,501199.yaml,2011,2,2011-04-09,Deccan Chargers,Rajasthan Royals,Hyderabad,"Rajiv Gandhi International Stadium, Uppal",,Rajasthan Royals,field,Rajasthan Royals,wickets,8,,,,SK Trivedi,RE Koertzen,SK Tarapore,,20,138,AJ Pycroft,SS Hazare,C Shamshuddin,,,,,501199
830,501208.yaml,2011,11,2011-04-14,Deccan Chargers,Royal Challengers Bangalore,Hyderabad,"Rajiv Gandhi International Stadium, Uppal",,Royal Challengers Bangalore,field,Deccan Chargers,runs,33,,,,DW Steyn,RE Koertzen,S Ravi,,20,176,D Govindjee,SK Tarapore,C Shamshuddin,,,,,501208
831,501212.yaml,2011,15,2011-04-16,Deccan Chargers,Kings XI Punjab,Hyderabad,"Rajiv Gandhi International Stadium, Uppal",,Kings XI Punjab,field,Kings XI Punjab,wickets,8,,,,PC Valthaty,RE Koertzen,S Ravi,,20,166,D Govindjee,SK Tarapore,C Shamshuddin,,,,,501212
832,501224.yaml,2011,27,2011-04-24,Deccan Chargers,Mumbai Indians,Hyderabad,"Rajiv Gandhi International Stadium, Uppal",,Deccan Chargers,field,Mumbai Indians,runs,37,,,,SL Malinga,HDPK Dharmasena,AL Hill,,20,173,Raju Mukherjee,K Hariharan,C Shamshuddin,,,,,501224
833,501239.yaml,2011,42,2011-05-03,Deccan Chargers,Kolkata Knight Riders,Hyderabad,"Rajiv Gandhi International Stadium, Uppal",,Deccan Chargers,field,Kolkata Knight Riders,runs,20,,,,YK Pathan,S Asnani,RJ Tucker,,20,170,J Srinath,PR Reiffel,C Shamshuddin,,,,,501239
834,501243.yaml,2011,46,2011-05-05,Deccan Chargers,Delhi Daredevils,Hyderabad,"Rajiv Gandhi International Stadium, Uppal",,Delhi Daredevils,field,Delhi Daredevils,wickets,4,,,,V Sehwag,Asad Rauf,AM Saheba,,20,176,GF Labrooy,SL Shastri,C Shamshuddin,,,,,501243
835,501250.yaml,2011,53,2011-05-10,Deccan Chargers,Pune Warriors,Hyderabad,"Rajiv Gandhi International Stadium, Uppal",,Deccan Chargers,bat,Pune Warriors,wickets,6,,,,MR Marsh,Asad Rauf,AM Saheba,,20,137,GF Labrooy,SL Shastri,C Shamshuddin,,,,,501250
836,548329.yaml,2012,55,2012-05-10,Deccan Chargers,Delhi Daredevils,Hyderabad,"Rajiv Gandhi International Stadium, Uppal",,Deccan Chargers,bat,Delhi Daredevils,wickets,9,,,,DA Warner,JD Cloete,SJA Taufel,,20,188,J Srinath,S Ravi,KN Ananthapadmanabhan,,,,,548329
837,548359.yaml,2012,53,2012-05-08,Deccan Chargers,Kings XI Punjab,Hyderabad,"Rajiv Gandhi International Stadium, Uppal",,Deccan Chargers,field,Kings XI Punjab,runs,25,,,,Mandeep Singh,HDPK Dharmasena,BNJ Oxenford,,20,171,J Srinath,C Shamshuddin,KN Ananthapadmanabhan,,,,,548359
838,548373.yaml,2012,68,2012-05-18,Deccan Chargers,Rajasthan Royals,Hyderabad,"Rajiv Gandhi International Stadium, Uppal",,Rajasthan Royals,bat,Deccan Chargers,wickets,5,,,,DW Steyn,S Ravi,SJA Taufel,,20,127,J Srinath,JD Cloete,KN Ananthapadmanabhan,,,,,548373
839,548376.yaml,2012,71,2012-05-20,Deccan Chargers,Royal Challengers Bangalore,Hyderabad,"Rajiv Gandhi International Stadium, Uppal",,Royal Challengers Bangalore,field,Deccan Chargers,runs,9,,,,DW Steyn,S Ravi,SJA Taufel,,20,133,AJ Pycroft,JD Cloete,KN Ananthapadmanabhan,,,,,548376
840,598000.yaml,2013,3,2013-04-05,Sunrisers Hyderabad,Pune Warriors,Hyderabad,"Rajiv Gandhi International Stadium, Uppal",,Pune Warriors,field,Sunrisers Hyderabad,runs,22,,,,A Mishra,S Ravi,SJA Taufel,,20,127,DC Boon,CK Nandan,A Nand Kishore,,,,,598000
841,598021.yaml,2013,25,2013-04-19,Sunrisers Hyderabad,Kings XI Punjab,Hyderabad,"Rajiv Gandhi International Stadium, Uppal",,Kings XI Punjab,bat,Sunrisers Hyderabad,wickets,5,,,,GH Vihari,HDPK Dharmasena,CK Nandan,,20,124,RS Mahanama,,A Nand Kishore,,,,,598021
842,598039.yaml,2013,43,2013-05-01,Sunrisers Hyderabad,Mumbai Indians,Hyderabad,"Rajiv Gandhi International Stadium, Uppal",,Mumbai Indians,bat,Sunrisers Hyderabad,wickets,7,,,,I Sharma,Asad Rauf,S Asnani,,20,130,J Srinath,AK Chaudhary,A Nand Kishore,,,,,598039
843,598044.yaml,2013,48,2013-05-04,Sunrisers Hyderabad,Delhi Daredevils,Hyderabad,"Rajiv Gandhi International Stadium, Uppal",,Delhi Daredevils,bat,Sunrisers Hyderabad,wickets,6,,,,DJG Sammy,Asad Rauf,S Asnani,,20,81,J Srinath,AK Chaudhary,A Nand Kishore,,,,,598044
844,598051.yaml,2013,54,2013-05-08,Sunrisers Hyderabad,Chennai Super Kings,Hyderabad,"Rajiv Gandhi International Stadium, Uppal",,Sunrisers Hyderabad,field,Chennai Super Kings,runs,77,,,,SK Raina,S Das,NJ Llong,,20,224,Raju Mukherjee,K Srinath,A Nand Kishore,,,,,598051
845,598065.yaml,2013,68,2013-05-17,Sunrisers Hyderabad,Rajasthan Royals,Hyderabad,"Rajiv Gandhi International Stadium, Uppal",,Sunrisers Hyderabad,bat,Sunrisers Hyderabad,runs,23,,,,A Mishra,Asad Rauf,AK Chaudhary,,20,137,J Srinath,S Asnani,A Nand Kishore,,,,,598065
846,598069.yaml,2013,72,2013-05-19,Sunrisers Hyderabad,Kolkata Knight Riders,Hyderabad,"Rajiv Gandhi International Stadium, Uppal",,Kolkata Knight Riders,bat,Sunrisers Hyderabad,wickets,5,,,,PA Patel,Asad Rauf,S Asnani,,20,131,Raju Mukherjee,AK Chaudhary,A Nand Kishore,,,,,598069
847,734001.yaml,2014,36,2014-05-12,Sunrisers Hyderabad,Mumbai Indians,Hyderabad,"Rajiv Gandhi International Stadium, Uppal",,Sunrisers Hyderabad,bat,Mumbai Indians,wickets,7,,,,AT Rayudu,HDPK Dharmasena,VA Kulkarni,,20,158,RS Mahanama,PG Pathak,A Nand Kishore,,,,,734001
848,734007.yaml,2014,39,2014-05-14,Sunrisers Hyderabad,Kings XI Punjab,Hyderabad,"Rajiv Gandhi International Stadium, Uppal",,Kings XI Punjab,field,Kings XI Punjab,wickets,6,,,,WP Saha,VA Kulkarni,PG Pathak,,20,206,RS Mahanama,HDPK Dharmasena,A Nand Kishore,,,,,734007
849,734015.yaml,2014,43,2014-05-18,Sunrisers Hyderabad,Kolkata Knight Riders,Hyderabad,"Rajiv Gandhi International Stadium, Uppal",,Sunrisers Hyderabad,bat,Kolkata Knight Riders,wickets,7,,,,UT Yadav,NJ Llong,CK Nandan,,20,143,RS Madugalle,AK Chaudhary,A Nand Kishore,,,,,734015
850,734021.yaml,2014,46,2014-05-20,Sunrisers Hyderabad,Royal Challengers Bangalore,Hyderabad,"Rajiv Gandhi International Stadium, Uppal",,Royal Challengers Bangalore,bat,Sunrisers Hyderabad,wickets,7,,,,DA Warner,AK Chaudhary,NJ Llong,,20,161,RS Madugalle,CK Nandan,A Nand Kishore,,,,,734021
851,829773.yaml,2015,34,2015-05-02,Sunrisers Hyderabad,Chennai Super Kings,Hyderabad,"Rajiv Gandhi International Stadium, Uppal",,Chennai Super Kings,field,Sunrisers Hyderabad,runs,22,,,,DA Warner,AK Chaudhary,K Srinivasan,,20,193,RR Jadeja,M Erasmus,A Nand Kishore,,,,,829773
852,829799.yaml,2015,48,2015-05-11,Sunrisers Hyderabad,Kings XI Punjab,Hyderabad,"Rajiv Gandhi International Stadium, Uppal",,Sunrisers Hyderabad,bat,Sunrisers Hyderabad,runs,5,,,,DA Warner,AK Chaudhary,HDPK Dharmasena,,20,186,RS Mahanama,K Srinivasan,A Nand Kishore,,,,,829799
853,829807.yaml,2015,52,2015-05-15,Sunrisers Hyderabad,Royal Challengers Bangalore,Hyderabad,"Rajiv Gandhi International Stadium, Uppal",,Sunrisers Hyderabad,bat,Royal Challengers Bangalore,wickets,6,,D/L,,V Kohli,AK Chaudhary,HDPK Dharmasena,,6,81,RS Mahanama,K Srinath,A Nand Kishore,,,,,829807
854,829815.yaml,2015,56,2015-05-17,Sunrisers Hyderabad,Mumbai Indians,Hyderabad,"Rajiv Gandhi International Stadium, Uppal",,Sunrisers Hyderabad,bat,Mumbai Indians,wickets,9,,,,MJ McClenaghan,CB Gaffaney,K Srinath,,20,114,RS Mahanama,AK Chaudhary,A Nand Kishore,,,,,829815
855,980915.yaml,2016,8,2016-04-16,Sunrisers Hyderabad,Kolkata Knight Riders,Hyderabad,"Rajiv Gandhi International Stadium, Uppal",,Sunrisers Hyderabad,bat,Kolkata Knight Riders,wickets,8,,,,G Gambhir,AK Chaudhary,CK Nandan,,20,143,J Srinath,K Bharatan,A Deshmukh,,,,,980915
856,980923.yaml,2016,12,2016-04-18,Sunrisers Hyderabad,Mumbai Indians,Hyderabad,"Rajiv Gandhi International Stadium, Uppal",,Sunrisers Hyderabad,field,Sunrisers Hyderabad,wickets,7,,,,DA Warner,HDPK Dharmasena,VK Sharma,,20,143,J Srinath,KN Ananthapadmanabhan,A Deshmukh,,,,,980923
857,980935.yaml,2016,18,2016-04-23,Sunrisers Hyderabad,Kings XI Punjab,Hyderabad,"Rajiv Gandhi International Stadium, Uppal",,Sunrisers Hyderabad,field,Sunrisers Hyderabad,wickets,5,,,,Mustafizur Rahman,AK Chaudhary,CK Nandan,,20,144,RS Mahanama,AY Dandekar,R Pandit,,,,,980935
858,980943.yaml,2016,22,2016-04-26,Sunrisers Hyderabad,Rising Pune Supergiants,Hyderabad,"Rajiv Gandhi International Stadium, Uppal",,Rising Pune Supergiants,field,Rising Pune Supergiants,runs,34,,D/L,,AB Dinda,AY Dandekar,CK Nandan,,11,61,Amit Sharma,HDPK Dharmasena,YC Barde,,,,,980943
859,980953.yaml,2016,27,2016-04-30,Sunrisers Hyderabad,Royal Challengers Bangalore,Hyderabad,"Rajiv Gandhi International Stadium, Uppal",,Royal Challengers Bangalore,field,Sunrisers Hyderabad,runs,15,,,,DA Warner,AK Chaudhary,HDPK Dharmasena,,20,195,RS Mahanama,CK Nandan,R Pandit,,,,,980953
860,980967.yaml,2016,34,2016-05-06,Sunrisers Hyderabad,Gujarat Lions,Hyderabad,"Rajiv Gandhi International Stadium, Uppal",,Sunrisers Hyderabad,field,Sunrisers Hyderabad,wickets,5,,,,B Kumar,M Erasmus,S Ravi,,20,127,J Srinath,KN Ananthapadmanabhan,A Deshmukh,,,,,980967
861,980983.yaml,2016,42,2016-05-12,Sunrisers Hyderabad,Delhi Daredevils,Hyderabad,"Rajiv Gandhi International Stadium, Uppal",,Delhi Daredevils,field,Delhi Daredevils,wickets,7,,,,CH Morris,K Bharatan,M Erasmus,,20,147,J Srinath,KN Ananthapadmanabhan,A Deshmukh,,,,,980983
862,1082591.yaml,2017,1,2017-04-05,Sunrisers Hyderabad,Royal Challengers Bangalore,Hyderabad,"Rajiv Gandhi International Stadium, Uppal",,Royal Challengers Bangalore,field,Sunrisers Hyderabad,runs,35,,,,Yuvraj Singh,AY Dandekar,NJ Llong,,20,208,J Srinath,A Deshmukh,N Pandit,,,,,1082591
863,1082596.yaml,2017,6,2017-04-09,Sunrisers Hyderabad,Gujarat Lions,Hyderabad,"Rajiv Gandhi International Stadium, Uppal",,Sunrisers Hyderabad,field,Sunrisers Hyderabad,wickets,9,,,,Rashid Khan,A Deshmukh,NJ Llong,,20,136,M Nayyar,AY Dandekar,N Pandit,,,,,1082596
864,1082609.yaml,2017,19,2017-04-17,Sunrisers Hyderabad,Kings XI Punjab,Hyderabad,"Rajiv Gandhi International Stadium, Uppal",,Kings XI Punjab,field,Sunrisers Hyderabad,runs,5,,,,B Kumar,AY Dandekar,A Deshmukh,,20,160,AJ Pycroft,NJ Llong,N Pandit,,,,,1082609
865,1082611.yaml,2017,21,2017-04-19,Sunrisers Hyderabad,Delhi Daredevils,Hyderabad,"Rajiv Gandhi International Stadium, Uppal",,Sunrisers Hyderabad,bat,Sunrisers Hyderabad,runs,15,,,,KS Williamson,CB Gaffaney,NJ Llong,,20,192,M Nayyar,AY Dandekar,N Pandit,,,,,1082611
866,1082627.yaml,2017,37,2017-04-30,Sunrisers Hyderabad,Kolkata Knight Riders,Hyderabad,"Rajiv Gandhi International Stadium, Uppal",,Kolkata Knight Riders,field,Sunrisers Hyderabad,runs,48,,,,DA Warner,AY Dandekar,S Ravi,,20,210,J Srinath,VK Sharma,Navdeep Singh,,,,,1082627
867,1082634.yaml,2017,44,2017-05-06,Sunrisers Hyderabad,Rising Pune Supergiant,Hyderabad,"Rajiv Gandhi International Stadium, Uppal",,Sunrisers Hyderabad,field,Rising Pune Supergiant,runs,12,,,,JD Unadkat,KN Ananthapadmanabhan,AK Chaudhary,,20,149,Chinmay Sharma,M Erasmus,R Pandit,,,,,1082634
868,1082638.yaml,2017,48,2017-05-08,Sunrisers Hyderabad,Mumbai Indians,Hyderabad,"Rajiv Gandhi International Stadium, Uppal",,Mumbai Indians,bat,Sunrisers Hyderabad,wickets,7,,,,S Dhawan,KN Ananthapadmanabhan,M Erasmus,,20,139,Chinmay Sharma,AK Chaudhary,R Pandit,,,,,1082638
869,1082650.yaml,2017,,2017-05-21,Mumbai Indians,Rising Pune Supergiant,Hyderabad,"Rajiv Gandhi International Stadium, Uppal",,Mumbai Indians,bat,Mumbai Indians,runs,1,,,,KH Pandya,NJ Llong,S Ravi,Final,20,130,J Srinath,AK Chaudhary,A Nand Kishore,,,,,1082650
870,1359478.yaml,2023,4,2023-04-02,Rajasthan Royals,Sunrisers Hyderabad,Hyderabad,"Rajiv Gandhi International Stadium, Uppal, Hyderabad",,Sunrisers Hyderabad,field,Rajasthan Royals,runs,72,,,,JC Buttler,KN Ananthapadmanabhan,R Pandit,,20,204,V Narayan Kutty,Navdeep Singh,Abhijit Bhattacharya,NA Saini,YBK Jaiswal,Abdul Samad,Fazalhaq Farooqi,1359478
871,1359488.yaml,2023,14,2023-04-09,Punjab Kings,Sunrisers Hyderabad,Hyderabad,"Rajiv Gandhi International Stadium, Uppal, Hyderabad",,Sunrisers Hyderabad,field,Sunrisers Hyderabad,wickets,8,,,,S Dhawan,BNJ Oxenford,UV Gandhe,,20,144,M Nayyar,J Madanagopal,PM Joshi,Sikandar Raza,P Simran Singh,,,1359488
872,1359499.yaml,2023,25,2023-04-18,Mumbai Indians,Sunrisers Hyderabad,Hyderabad,"Rajiv Gandhi International Stadium, Uppal, Hyderabad",,Sunrisers Hyderabad,field,Mumbai Indians,runs,14,,,,C Green,Nitin Menon,Vinod Seshan,,20,193,Shakti Singh,VK Sharma,A Bengeri,RP Meredith,Tilak Varma,Abdul Samad,T Natarajan,1359499
873,1359508.yaml,2023,34,2023-04-24,Delhi Capitals,Sunrisers Hyderabad,Hyderabad,"Rajiv Gandhi International Stadium, Uppal, Hyderabad",,Delhi Capitals,bat,Delhi Capitals,runs,7,,,,AR Patel,J Madanagopal,RJ Tucker,,20,145,R Seth,UV Gandhe,PM Joshi,Mukesh Kumar,SN Khan,RA Tripathi,T Natarajan,1359508
874,1359521.yaml,2023,47,2023-05-04,Kolkata Knight Riders,Sunrisers Hyderabad,Hyderabad,"Rajiv Gandhi International Stadium, Uppal, Hyderabad",,Kolkata Knight Riders,bat,Kolkata Knight Riders,runs,5,,,,CV Varun,KN Ananthapadmanabhan,MA Gough,,20,172,V Narayan Kutty,MV Saidharshan Kumar,P Joshi,AS Roy,JJ Roy,RA Tripathi,T Natarajan,1359521
875,1359532.yaml,2023,58,2023-05-13,Sunrisers Hyderabad,Lucknow Super Giants,Hyderabad,"Rajiv Gandhi International Stadium, Uppal, Hyderabad",,Sunrisers Hyderabad,bat,Lucknow Super Giants,wickets,7,,,,PN Mankad,A Totre,J Madanagopal,,20,183,P Dharmani,YC Barde,Mohamad Rafi,Vivrant Sharma,Anmolpreet Singh,A Badoni,A Mishra,1359532
876,1359539.yaml,2023,65,2023-05-18,Sunrisers Hyderabad,Royal Challengers Bangalore,Hyderabad,"Rajiv Gandhi International Stadium, Uppal, Hyderabad",,Royal Challengers Bangalore,field,Royal Challengers Bangalore,wickets,8,,,,V Kohli,BNJ Oxenford,VK Sharma,,20,187,J Srinath,HAS Khalid,VM Dhokre,T Natarajan,Abdul Samad,,,1359539
877,1422126.yaml,2024,8,2024-03-27,Sunrisers Hyderabad,Mumbai Indians,Hyderabad,"Rajiv Gandhi International Stadium, Uppal, Hyderabad",,Mumbai Indians,field,Sunrisers Hyderabad,runs,31,,,,Abhishek Sharma,KN Ananthapadmanabhan,UV Gandhe,,20,278,Prakash Bhatt,HDPK Dharmasena,VM Dhokre,Umran Malik,TM Head,R Shepherd,KT Maphaka,1422126
878,1422136.yaml,2024,18,2024-04-05,Chennai Super Kings,Sunrisers Hyderabad,Hyderabad,"Rajiv Gandhi International Stadium, Uppal, Hyderabad",,Sunrisers Hyderabad,field,Sunrisers Hyderabad,wickets,6,,,,Abhishek Sharma,R Pandit,YC Barde,,20,166,M Nayyar,BNJ Oxenford,M Krishnadas,Mukesh Choudhary,S Dube,TM Head,T Natarajan,1422136
879,1426279.yaml,2024,41,2024-04-25,Royal Challengers Bengaluru,Sunrisers Hyderabad,Hyderabad,"Rajiv Gandhi International Stadium, Uppal, Hyderabad",,Royal Challengers Bengaluru,bat,Royal Challengers Bengaluru,runs,35,,,,RM Patidar,Nitin Menon,HAS Khalid,,20,207,J Srinath,VK Sharma,K Kelkar,Swapnil Singh,RM Patidar,TM Head,T Natarajan,1426279
880,1426288.yaml,2024,50,2024-05-02,Sunrisers Hyderabad,Rajasthan Royals,Hyderabad,"Rajiv Gandhi International Stadium, Uppal, Hyderabad",,Sunrisers Hyderabad,bat,Sunrisers Hyderabad,runs,1,,,,B Kumar,AK Chaudhary,YC Barde,,20,202,Shakti Singh,R Pandit,K Kelkar,JD Unadkat,Anmolpreet Singh,JC Buttler,YS Chahal,1426288
881,1426295.yaml,2024,57,2024-05-08,Lucknow Super Giants,Sunrisers Hyderabad,Hyderabad,"Rajiv Gandhi International Stadium, Uppal, Hyderabad",,Lucknow Super Giants,bat,Sunrisers Hyderabad,wickets,10,,,,TM Head,MV Saidharshan Kumar,YC Barde,,20,166,Shakti Singh,AK Chaudhary,R Pandit,,,Abhishek Sharma,T Natarajan,1426295
882,1426307.yaml,2024,69,2024-05-19,Punjab Kings,Sunrisers Hyderabad,Hyderabad,"Rajiv Gandhi International Stadium, Uppal, Hyderabad",,Punjab Kings,bat,Sunrisers Hyderabad,wickets,4,,,,Abhishek Sharma,Nitin Menon,VK Sharma,,20,215,Prakash Bhatt,HAS Khalid,Bhavesh Patel,Arshdeep Singh,Ashutosh Sharma,TM Head,T Natarajan,1426307
883,1473439.yaml,2025,2,2025-03-23,Sunrisers Hyderabad,Rajasthan Royals,Hyderabad,"Rajiv Gandhi International Stadium, Uppal, Hyderabad",,Rajasthan Royals,field,Sunrisers Hyderabad,runs,44,,,,Ishan Kishan,AT Holdstock,A Totre,,20,287,Shakti Singh,R Pandit,K Kelkar,A Zampa,TM Head,SV Samson,Fazalhaq Farooqi,1473439
884,1473444.yaml,2025,7,2025-03-27,Sunrisers Hyderabad,Lucknow Super Giants,Hyderabad,"Rajiv Gandhi International Stadium, Uppal, Hyderabad",,Lucknow Super Giants,field,Lucknow Super Giants,wickets,5,,,,SN Thakur,Abhijit Bhattacharya,UV Gandhe,,20,191,V Narayan Kutty,VK Sharma,AK Argal,A Zampa,TM Head,MR Marsh,DS Rathi,1473444
885,1473457.yaml,2025,19,2025-04-06,Sunrisers Hyderabad,Gujarat Titans,Hyderabad,"Rajiv Gandhi International Stadium, Uppal, Hyderabad",,Gujarat Titans,field,Gujarat Titans,wickets,7,,,,Mohammed Siraj,KN Ananthapadmanabhan,MV Saidharshan Kumar,,20,153,J Srinath,Nitin Menon,HAS Khalid,Simarjeet Singh,TM Head,SE Rutherford,I Sharma,1473457
886,1473464.yaml,2025,27,2025-04-12,Punjab Kings,Sunrisers Hyderabad,Hyderabad,"Rajiv Gandhi International Stadium, Uppal, Hyderabad",,Punjab Kings,bat,Sunrisers Hyderabad,wickets,8,,,,Abhishek Sharma,A Totre,K Kelkar,,20,246,Shakti Singh,AT Holdstock,Anish Sahasrabudhe,Yash Thakur,Priyansh Arya,A Manohar,E Malinga,1473464
887,1473478.yaml,2025,41,2025-04-23,Sunrisers Hyderabad,Mumbai Indians,Hyderabad,"Rajiv Gandhi International Stadium, Uppal, Hyderabad",,Mumbai Indians,field,Mumbai Indians,wickets,7,,,,TA Boult,J Madanagopal,Vinod Seshan,,20,144,IR Siddiqui,CB Gaffaney,A Bengeri,A Manohar,TM Head,RG Sharma,V Puthur,1473478
888,1527683.yaml,2026,10,2026-04-05,Sunrisers Hyderabad,Lucknow Super Giants,Hyderabad,"Rajiv Gandhi International Stadium, Uppal, Hyderabad",,Lucknow Super Giants,field,Lucknow Super Giants,wickets,5,,,,Mohammed Shami,Anish Sahasrabudhe,MV Saidharshan Kumar,,20,157,Shakti Singh,Nitin Menon,Vinod Seshan,E Malinga,TM Head,A Badoni,Mohammed Shami,1527683
889,1529264.yaml,2026,21,2026-04-13,Sunrisers Hyderabad,Rajasthan Royals,Hyderabad,"Rajiv Gandhi International Stadium, Uppal, Hyderabad",,Rajasthan Royals,field,Sunrisers Hyderabad,runs,57,,,,PP Hinge,J Madanagopal,R Pandit,,20,217,J Srinath,A Bengeri,UV Gandhe,Sakib Hussain,TM Head,V Suryavanshi,Sandeep Sharma,1529264
890,1529270.yaml,2026,27,2026-04-18,Sunrisers Hyderabad,Chennai Super Kings,Hyderabad,"Rajiv Gandhi International Stadium, Uppal, Hyderabad",,Chennai Super Kings,field,Sunrisers Hyderabad,runs,10,,,,E Malinga,Anish Sahasrabudhe,Vinod Seshan,,20,195,Shakti Singh,AT Holdstock,MV Saidharshan Kumar,LS Livingstone,TM Head,A Mhatre,Gurjapneet Singh,1529270
891,1529274.yaml,2026,31,2026-04-21,Sunrisers Hyderabad,Delhi Capitals,Hyderabad,"Rajiv Gandhi International Stadium, Uppal, Hyderabad",,Delhi Capitals,field,Sunrisers Hyderabad,runs,47,,,,Abhishek Sharma,Anish Sahasrabudhe,Vinod Seshan,,20,243,Shakti Singh,AT Holdstock,MV Saidharshan Kumar,D Madushanka,TM Head,Ashutosh Sharma,Mukesh Kumar,1529274
892,1529288.yaml,2026,45,2026-05-03,Sunrisers Hyderabad,Kolkata Knight Riders,Hyderabad,"Rajiv Gandhi International Stadium, Uppal, Hyderabad",,Sunrisers Hyderabad,bat,Kolkata Knight Riders,wickets,7,,,,CV Varun,A Bengeri,J Madanagopal,,20,166,IR Siddiqui,UV Gandhe,Amit Rana,Sakib Hussain,Aniket Verma,FH Allen,VG Arora,1529288
893,1529292.yaml,2026,49,2026-05-06,Sunrisers Hyderabad,Punjab Kings,Hyderabad,"Rajiv Gandhi International Stadium, Uppal, Hyderabad",,Punjab Kings,field,Sunrisers Hyderabad,runs,33,,,,PJ Cummins,J Madanagopal,K Kelkar,,20,236,DS Manohar,UV Gandhe,Amit Rana,Harsh Dubey,TM Head,Priyansh Arya,YS Chahal,1529292
894,1529310.yaml,2026,67,2026-05-22,Sunrisers Hyderabad,Royal Challengers Bengaluru,Hyderabad,"Rajiv Gandhi International Stadium, Uppal, Hyderabad",,Sunrisers Hyderabad,bat,Sunrisers Hyderabad,runs,55,,,,Ishan Kishan,Amit Rana,J Madanagopal,,20,256,DS Manohar,K Kelkar,T Ematty,HV Patel,S Arora,TH David,Suyash Sharma,1529310
895,419111.yaml,2009/10,6,2010-03-15,Rajasthan Royals,Delhi Daredevils,Ahmedabad,"Sardar Patel Stadium, Motera",,Delhi Daredevils,field,Delhi Daredevils,wickets,6,,,,V Sehwag,BG Jerling,RE Koertzen,,20,142,AJ Pycroft,RB Tiffin,S Dua,,,,,419111
896,419118.yaml,2009/10,13,2010-03-20,Rajasthan Royals,Kolkata Knight Riders,Ahmedabad,"Sardar Patel Stadium, Motera",,Rajasthan Royals,bat,Rajasthan Royals,runs,34,,,,AA Jhunjhunwala,RE Koertzen,RB Tiffin,,20,169,AJ Pycroft,BG Jerling,S Dua,,,,,419118
897,419126.yaml,2009/10,22,2010-03-26,Rajasthan Royals,Deccan Chargers,Ahmedabad,"Sardar Patel Stadium, Motera",,Deccan Chargers,bat,Rajasthan Royals,wickets,8,,,,YK Pathan,HDPK Dharmasena,SJA Taufel,,20,149,RS Mahanama,SS Hazare,S Dua,,,,,419126
898,419129.yaml,2009/10,24,2010-03-28,Rajasthan Royals,Chennai Super Kings,Ahmedabad,"Sardar Patel Stadium, Motera",,Rajasthan Royals,bat,Rajasthan Royals,runs,17,,,,NV Ojha,SS Hazare,SJA Taufel,,20,178,RS Mahanama,HDPK Dharmasena,S Dua,,,,,419129
899,733979.yaml,2014,25,2014-05-05,Rajasthan Royals,Kolkata Knight Riders,Ahmedabad,"Sardar Patel Stadium, Motera",,Kolkata Knight Riders,field,Rajasthan Royals,runs,10,,,,PV Tambe,NJ Llong,CK Nandan,,20,171,RS Madugalle,AK Chaudhary,Nitin Menon,,,,,733979
900,733989.yaml,2014,30,2014-05-08,Rajasthan Royals,Sunrisers Hyderabad,Ahmedabad,"Sardar Patel Stadium, Motera",,Rajasthan Royals,field,Sunrisers Hyderabad,runs,32,,,,B Kumar,AK Chaudhary,NJ Llong,,20,135,RS Madugalle,CK Nandan,Nitin Menon,,,,,733989
901,734011.yaml,2014,41,2014-05-15,Rajasthan Royals,Delhi Daredevils,Ahmedabad,"Sardar Patel Stadium, Motera",,Delhi Daredevils,field,Rajasthan Royals,runs,62,,,,AM Rahane,S Ravi,RJ Tucker,,20,202,AJ Pycroft,K Srinath,KN Ananthapadmanabhan,,,,,734011
902,734017.yaml,2014,44,2014-05-19,Rajasthan Royals,Mumbai Indians,Ahmedabad,"Sardar Patel Stadium, Motera",,Mumbai Indians,bat,Mumbai Indians,runs,25,,,,MEK Hussey,S Ravi,RJ Tucker,,20,179,AJ Pycroft,K Srinath,KN Ananthapadmanabhan,,,,,734017
903,829721.yaml,2015,9,2015-04-14,Rajasthan Royals,Mumbai Indians,Ahmedabad,"Sardar Patel Stadium, Motera",,Mumbai Indians,bat,Rajasthan Royals,wickets,7,,,,SPD Smith,AK Chaudhary,SD Fry,,20,165,Chinmay Sharma,K Srinivasan,A Nand Kishore,,,,,829721
904,829735.yaml,2015,15,2015-04-19,Rajasthan Royals,Chennai Super Kings,Ahmedabad,"Sardar Patel Stadium, Motera",,Chennai Super Kings,bat,Rajasthan Royals,wickets,8,,,,AM Rahane,AK Chaudhary,M Erasmus,,20,157,Chinmay Sharma,K Srinath,K Srinivasan,,,,,829735
905,829749.yaml,2015,22,2015-04-24,Rajasthan Royals,Royal Challengers Bangalore,Ahmedabad,"Sardar Patel Stadium, Motera",,Royal Challengers Bangalore,field,Royal Challengers Bangalore,wickets,9,,,,MA Starc,M Erasmus,S Ravi,,20,131,Chinmay Sharma,AK Chaudhary,K Srinath,,,,,829749
906,980911.yaml,2016,6,2016-04-14,Gujarat Lions,Rising Pune Supergiants,Rajkot,Saurashtra Cricket Association Stadium,,Rising Pune Supergiants,bat,Gujarat Lions,wickets,7,,,,AJ Finch,VA Kulkarni,CK Nandan,,20,164,Chinmay Sharma,AY Dandekar,K Bharatan,,,,,980911
907,980929.yaml,2016,15,2016-04-21,Gujarat Lions,Sunrisers Hyderabad,Rajkot,Saurashtra Cricket Association Stadium,,Sunrisers Hyderabad,field,Sunrisers Hyderabad,wickets,10,,,,B Kumar,K Bharatan,HDPK Dharmasena,,20,136,S Chaturvedi,AY Dandekar,A Deshmukh,,,,,980929
908,980937.yaml,2016,19,2016-04-24,Gujarat Lions,Royal Challengers Bangalore,Rajkot,Saurashtra Cricket Association Stadium,,Royal Challengers Bangalore,bat,Gujarat Lions,wickets,6,,,,V Kohli,K Bharatan,BNJ Oxenford,,20,181,S Chaturvedi,KN Ananthapadmanabhan,A Deshmukh,,,,,980937
909,980955.yaml,2016,28,2016-05-01,Gujarat Lions,Kings XI Punjab,Rajkot,Saurashtra Cricket Association Stadium,,Gujarat Lions,field,Kings XI Punjab,runs,23,,,,AR Patel,BNJ Oxenford,VK Sharma,,20,155,M Nayyar,CB Gaffaney,YC Barde,,,,,980955
910,980961.yaml,2016,31,2016-05-03,Gujarat Lions,Delhi Daredevils,Rajkot,Saurashtra Cricket Association Stadium,,Delhi Daredevils,field,Delhi Daredevils,wickets,8,,,,RR Pant,CB Gaffaney,BNJ Oxenford,,20,150,M Nayyar,A Nand Kishore,YC Barde,,,,,980961
911,1082593.yaml,2017,3,2017-04-07,Gujarat Lions,Kolkata Knight Riders,Rajkot,Saurashtra Cricket Association Stadium,,Kolkata Knight Riders,field,Kolkata Knight Riders,wickets,10,,,,CA Lynn,Nitin Menon,CK Nandan,,20,184,V Narayan Kutty,YC Barde,K Srinivasan,,,,,1082593
912,1082603.yaml,2017,13,2017-04-14,Gujarat Lions,Rising Pune Supergiant,Rajkot,Saurashtra Cricket Association Stadium,,Gujarat Lions,field,Gujarat Lions,wickets,7,,,,AJ Tye,A Nand Kishore,S Ravi,,20,172,J Srinath,VK Sharma,Navdeep Singh,,,,,1082603
913,1082610.yaml,2017,20,2017-04-18,Gujarat Lions,Royal Challengers Bangalore,Rajkot,Saurashtra Cricket Association Stadium,,Gujarat Lions,field,Royal Challengers Bangalore,runs,21,,,,CH Gayle,S Ravi,VK Sharma,,20,214,J Srinath,A Nand Kishore,Navdeep Singh,,,,,1082610
914,1082616.yaml,2017,26,2017-04-23,Gujarat Lions,Kings XI Punjab,Rajkot,Saurashtra Cricket Association Stadium,,Gujarat Lions,field,Kings XI Punjab,runs,26,,,,HM Amla,AK Chaudhary,M Erasmus,,20,189,Chinmay Sharma,C Shamshuddin,R Pandit,,,,,1082616
915,335987.yaml,2007/08,6,2008-04-21,Rajasthan Royals,Kings XI Punjab,Jaipur,Sawai Mansingh Stadium,,Kings XI Punjab,bat,Rajasthan Royals,wickets,6,,,,SR Watson,Aleem Dar,RB Tiffin,,20,167,S Venkataraghavan,I Shivram,MSS Ranawat,,,,,335987
916,336000.yaml,2007/08,18,2008-05-01,Rajasthan Royals,Kolkata Knight Riders,Jaipur,Sawai Mansingh Stadium,,Rajasthan Royals,bat,Rajasthan Royals,runs,45,,,,SA Asnodkar,RE Koertzen,GA Pratapkumar,,20,197,FM Engineer,Asad Rauf,MSS Ranawat,,,,,336000
917,336005.yaml,2007/08,24,2008-05-04,Rajasthan Royals,Chennai Super Kings,Jaipur,Sawai Mansingh Stadium,,Chennai Super Kings,bat,Rajasthan Royals,wickets,8,,,,Sohail Tanvir,Asad Rauf,AV Jayaprakash,,20,110,FM Engineer,Aleem Dar,MSS Ranawat,,,,,336005
918,336011.yaml,2007/08,30,2008-05-09,Rajasthan Royals,Deccan Chargers,Jaipur,Sawai Mansingh Stadium,,Rajasthan Royals,field,Rajasthan Royals,wickets,8,,,,YK Pathan,MR Benson,AM Saheba,,20,141,S Venkataraghavan,SJ Davis,,,,,,336011
919,336015.yaml,2007/08,33,2008-05-11,Rajasthan Royals,Delhi Daredevils,Jaipur,Sawai Mansingh Stadium,,Rajasthan Royals,field,Rajasthan Royals,wickets,3,,,,SR Watson,SJ Davis,RE Koertzen,,20,157,FM Engineer,MSS Ranawat,,,,,,336015
920,336023.yaml,2007/08,39,2008-05-17,Rajasthan Royals,Royal Challengers Bangalore,Jaipur,Sawai Mansingh Stadium,,Royal Challengers Bangalore,field,Rajasthan Royals,runs,65,,,,GC Smith,BF Bowden,SL Shastri,,20,198,Talat Ali,SJ Davis,MSS Ranawat,,,,,336023
921,336036.yaml,2007/08,53,2008-05-26,Rajasthan Royals,Mumbai Indians,Jaipur,Sawai Mansingh Stadium,,Rajasthan Royals,field,Rajasthan Royals,wickets,5,,,,Sohail Tanvir,BF Bowden,K Hariharan,,20,146,CH Lloyd,SL Shastri,MSS Ranawat,,,,,336036
922,419143.yaml,2009/10,38,2010-04-07,Rajasthan Royals,Kings XI Punjab,Jaipur,Sawai Mansingh Stadium,,Kings XI Punjab,bat,Rajasthan Royals,wickets,9,,,,MJ Lumb,S Ravi,SK Tarapore,,20,154,S Venkataraghavan,BR Doctrove,K Sharma,,,,,419143
923,419150.yaml,2009/10,45,2010-04-11,Rajasthan Royals,Mumbai Indians,Jaipur,Sawai Mansingh Stadium,,Rajasthan Royals,field,Mumbai Indians,runs,37,,,,SR Tendulkar,BR Doctrove,SK Tarapore,,20,175,S Venkataraghavan,S Ravi,K Sharma,,,,,419150
924,419154.yaml,2009/10,49,2010-04-14,Rajasthan Royals,Royal Challengers Bangalore,Jaipur,Sawai Mansingh Stadium,,Rajasthan Royals,bat,Royal Challengers Bangalore,wickets,5,,,,KP Pietersen,BR Doctrove,S Ravi,,20,131,S Venkataraghavan,SK Tarapore,K Sharma,,,,,419154
925,501204.yaml,2011,7,2011-04-12,Rajasthan Royals,Delhi Daredevils,Jaipur,Sawai Mansingh Stadium,,Delhi Daredevils,bat,Rajasthan Royals,wickets,6,,,,SK Warne,Aleem Dar,RB Tiffin,,20,152,AJ Pycroft,SS Hazare,R Subramanian,,,,,501204
926,501209.yaml,2011,12,2011-04-15,Rajasthan Royals,Kolkata Knight Riders,Jaipur,Sawai Mansingh Stadium,,Kolkata Knight Riders,field,Kolkata Knight Riders,wickets,9,,,,G Gambhir,Aleem Dar,SS Hazare,,20,160,AJ Pycroft,RB Tiffin,R Subramanian,,,,,501209
927,501225.yaml,2011,28,2011-04-24,Rajasthan Royals,Kochi Tuskers Kerala,Jaipur,Sawai Mansingh Stadium,,Rajasthan Royals,field,Rajasthan Royals,wickets,8,,,,SK Warne,BR Doctrove,SK Tarapore,,20,110,D Govindjee,S Ravi,R Subramanian,,,,,501225
928,501231.yaml,2011,34,2011-04-29,Rajasthan Royals,Mumbai Indians,Jaipur,Sawai Mansingh Stadium,,Rajasthan Royals,field,Rajasthan Royals,wickets,7,,,,J Botha,Asad Rauf,SK Tarapore,,20,95,D Govindjee,S Ravi,R Subramanian,,,,,501231
929,501235.yaml,2011,38,2011-05-01,Rajasthan Royals,Pune Warriors,Jaipur,Sawai Mansingh Stadium,,Rajasthan Royals,field,Rajasthan Royals,wickets,6,,,,LRPL Taylor,SK Tarapore,SJA Taufel,,20,144,D Govindjee,S Ravi,R Subramanian,,,,,501235
930,501249.yaml,2011,52,2011-05-09,Rajasthan Royals,Chennai Super Kings,Jaipur,Sawai Mansingh Stadium,,Rajasthan Royals,field,Chennai Super Kings,runs,63,,,,M Vijay,K Hariharan,SJA Taufel,,20,197,RS Mahanama,HDPK Dharmasena,R Subramanian,,,,,501249
931,501252.yaml,2011,55,2011-05-11,Rajasthan Royals,Royal Challengers Bangalore,Jaipur,Sawai Mansingh Stadium,,Royal Challengers Bangalore,field,Royal Challengers Bangalore,wickets,9,,,,S Aravind,HDPK Dharmasena,K Hariharan,,20,147,RS Mahanama,SJA Taufel,R Subramanian,,,,,501252
932,548309.yaml,2012,4,2012-04-06,Rajasthan Royals,Kings XI Punjab,Jaipur,Sawai Mansingh Stadium,,Kings XI Punjab,field,Rajasthan Royals,runs,31,,,,AM Rahane,BF Bowden,SK Tarapore,,20,192,RS Madugalle,VA Kulkarni,PK Khakhar,,,,,548309
933,548312.yaml,2012,7,2012-04-08,Rajasthan Royals,Kolkata Knight Riders,Jaipur,Sawai Mansingh Stadium,,Kolkata Knight Riders,field,Rajasthan Royals,runs,22,,,,BJ Hodge,BF Bowden,VA Kulkarni,,20,165,RS Madugalle,SK Tarapore,PK Khakhar,,,,,548312
934,548326.yaml,2012,20,2012-04-17,Rajasthan Royals,Deccan Chargers,Jaipur,Sawai Mansingh Stadium,,Deccan Chargers,bat,Rajasthan Royals,wickets,5,,,,BJ Hodge,Aleem Dar,BNJ Oxenford,,20,197,RR Jadeja,AK Chaudhary,PK Khakhar,,,,,548326
935,548336.yaml,2012,30,2012-04-23,Rajasthan Royals,Royal Challengers Bangalore,Jaipur,Sawai Mansingh Stadium,,Rajasthan Royals,field,Royal Challengers Bangalore,runs,46,,,,AB de Villiers,Asad Rauf,S Asnani,,20,190,RS Madugalle,S Das,PK Khakhar,,,,,548336
936,548349.yaml,2012,43,2012-05-01,Rajasthan Royals,Delhi Daredevils,Jaipur,Sawai Mansingh Stadium,,Rajasthan Royals,bat,Delhi Daredevils,wickets,6,,,,P Negi,JD Cloete,SJA Taufel,,20,142,Raju Mukherjee,S Ravi,K Bharatan,,,,,548349
937,548361.yaml,2012,56,2012-05-10,Rajasthan Royals,Chennai Super Kings,Jaipur,Sawai Mansingh Stadium,,Chennai Super Kings,field,Chennai Super Kings,wickets,4,,,,BW Hilfenhaus,BNJ Oxenford,C Shamshuddin,,20,127,AJ Pycroft,HDPK Dharmasena,K Bharatan,,,,,548361
938,548365.yaml,2012,60,2012-05-13,Rajasthan Royals,Pune Warriors,Jaipur,Sawai Mansingh Stadium,,Rajasthan Royals,bat,Rajasthan Royals,runs,45,,,,A Chandila,BF Bowden,SK Tarapore,,20,171,RS Madugalle,VA Kulkarni,K Bharatan,,,,,548365
939,548377.yaml,2012,72,2012-05-20,Rajasthan Royals,Mumbai Indians,Jaipur,Sawai Mansingh Stadium,,Rajasthan Royals,bat,Mumbai Indians,wickets,10,,,,DR Smith,HDPK Dharmasena,C Shamshuddin,,20,163,Raju Mukherjee,BNJ Oxenford,K Bharatan,,,,,548377
940,598005.yaml,2013,8,2013-04-08,Rajasthan Royals,Kolkata Knight Riders,Jaipur,Sawai Mansingh Stadium,,Kolkata Knight Riders,field,Rajasthan Royals,runs,19,,,,SK Trivedi,Aleem Dar,S Das,,20,145,AJ Pycroft,C Shamshuddin,Tapan Sharma,,,,,598005
941,598014.yaml,2013,18,2013-04-14,Rajasthan Royals,Kings XI Punjab,Jaipur,Sawai Mansingh Stadium,,Rajasthan Royals,field,Rajasthan Royals,wickets,6,,,,JP Faulkner,Aleem Dar,C Shamshuddin,,20,125,AJ Pycroft,S Das,Tapan Sharma,,,,,598014
942,598019.yaml,2013,23,2013-04-17,Rajasthan Royals,Mumbai Indians,Jaipur,Sawai Mansingh Stadium,,Rajasthan Royals,bat,Rajasthan Royals,runs,87,,,,AM Rahane,Aleem Dar,C Shamshuddin,,20,180,AJ Pycroft,S Das,Tapan Sharma,,,,,598019
943,598032.yaml,2013,36,2013-04-27,Rajasthan Royals,Sunrisers Hyderabad,Jaipur,Sawai Mansingh Stadium,,Sunrisers Hyderabad,bat,Rajasthan Royals,wickets,8,,,,JP Faulkner,VA Kulkarni,K Srinath,,20,145,RS Madugalle,M Erasmus,Tapan Sharma,,,,,598032
944,598036.yaml,2013,40,2013-04-29,Rajasthan Royals,Royal Challengers Bangalore,Jaipur,Sawai Mansingh Stadium,,Rajasthan Royals,field,Rajasthan Royals,wickets,4,,,,SV Samson,M Erasmus,K Srinath,,20,172,RS Madugalle,VA Kulkarni,Tapan Sharma,,,,,598036
945,598047.yaml,2013,50,2013-05-05,Rajasthan Royals,Pune Warriors,Jaipur,Sawai Mansingh Stadium,,Pune Warriors,bat,Rajasthan Royals,wickets,5,,,,AM Rahane,C Shamshuddin,RJ Tucker,,20,179,AJ Pycroft,Aleem Dar,Tapan Sharma,,,,,598047
946,598049.yaml,2013,52,2013-05-07,Rajasthan Royals,Delhi Daredevils,Jaipur,Sawai Mansingh Stadium,,Delhi Daredevils,bat,Rajasthan Royals,wickets,9,,,,AM Rahane,Aleem Dar,RJ Tucker,,20,155,AJ Pycroft,C Shamshuddin,Tapan Sharma,,,,,598049
947,598058.yaml,2013,61,2013-05-12,Rajasthan Royals,Chennai Super Kings,Jaipur,Sawai Mansingh Stadium,,Rajasthan Royals,field,Rajasthan Royals,wickets,5,,,,SR Watson,HDPK Dharmasena,CK Nandan,,20,142,RS Mahanama,S Ravi,Tapan Sharma,,,,,598058
948,1136566.yaml,2018,6,2018-04-11,Rajasthan Royals,Delhi Daredevils,Jaipur,Sawai Mansingh Stadium,,Delhi Daredevils,field,Rajasthan Royals,runs,10,,D/L,,SV Samson,KN Ananthapadmanabhan,Nitin Menon,,6,71,J Srinath,RJ Tucker,N Pandit,,,,,1136566
949,1136575.yaml,2018,15,2018-04-18,Rajasthan Royals,Kolkata Knight Riders,Jaipur,Sawai Mansingh Stadium,,Kolkata Knight Riders,field,Kolkata Knight Riders,wickets,7,,,,N Rana,A Deshmukh,S Ravi,,20,161,M Nayyar,C Shamshuddin,K Srinath,,,,,1136575
950,1136581.yaml,2018,21,2018-04-22,Mumbai Indians,Rajasthan Royals,Jaipur,Sawai Mansingh Stadium,,Mumbai Indians,bat,Rajasthan Royals,wickets,3,,,,JC Archer,KN Ananthapadmanabhan,RJ Tucker,,20,168,J Srinath,Nitin Menon,HAS Khalid,,,,,1136581
951,1136588.yaml,2018,28,2018-04-29,Sunrisers Hyderabad,Rajasthan Royals,Jaipur,Sawai Mansingh Stadium,,Sunrisers Hyderabad,bat,Sunrisers Hyderabad,runs,11,,,,KS Williamson,BNJ Oxenford,A Nand Kishore,,20,152,AJ Pycroft,S Ravi,GR Sadashiv Iyer,,,,,1136588
952,1136600.yaml,2018,40,2018-05-08,Rajasthan Royals,Kings XI Punjab,Jaipur,Sawai Mansingh Stadium,,Rajasthan Royals,bat,Rajasthan Royals,runs,15,,,,JC Buttler,M Erasmus,Nitin Menon,,20,159,J Srinath,YC Barde,N Pandit,,,,,1136600
953,1136603.yaml,2018,43,2018-05-11,Chennai Super Kings,Rajasthan Royals,Jaipur,Sawai Mansingh Stadium,,Chennai Super Kings,bat,Rajasthan Royals,wickets,4,,,,JC Buttler,M Erasmus,YC Barde,,20,177,J Srinath,Nitin Menon,N Pandit,,,,,1136603
954,1136613.yaml,2018,53,2018-05-19,Rajasthan Royals,Royal Challengers Bangalore,Jaipur,Sawai Mansingh Stadium,,Rajasthan Royals,bat,Rajasthan Royals,runs,30,,,,S Gopal,BNJ Oxenford,VK Sharma,,20,165,AJ Pycroft,C Shamshuddin,GR Sadashiv Iyer,,,,,1136613
955,1175359.yaml,2019,4,2019-03-25,Kings XI Punjab,Rajasthan Royals,Jaipur,Sawai Mansingh Stadium,,Rajasthan Royals,field,Kings XI Punjab,runs,14,,,,CH Gayle,C Shamshuddin,KN Ananthapadmanabhan,,20,185,Chinmay Sharma,BNJ Oxenford,K Srinath,,,,,1175359
956,1175369.yaml,2019,14,2019-04-02,Royal Challengers Bangalore,Rajasthan Royals,Jaipur,Sawai Mansingh Stadium,,Rajasthan Royals,field,Rajasthan Royals,wickets,7,,,,S Gopal,AY Dandekar,M Erasmus,,20,159,J Srinath,Nitin Menon,HAS Khalid,,,,,1175369
957,1178396.yaml,2019,21,2019-04-07,Rajasthan Royals,Kolkata Knight Riders,Jaipur,Sawai Mansingh Stadium,,Kolkata Knight Riders,field,Kolkata Knight Riders,wickets,8,,,,HF Gurney,AK Chaudhary,CB Gaffaney,,20,140,V Narayan Kutty,BNJ Oxenford,GR Sadashiv Iyer,,,,,1178396
958,1178400.yaml,2019,25,2019-04-11,Rajasthan Royals,Chennai Super Kings,Jaipur,Sawai Mansingh Stadium,,Chennai Super Kings,field,Chennai Super Kings,wickets,4,,,,MS Dhoni,BNJ Oxenford,UV Gandhe,,20,152,Prakash Bhatt,CB Gaffaney,GR Sadashiv Iyer,,,,,1178400
959,1178411.yaml,2019,36,2019-04-20,Mumbai Indians,Rajasthan Royals,Jaipur,Sawai Mansingh Stadium,,Rajasthan Royals,field,Rajasthan Royals,wickets,5,,,,SPD Smith,S Ravi,YC Barde,,20,162,M Nayyar,CK Nandan,K Srinivasan,,,,,1178411
960,1178415.yaml,2019,40,2019-04-22,Rajasthan Royals,Delhi Capitals,Jaipur,Sawai Mansingh Stadium,,Delhi Capitals,field,Delhi Capitals,wickets,6,,,,RR Pant,A Nand Kishore,S Ravi,,20,192,M Nayyar,YC Barde,K Srinath,,,,,1178415
961,1178420.yaml,2019,45,2019-04-27,Sunrisers Hyderabad,Rajasthan Royals,Jaipur,Sawai Mansingh Stadium,,Rajasthan Royals,field,Rajasthan Royals,wickets,7,,,,JD Unadkat,A Nand Kishore,YC Barde,,20,161,M Nayyar,S Ravi,K Srinivasan,,,,,1178420
962,1359500.yaml,2023,26,2023-04-19,Lucknow Super Giants,Rajasthan Royals,Jaipur,"Sawai Mansingh Stadium, Jaipur",,Rajasthan Royals,field,Lucknow Super Giants,runs,10,,,,MP Stoinis,J Madanagopal,YC Barde,,20,155,R Seth,BNJ Oxenford,PM Joshi,A Mishra,KR Mayers,D Padikkal,YS Chahal,1359500
963,1359511.yaml,2023,37,2023-04-27,Rajasthan Royals,Chennai Super Kings,Jaipur,"Sawai Mansingh Stadium, Jaipur",,Rajasthan Royals,bat,Rajasthan Royals,runs,32,,,,YBK Jaiswal,A Totre,YC Barde,,20,203,M Nayyar,RJ Tucker,Mohamad Rafi,K Yadav,SO Hetmyer,AT Rayudu,Akash Singh,1359511
964,1359522.yaml,2023,48,2023-05-05,Rajasthan Royals,Gujarat Titans,Jaipur,"Sawai Mansingh Stadium, Jaipur",,Rajasthan Royals,bat,Gujarat Titans,wickets,9,,,,Rashid Khan,HAS Khalid,VK Sharma,,20,119,J Srinath,Nitin Menon,VM Dhokre,R Parag,YBK Jaiswal,Shubman Gill,MM Sharma,1359522
965,1359526.yaml,2023,52,2023-05-07,Rajasthan Royals,Sunrisers Hyderabad,Jaipur,"Sawai Mansingh Stadium, Jaipur",,Rajasthan Royals,bat,Sunrisers Hyderabad,wickets,4,,,,GD Phillips,Nitin Menon,Vinod Seshan,,20,215,J Srinath,VK Sharma,VM Dhokre,OC McCoy,R Ashwin,Anmolpreet Singh,T Natarajan,1359526
966,1359534.yaml,2023,60,2023-05-14,Royal Challengers Bangalore,Rajasthan Royals,Jaipur,"Sawai Mansingh Stadium, Jaipur",,Royal Challengers Bangalore,bat,Royal Challengers Bangalore,runs,112,,,,WD Parnell,KN Ananthapadmanabhan,Navdeep Singh,,20,172,V Narayan Kutty,RJ Tucker,P Joshi,Shahbaz Ahmed,KD Karthik,D Padikkal,YS Chahal,1359534
967,1422122.yaml,2024,4,2024-03-24,Rajasthan Royals,Lucknow Super Giants,Jaipur,"Sawai Mansingh Stadium, Jaipur",,Rajasthan Royals,bat,Rajasthan Royals,runs,20,,,,SV Samson,A Totre,HDPK Dharmasena,,20,194,Prakash Bhatt,KN Ananthapadmanabhan,VM Dhokre,N Burger,SO Hetmyer,DJ Hooda,Yash Thakur,1422122
968,1422127.yaml,2024,9,2024-03-28,Rajasthan Royals,Delhi Capitals,Jaipur,"Sawai Mansingh Stadium, Jaipur",,Delhi Capitals,field,Rajasthan Royals,runs,12,,,,R Parag,A Nand Kishore,Nitin Menon,,20,186,J Srinath,VK Sharma,M Kuppuraj,N Burger,SO Hetmyer,Abishek Porel,KK Ahmed,1422127
969,1422137.yaml,2024,19,2024-04-06,Royal Challengers Bengaluru,Rajasthan Royals,Jaipur,"Sawai Mansingh Stadium, Jaipur",,Rajasthan Royals,field,Rajasthan Royals,wickets,6,,,,JC Buttler,AG Wharf,Tapan Sharma,,20,184,V Narayan Kutty,J Madanagopal,PM Joshi,H Sharma,Saurav Chauhan,SB Dubey,YS Chahal,1422137
970,1426262.yaml,2024,24,2024-04-10,Rajasthan Royals,Gujarat Titans,Jaipur,"Sawai Mansingh Stadium, Jaipur",,Gujarat Titans,field,Gujarat Titans,wickets,3,,,,Rashid Khan,HDPK Dharmasena,Vinod Seshan,,20,197,Prakash Bhatt,KN Ananthapadmanabhan,VM Dhokre,KA Maharaj,YBK Jaiswal,M Shahrukh Khan,MM Sharma,1426262
971,1426276.yaml,2024,38,2024-04-22,Mumbai Indians,Rajasthan Royals,Jaipur,"Sawai Mansingh Stadium, Jaipur",,Mumbai Indians,bat,Rajasthan Royals,wickets,9,,,,Sandeep Sharma,AK Chaudhary,MV Saidharshan Kumar,,20,180,M Nayyar,BNJ Oxenford,R Rajesh Kannan,N Thushara,SA Yadav,JC Buttler,YS Chahal,1426276
972,1473465.yaml,2025,28,2025-04-13,Rajasthan Royals,Royal Challengers Bengaluru,Jaipur,"Sawai Mansingh Stadium, Jaipur",,Royal Challengers Bengaluru,field,Royal Challengers Bengaluru,wickets,9,,,,PD Salt,Nitin Menon,MV Saidharshan Kumar,,20,174,J Srinath,KN Ananthapadmanabhan,HAS Khalid,K Kartikeya,N Rana,D Padikkal,Suyash Sharma,1473465
973,1473473.yaml,2025,36,2025-04-19,Lucknow Super Giants,Rajasthan Royals,Jaipur,"Sawai Mansingh Stadium, Jaipur",,Lucknow Super Giants,bat,Lucknow Super Giants,runs,2,,,,Avesh Khan,J Madanagopal,Vinod Seshan,,20,181,Prakash Bhatt,CB Gaffaney,P Joshi,A Badoni,MR Marsh,V Suryavanshi,Sandeep Sharma,1473473
974,1473484.yaml,2025,47,2025-04-28,Gujarat Titans,Rajasthan Royals,Jaipur,"Sawai Mansingh Stadium, Jaipur",,Rajasthan Royals,field,Rajasthan Royals,wickets,8,,,,V Suryavanshi,MA Gough,VK Sharma,,20,210,R Seth,UV Gandhe,Abhijit Bhattacharya,I Sharma,Shubman Gill,,,1473484
975,1473487.yaml,2025,50,2025-05-01,Mumbai Indians,Rajasthan Royals,Jaipur,"Sawai Mansingh Stadium, Jaipur",,Rajasthan Royals,field,Mumbai Indians,runs,100,,,,RD Rickelton,P Joshi,Vinod Seshan,,20,218,DS Manohar,CB Gaffaney,A Bengeri,KV Sharma,RG Sharma,SB Dubey,Fazalhaq Farooqi,1473487
976,1473497.yaml,2025,59,2025-05-18,Punjab Kings,Rajasthan Royals,Jaipur,"Sawai Mansingh Stadium, Jaipur",,Punjab Kings,bat,Punjab Kings,runs,10,,,,Harpreet Brar,A Bengeri,CB Gaffaney,,20,220,DS Manohar,J Madanagopal,P Joshi,Harpreet Brar,SS Iyer,SB Dubey,Fazalhaq Farooqi,1473497
977,1473506.yaml,2025,69,2025-05-26,Mumbai Indians,Punjab Kings,Jaipur,"Sawai Mansingh Stadium, Jaipur",,Punjab Kings,field,Punjab Kings,wickets,7,,,,JP Inglis,CB Gaffaney,P Joshi,,20,185,DS Manohar,J Madanagopal,Bhavesh Patel,Ashwani Kumar,RG Sharma,P Simran Singh,Vijaykumar Vyshak,1473506
978,1485779.yaml,2025,66,2025-05-24,Punjab Kings,Delhi Capitals,Jaipur,"Sawai Mansingh Stadium, Jaipur",,Delhi Capitals,field,Delhi Capitals,wickets,6,,,,Sameer Rizvi,J Madanagopal,P Joshi,,20,207,DS Manohar,CB Gaffaney,Bhavesh Patel,P Dubey,P Simran Singh,KL Rahul,Mukesh Kumar,1485779
979,1529279.yaml,2026,36,2026-04-25,Rajasthan Royals,Sunrisers Hyderabad,Jaipur,"Sawai Mansingh Stadium, Jaipur",,Sunrisers Hyderabad,field,Sunrisers Hyderabad,wickets,5,,,,Ishan Kishan,KM Gandhi,Nitin Menon,,20,229,Amit Sharma,MV Saidharshan Kumar,TM Srivastava,Ravi Bishnoi,YBK Jaiswal,TM Head,Sakib Hussain,1529279
980,1529286.yaml,2026,43,2026-05-01,Rajasthan Royals,Delhi Capitals,Jaipur,"Sawai Mansingh Stadium, Jaipur",,Rajasthan Royals,bat,Delhi Capitals,wickets,7,,,,KL Rahul,SJ Nogajski,VK Sharma,,20,226,R Seth,HAS Khalid,AK Argal,TU Deshpande,SB Dubey,,,1529286
981,1529295.yaml,2026,52,2026-05-09,Gujarat Titans,Rajasthan Royals,Jaipur,"Sawai Mansingh Stadium, Jaipur",,Rajasthan Royals,field,Gujarat Titans,runs,77,,,,Rashid Khan,HAS Khalid,VK Sharma,,20,230,R Seth,SJ Nogajski,AK Argal,R Sai Kishore,R Tewatia,V Suryavanshi,Yash Raj Punja,1529295
982,1529307.yaml,2026,64,2026-05-19,Lucknow Super Giants,Rajasthan Royals,Jaipur,"Sawai Mansingh Stadium, Jaipur",,Rajasthan Royals,field,Rajasthan Royals,wickets,7,,,,V Suryavanshi,AT Holdstock,P Joshi,,20,221,IR Siddiqui,Bhavesh Patel,A Totre,DS Rathi,JP Inglis,V Suryavanshi,Yash Raj Punja,1529307
983,598035.yaml,2013,39,2013-04-28,Delhi Daredevils,Pune Warriors,Raipur,Shaheed Veer Narayan Singh International Stadium,,Pune Warriors,field,Delhi Daredevils,runs,15,,,,DA Warner,CK Nandan,S Ravi,,20,165,RS Mahanama,HDPK Dharmasena,VK Sharma,,,,,598035
984,598040.yaml,2013,44,2013-05-01,Delhi Daredevils,Kolkata Knight Riders,Raipur,Shaheed Veer Narayan Singh International Stadium,,Kolkata Knight Riders,bat,Delhi Daredevils,wickets,7,,,,DA Warner,HDPK Dharmasena,CK Nandan,,20,137,RS Mahanama,S Ravi,VK Sharma,,,,,598040
985,829793.yaml,2015,45,2015-05-09,Delhi Daredevils,Sunrisers Hyderabad,Raipur,Shaheed Veer Narayan Singh International Stadium,,Sunrisers Hyderabad,bat,Sunrisers Hyderabad,runs,6,,,,MC Henriques,VA Kulkarni,S Ravi,,20,164,RS Madugalle,RK Illingworth,RM Deshpande,,,,,829793
986,829801.yaml,2015,49,2015-05-12,Delhi Daredevils,Chennai Super Kings,Raipur,Shaheed Veer Narayan Singh International Stadium,,Chennai Super Kings,bat,Delhi Daredevils,wickets,6,,,,Z Khan,RK Illingworth,VA Kulkarni,,20,120,RS Madugalle,S Ravi,RM Deshpande,,,,,829801
987,981003.yaml,2016,52,2016-05-20,Delhi Daredevils,Sunrisers Hyderabad,Raipur,Shaheed Veer Narayan Singh International Stadium,,Delhi Daredevils,field,Delhi Daredevils,wickets,6,,,,KK Nair,A Nand Kishore,BNJ Oxenford,,20,159,S Chaturvedi,VK Sharma,YC Barde,,,,,981003
988,981011.yaml,2016,56,2016-05-22,Delhi Daredevils,Royal Challengers Bangalore,Raipur,Shaheed Veer Narayan Singh International Stadium,,Royal Challengers Bangalore,field,Royal Challengers Bangalore,wickets,6,,,,V Kohli,A Nand Kishore,BNJ Oxenford,,20,139,Chinmay Sharma,VK Sharma,YC Barde,,,,,981011
989,729281.yaml,2014,2,2014-04-17,Delhi Daredevils,Royal Challengers Bangalore,,Sharjah Cricket Stadium,1,Royal Challengers Bangalore,field,Royal Challengers Bangalore,wickets,8,,,,YS Chahal,Aleem Dar,S Ravi,,20,146,GF Labrooy,VA Kulkarni,K Bharatan,,,,,729281
990,729291.yaml,2014,7,2014-04-20,Rajasthan Royals,Kings XI Punjab,,Sharjah Cricket Stadium,1,Kings XI Punjab,field,Kings XI Punjab,wickets,7,,,,GJ Maxwell,BF Bowden,M Erasmus,,20,192,AJ Pycroft,S Ravi,K Bharatan,,,,,729291
991,729295.yaml,2014,9,2014-04-22,Kings XI Punjab,Sunrisers Hyderabad,,Sharjah Cricket Stadium,1,Sunrisers Hyderabad,field,Kings XI Punjab,runs,72,,,,GJ Maxwell,M Erasmus,S Ravi,,20,194,AJ Pycroft,BF Bowden,K Bharatan,,,,,729295
992,729299.yaml,2014,11,2014-04-24,Royal Challengers Bangalore,Kolkata Knight Riders,,Sharjah Cricket Stadium,1,Royal Challengers Bangalore,field,Kolkata Knight Riders,runs,2,,,,CA Lynn,Aleem Dar,VA Kulkarni,,20,151,AJ Pycroft,AK Chaudhary,K Bharatan,,,,,729299
993,729309.yaml,2014,16,2014-04-27,Delhi Daredevils,Mumbai Indians,,Sharjah Cricket Stadium,1,Mumbai Indians,bat,Delhi Daredevils,wickets,6,,,,M Vijay,Aleem Dar,VA Kulkarni,,20,126,GF Labrooy,AK Chaudhary,K Bharatan,,,,,729309
994,729311.yaml,2014,17,2014-04-27,Sunrisers Hyderabad,Chennai Super Kings,,Sharjah Cricket Stadium,1,Sunrisers Hyderabad,bat,Chennai Super Kings,wickets,5,,,,DR Smith,AK Chaudhary,VA Kulkarni,,20,146,GF Labrooy,Aleem Dar,K Bharatan,,,,,729311
995,1216495.yaml,2020/21,56,2020-11-03,Mumbai Indians,Sunrisers Hyderabad,,Sharjah Cricket Stadium,,Sunrisers Hyderabad,field,Sunrisers Hyderabad,wickets,10,,,,S Nadeem,C Shamshuddin,RK Illingworth,,20,150,Prakash Bhatt,KN Ananthapadmanabhan,VA Kulkarni,,,,,1216495
996,1216496.yaml,2020/21,4,2020-09-22,Rajasthan Royals,Chennai Super Kings,,Sharjah Cricket Stadium,,Chennai Super Kings,field,Rajasthan Royals,runs,16,,,,SV Samson,C Shamshuddin,VA Kulkarni,,20,217,V Narayan Kutty,KN Ananthapadmanabhan,K Srinivasan,,,,,1216496
997,1216500.yaml,2020/21,23,2020-10-09,Delhi Capitals,Rajasthan Royals,,Sharjah Cricket Stadium,,Rajasthan Royals,field,Delhi Capitals,runs,46,,,,R Ashwin,KN Ananthapadmanabhan,C Shamshuddin,,20,185,V Narayan Kutty,VA Kulkarni,K Srinivasan,,,,,1216500
998,1216502.yaml,2020/21,52,2020-10-31,Royal Challengers Bangalore,Sunrisers Hyderabad,,Sharjah Cricket Stadium,,Sunrisers Hyderabad,field,Sunrisers Hyderabad,wickets,5,,,,Sandeep Sharma,KN Ananthapadmanabhan,K Srinivasan,,20,121,V Narayan Kutty,C Shamshuddin,VA Kulkarni,,,,,1216502
999,1216509.yaml,2020/21,34,2020-10-17,Chennai Super Kings,Delhi Capitals,,Sharjah Cricket Stadium,,Chennai Super Kings,bat,Delhi Capitals,wickets,5,,,,S Dhawan,KN Ananthapadmanabhan,RK Illingworth,,20,180,V Narayan Kutty,C Shamshuddin,VA Kulkarni,,,,,1216509
1000,1216515.yaml,2020/21,16,2020-10-03,Delhi Capitals,Kolkata Knight Riders,,Sharjah Cricket Stadium,,Kolkata Knight Riders,field,Delhi Capitals,runs,18,,,,SS Iyer,VA Kulkarni,RK Illingworth,,20,229,V Narayan Kutty,KN Ananthapadmanabhan,K Srinivasan,,,,,1216515
1001,1216520.yaml,2020/21,46,2020-10-26,Kolkata Knight Riders,Kings XI Punjab,,Sharjah Cricket Stadium,,Kings XI Punjab,field,Kings XI Punjab,wickets,8,,,,CH Gayle,KN Ananthapadmanabhan,RK Illingworth,,20,150,V Narayan Kutty,K Srinivasan,VA Kulkarni,,,,,1216520
1002,1216521.yaml,2020/21,41,2020-10-23,Chennai Super Kings,Mumbai Indians,,Sharjah Cricket Stadium,,Mumbai Indians,field,Mumbai Indians,wickets,10,,,,TA Boult,C Shamshuddin,VA Kulkarni,,20,115,V Narayan Kutty,RK Illingworth,K Srinivasan,,,,,1216521
1003,1216527.yaml,2020/21,9,2020-09-27,Kings XI Punjab,Rajasthan Royals,,Sharjah Cricket Stadium,,Rajasthan Royals,field,Rajasthan Royals,wickets,4,,,,SV Samson,RK Illingworth,K Srinivasan,,20,224,V Narayan Kutty,C Shamshuddin,VA Kulkarni,,,,,1216527
1004,1216531.yaml,2020/21,31,2020-10-15,Royal Challengers Bangalore,Kings XI Punjab,,Sharjah Cricket Stadium,,Royal Challengers Bangalore,bat,Kings XI Punjab,wickets,8,,,,KL Rahul,KN Ananthapadmanabhan,C Shamshuddin,,20,172,V Narayan Kutty,RK Illingworth,K Srinivasan,,,,,1216531
1005,1216538.yaml,2020/21,17,2020-10-04,Mumbai Indians,Sunrisers Hyderabad,,Sharjah Cricket Stadium,,Mumbai Indians,bat,Mumbai Indians,runs,34,,,,TA Boult,KN Ananthapadmanabhan,RK Illingworth,,20,209,V Narayan Kutty,K Srinivasan,VA Kulkarni,,,,,1216538
1006,1216540.yaml,2020/21,28,2020-10-12,Royal Challengers Bangalore,Kolkata Knight Riders,,Sharjah Cricket Stadium,,Royal Challengers Bangalore,bat,Royal Challengers Bangalore,runs,82,,,,AB de Villiers,RK Illingworth,K Srinivasan,,20,195,V Narayan Kutty,KN Ananthapadmanabhan,VA Kulkarni,,,,,1216540
1007,1254090.yaml,2021,48,2021-10-03,Royal Challengers Bangalore,Punjab Kings,Sharjah,Sharjah Cricket Stadium,,Royal Challengers Bangalore,bat,Royal Challengers Bangalore,runs,6,,,,GJ Maxwell,KN Ananthapadmanabhan,RK Illingworth,,20,165,Prakash Bhatt,K Srinivasan,YC Barde,,,,,1254090
1008,1254091.yaml,2021,44,2021-09-30,Sunrisers Hyderabad,Chennai Super Kings,Sharjah,Sharjah Cricket Stadium,,Chennai Super Kings,field,Chennai Super Kings,wickets,6,,,,JR Hazlewood,Nitin Menon,YC Barde,,20,135,Prakash Bhatt,MA Gough,HAS Khalid,,,,,1254091
1009,1254092.yaml,2021,41,2021-09-28,Delhi Capitals,Kolkata Knight Riders,Sharjah,Sharjah Cricket Stadium,,Kolkata Knight Riders,field,Kolkata Knight Riders,wickets,3,,,,SP Narine,Nitin Menon,HAS Khalid,,20,128,Prakash Bhatt,AK Chaudhary,YC Barde,,,,,1254092
1010,1254093.yaml,2021,51,2021-10-05,Rajasthan Royals,Mumbai Indians,Sharjah,Sharjah Cricket Stadium,,Mumbai Indians,field,Mumbai Indians,wickets,8,,,,NM Coulter-Nile,AK Chaudhary,MA Gough,,20,91,Prakash Bhatt,J Madanagopal,K Srinivasan,,,,,1254093
1011,1254106.yaml,2021,54,2021-10-07,Kolkata Knight Riders,Rajasthan Royals,Sharjah,Sharjah Cricket Stadium,,Rajasthan Royals,field,Kolkata Knight Riders,runs,86,,,,Shivam Mavi,MA Gough,HAS Khalid,,20,172,M Nayyar,YC Barde,Navdeep Singh,,,,,1254106
1012,1254107.yaml,2021,37,2021-09-25,Punjab Kings,Sunrisers Hyderabad,Sharjah,Sharjah Cricket Stadium,,Sunrisers Hyderabad,field,Punjab Kings,runs,5,,,,JO Holder,RK Illingworth,YC Barde,,20,126,Prakash Bhatt,KN Ananthapadmanabhan,J Madanagopal,,,,,1254107
1013,1254112.yaml,2021,46,2021-10-02,Mumbai Indians,Delhi Capitals,Sharjah,Sharjah Cricket Stadium,,Delhi Capitals,field,Delhi Capitals,wickets,4,,,,AR Patel,AK Chaudhary,MA Gough,,20,130,J Srinath,Nitin Menon,Navdeep Singh,,,,,1254112
1014,1254113.yaml,2021,35,2021-09-24,Royal Challengers Bangalore,Chennai Super Kings,Sharjah,Sharjah Cricket Stadium,,Chennai Super Kings,field,Chennai Super Kings,wickets,6,,,,DJ Bravo,AK Chaudhary,Nitin Menon,,20,157,J Srinath,MA Gough,Navdeep Singh,,,,,1254113
1015,1254115.yaml,2021,,2021-10-11,Royal Challengers Bangalore,Kolkata Knight Riders,Sharjah,Sharjah Cricket Stadium,,Royal Challengers Bangalore,bat,Kolkata Knight Riders,wickets,4,,,,SP Narine,CB Gaffaney,VK Sharma,Eliminator,20,139,M Nayyar,AK Chaudhary,S Ravi,,,,,1254115
1016,1254116.yaml,2021,,2021-10-13,Delhi Capitals,Kolkata Knight Riders,Sharjah,Sharjah Cricket Stadium,,Kolkata Knight Riders,field,Kolkata Knight Riders,wickets,3,,,,VR Iyer,KN Ananthapadmanabhan,MA Gough,Qualifier 2,20,136,M Nayyar,CB Gaffaney,AK Chaudhary,,,,,1254116
1017,729279.yaml,2014,1,2014-04-16,Mumbai Indians,Kolkata Knight Riders,Abu Dhabi,Sheikh Zayed Stadium,1,Kolkata Knight Riders,bat,Kolkata Knight Riders,runs,41,,,,JH Kallis,M Erasmus,RK Illingworth,,20,164,AJ Pycroft,BF Bowden,K Srinath,,,,,729279
1018,729283.yaml,2014,3,2014-04-18,Chennai Super Kings,Kings XI Punjab,Abu Dhabi,Sheikh Zayed Stadium,1,Chennai Super Kings,bat,Kings XI Punjab,wickets,6,,,,GJ Maxwell,RK Illingworth,C Shamshuddin,,20,206,AJ Pycroft,BF Bowden,K Srinath,,,,,729283
1019,729285.yaml,2014,4,2014-04-18,Sunrisers Hyderabad,Rajasthan Royals,Abu Dhabi,Sheikh Zayed Stadium,1,Rajasthan Royals,field,Rajasthan Royals,wickets,4,,,,AM Rahane,BF Bowden,RK Illingworth,,20,134,AJ Pycroft,C Shamshuddin,K Srinath,,,,,729285
1020,729293.yaml,2014,8,2014-04-21,Chennai Super Kings,Delhi Daredevils,Abu Dhabi,Sheikh Zayed Stadium,1,Chennai Super Kings,bat,Chennai Super Kings,runs,93,,,,SK Raina,RK Illingworth,C Shamshuddin,,20,178,GF Labrooy,HDPK Dharmasena,K Srinath,,,,,729293
1021,729305.yaml,2014,14,2014-04-26,Rajasthan Royals,Royal Challengers Bangalore,Abu Dhabi,Sheikh Zayed Stadium,1,Rajasthan Royals,field,Rajasthan Royals,wickets,6,,,,PV Tambe,HDPK Dharmasena,C Shamshuddin,,20,71,AJ Pycroft,RK Illingworth,K Srinath,,,,,729305
1022,729307.yaml,2014,15,2014-04-26,Kolkata Knight Riders,Kings XI Punjab,Abu Dhabi,Sheikh Zayed Stadium,1,Kolkata Knight Riders,field,Kings XI Punjab,runs,23,,,,Sandeep Sharma,HDPK Dharmasena,RK Illingworth,,20,133,AJ Pycroft,C Shamshuddin,K Srinath,,,,,729307
1023,1216492.yaml,2020/21,1,2020-09-19,Mumbai Indians,Chennai Super Kings,Abu Dhabi,Sheikh Zayed Stadium,,Chennai Super Kings,field,Chennai Super Kings,wickets,5,,,,AT Rayudu,CB Gaffaney,VK Sharma,,20,163,M Nayyar,S Ravi,UV Gandhe,,,,,1216492
1024,1216494.yaml,2020/21,39,2020-10-21,Kolkata Knight Riders,Royal Challengers Bangalore,Abu Dhabi,Sheikh Zayed Stadium,,Kolkata Knight Riders,bat,Royal Challengers Bangalore,wickets,8,,,,Mohammed Siraj,VK Sharma,S Ravi,,20,85,Shakti Singh,CB Gaffaney,UV Gandhe,,,,,1216494
1025,1216497.yaml,2020/21,42,2020-10-24,Kolkata Knight Riders,Delhi Capitals,Abu Dhabi,Sheikh Zayed Stadium,,Delhi Capitals,field,Kolkata Knight Riders,runs,59,,,,CV Varun,CB Gaffaney,PG Pathak,,20,195,M Nayyar,S Ravi,UV Gandhe,,,,,1216497
1026,1216499.yaml,2020/21,48,2020-10-28,Royal Challengers Bangalore,Mumbai Indians,Abu Dhabi,Sheikh Zayed Stadium,,Mumbai Indians,field,Mumbai Indians,wickets,5,,,,SA Yadav,UV Gandhe,CB Gaffaney,,20,165,M Nayyar,S Ravi,PG Pathak,,,,,1216499
1027,1216501.yaml,2020/21,21,2020-10-07,Kolkata Knight Riders,Chennai Super Kings,Abu Dhabi,Sheikh Zayed Stadium,,Kolkata Knight Riders,bat,Kolkata Knight Riders,runs,10,,,,RA Tripathi,KN Ananthapadmanabhan,RK Illingworth,,20,168,V Narayan Kutty,C Shamshuddin,K Srinivasan,,,,,1216501
1028,1216503.yaml,2020/21,13,2020-10-01,Mumbai Indians,Kings XI Punjab,Abu Dhabi,Sheikh Zayed Stadium,,Kings XI Punjab,field,Mumbai Indians,runs,48,,,,KA Pollard,VK Sharma,S Ravi,,20,192,M Nayyar,UV Gandhe,PG Pathak,,,,,1216503
1029,1216505.yaml,2020/21,55,2020-11-02,Royal Challengers Bangalore,Delhi Capitals,Abu Dhabi,Sheikh Zayed Stadium,,Delhi Capitals,field,Delhi Capitals,wickets,6,,,,A Nortje,CB Gaffaney,S Ravi,,20,153,M Nayyar,VK Sharma,PG Pathak,,,,,1216505
1030,1216506.yaml,2020/21,53,2020-11-01,Kings XI Punjab,Chennai Super Kings,Abu Dhabi,Sheikh Zayed Stadium,,Chennai Super Kings,field,Chennai Super Kings,wickets,9,,,,RD Gaikwad,PG Pathak,VK Sharma,,20,154,M Nayyar,CB Gaffaney,UV Gandhe,,,,,1216506
1031,1216508.yaml,2020/21,5,2020-09-23,Mumbai Indians,Kolkata Knight Riders,Abu Dhabi,Sheikh Zayed Stadium,,Kolkata Knight Riders,field,Mumbai Indians,runs,49,,,,RG Sharma,CB Gaffaney,S Ravi,,20,196,M Nayyar,VK Sharma,PG Pathak,,,,,1216508
1032,1216511.yaml,2020/21,20,2020-10-06,Mumbai Indians,Rajasthan Royals,Abu Dhabi,Sheikh Zayed Stadium,,Mumbai Indians,bat,Mumbai Indians,runs,57,,,,SA Yadav,VK Sharma,S Ravi,,20,194,Shakti Singh,CB Gaffaney,UV Gandhe,,,,,1216511
1033,1216514.yaml,2020/21,15,2020-10-03,Rajasthan Royals,Royal Challengers Bangalore,Abu Dhabi,Sheikh Zayed Stadium,,Rajasthan Royals,bat,Royal Challengers Bangalore,wickets,8,,,,YS Chahal,CB Gaffaney,S Ravi,,20,155,M Nayyar,PG Pathak,UV Gandhe,,,,,1216514
1034,1216523.yaml,2020/21,24,2020-10-10,Kolkata Knight Riders,Kings XI Punjab,Abu Dhabi,Sheikh Zayed Stadium,,Kolkata Knight Riders,bat,Kolkata Knight Riders,runs,2,,,,KD Karthik,UV Gandhe,CB Gaffaney,,20,165,M Nayyar,VK Sharma,PG Pathak,,,,,1216523
1035,1216526.yaml,2020/21,32,2020-10-16,Kolkata Knight Riders,Mumbai Indians,Abu Dhabi,Sheikh Zayed Stadium,,Kolkata Knight Riders,bat,Mumbai Indians,wickets,8,,,,Q de Kock,CB Gaffaney,VK Sharma,,20,149,M Nayyar,S Ravi,PG Pathak,,,,,1216526
1036,1216529.yaml,2020/21,27,2020-10-11,Delhi Capitals,Mumbai Indians,Abu Dhabi,Sheikh Zayed Stadium,,Delhi Capitals,bat,Mumbai Indians,wickets,5,,,,Q de Kock,CB Gaffaney,S Ravi,,20,163,Shakti Singh,VK Sharma,UV Gandhe,,,,,1216529
1037,1216532.yaml,2020/21,11,2020-09-29,Sunrisers Hyderabad,Delhi Capitals,Abu Dhabi,Sheikh Zayed Stadium,,Delhi Capitals,field,Sunrisers Hyderabad,runs,15,,,,Rashid Khan,VK Sharma,S Ravi,,20,163,M Nayyar,CB Gaffaney,PG Pathak,,,,,1216532
1038,1216533.yaml,2020/21,37,2020-10-19,Chennai Super Kings,Rajasthan Royals,Abu Dhabi,Sheikh Zayed Stadium,,Chennai Super Kings,bat,Rajasthan Royals,wickets,7,,,,JC Buttler,CB Gaffaney,VK Sharma,,20,126,M Nayyar,UV Gandhe,PG Pathak,,,,,1216533
1039,1216537.yaml,2020/21,50,2020-10-30,Kings XI Punjab,Rajasthan Royals,Abu Dhabi,Sheikh Zayed Stadium,,Rajasthan Royals,field,Rajasthan Royals,wickets,7,,,,BA Stokes,CB Gaffaney,S Ravi,,20,186,M Nayyar,PG Pathak,UV Gandhe,,,,,1216537
1040,1216541.yaml,2020/21,45,2020-10-25,Mumbai Indians,Rajasthan Royals,Abu Dhabi,Sheikh Zayed Stadium,,Mumbai Indians,bat,Rajasthan Royals,wickets,8,,,,BA Stokes,UV Gandhe,VK Sharma,,20,196,Shakti Singh,S Ravi,PG Pathak,,,,,1216541
1041,1216545.yaml,2020/21,8,2020-09-26,Sunrisers Hyderabad,Kolkata Knight Riders,Abu Dhabi,Sheikh Zayed Stadium,,Sunrisers Hyderabad,bat,Kolkata Knight Riders,wickets,7,,,,Shubman Gill,CB Gaffaney,VK Sharma,,20,143,Shakti Singh,S Ravi,UV Gandhe,,,,,1216545
1042,1237178.yaml,2020/21,,2020-11-06,Royal Challengers Bangalore,Sunrisers Hyderabad,Abu Dhabi,Sheikh Zayed Stadium,,Sunrisers Hyderabad,field,Sunrisers Hyderabad,wickets,6,,,,KS Williamson,PR Reiffel,S Ravi,Eliminator,20,132,M Nayyar,VK Sharma,C Shamshuddin,,,,,1237178
1043,1237180.yaml,2020/21,,2020-11-08,Delhi Capitals,Sunrisers Hyderabad,Abu Dhabi,Sheikh Zayed Stadium,,Delhi Capitals,bat,Delhi Capitals,runs,17,,,,MP Stoinis,PR Reiffel,S Ravi,Qualifier 2,20,190,M Nayyar,C Shamshuddin,VK Sharma,,,,,1237180
1044,392185.yaml,2009,5,2009-04-20,Royal Challengers Bangalore,Chennai Super Kings,Port Elizabeth,St George's Park,1,Chennai Super Kings,bat,Chennai Super Kings,runs,92,,,,M Muralitharan,BG Jerling,SJA Taufel,,20,180,GR Viswanath,RB Tiffin,S George,,,,,392185
1045,392194.yaml,2009,14,2009-04-26,Royal Challengers Bangalore,Delhi Daredevils,Port Elizabeth,St George's Park,1,Royal Challengers Bangalore,bat,Delhi Daredevils,wickets,6,,,,TM Dilshan,S Asnani,BG Jerling,,20,150,Yashpal Sharma,BR Doctrove,S George,,,,,392194
1046,392197.yaml,2009,17,2009-04-27,Kolkata Knight Riders,Mumbai Indians,Port Elizabeth,St George's Park,1,Mumbai Indians,bat,Mumbai Indians,runs,92,,,,SR Tendulkar,BG Jerling,RB Tiffin,,20,188,Yashpal Sharma,S Asnani,S George,,,,,392197
1047,392205.yaml,2009,25,2009-05-02,Deccan Chargers,Rajasthan Royals,Port Elizabeth,St George's Park,1,Deccan Chargers,bat,Rajasthan Royals,wickets,3,,,,YK Pathan,S Asnani,BG Jerling,,20,142,S Venkataraghavan,MR Benson,S George,,,,,392205
1048,392207.yaml,2009,27,2009-05-03,Kings XI Punjab,Kolkata Knight Riders,Port Elizabeth,St George's Park,1,Kolkata Knight Riders,bat,Kings XI Punjab,wickets,6,,,,DPMD Jayawardene,S Asnani,MR Benson,,20,154,S Venkataraghavan,BG Jerling,S George,,,,,392207
1049,392218.yaml,2009,38,2009-05-10,Royal Challengers Bangalore,Mumbai Indians,Port Elizabeth,St George's Park,1,Mumbai Indians,bat,Mumbai Indians,runs,16,,,,JP Duminy,BR Doctrove,BG Jerling,,20,158,Yashpal Sharma,IL Howell,S George,,,,,392218
1050,392227.yaml,2009,47,2009-05-16,Chennai Super Kings,Mumbai Indians,Port Elizabeth,St George's Park,1,Mumbai Indians,bat,Chennai Super Kings,wickets,7,,,,ML Hayden,SK Tarapore,SJA Taufel,,20,148,Yashpal Sharma,BG Jerling,S George,,,,,392227
1051,548313.yaml,2012,8,2012-04-08,Pune Warriors,Kings XI Punjab,Pune,Subrata Roy Sahara Stadium,,Pune Warriors,bat,Pune Warriors,runs,22,,,,MN Samuels,S Das,SJA Taufel,,20,167,RR Jadeja,S Asnani,SD Ranade,,,,,548313
1052,548322.yaml,2012,16,2012-04-14,Pune Warriors,Chennai Super Kings,Pune,Subrata Roy Sahara Stadium,,Chennai Super Kings,bat,Pune Warriors,wickets,7,,,,JD Ryder,Aleem Dar,BNJ Oxenford,,20,156,RR Jadeja,AK Chaudhary,SD Ranade,,,,,548322
1053,548337.yaml,2012,31,2012-04-24,Pune Warriors,Delhi Daredevils,Pune,Subrata Roy Sahara Stadium,,Pune Warriors,bat,Delhi Daredevils,wickets,8,,,,V Sehwag,S Ravi,RJ Tucker,,20,147,Raju Mukherjee,JD Cloete,SD Ranade,,,,,548337
1054,548341.yaml,2012,35,2012-04-26,Pune Warriors,Deccan Chargers,Pune,Subrata Roy Sahara Stadium,,Deccan Chargers,bat,Deccan Chargers,runs,18,,,,CL White,S Ravi,RJ Tucker,,20,178,Raju Mukherjee,JD Cloete,SD Ranade,,,,,548341
1055,548351.yaml,2012,45,2012-05-03,Pune Warriors,Mumbai Indians,Pune,Subrata Roy Sahara Stadium,,Mumbai Indians,bat,Mumbai Indians,runs,1,,,,SL Malinga,Asad Rauf,S Asnani,,20,121,AJ Pycroft,BR Doctrove,NA Patwardhan,,,,,548351
1056,548358.yaml,2012,52,2012-05-08,Pune Warriors,Rajasthan Royals,Pune,Subrata Roy Sahara Stadium,,Pune Warriors,bat,Rajasthan Royals,wickets,7,,,,SR Watson,Asad Rauf,BR Doctrove,,20,126,GF Labrooy,S Asnani,NA Patwardhan,,,,,548358
1057,548362.yaml,2012,57,2012-05-11,Pune Warriors,Royal Challengers Bangalore,Pune,Subrata Roy Sahara Stadium,,Pune Warriors,field,Royal Challengers Bangalore,runs,35,,,,CH Gayle,BF Bowden,SK Tarapore,,20,174,RS Madugalle,VA Kulkarni,NA Patwardhan,,,,,548362
1058,548375.yaml,2012,70,2012-05-19,Pune Warriors,Kolkata Knight Riders,Pune,Subrata Roy Sahara Stadium,,Kolkata Knight Riders,bat,Kolkata Knight Riders,runs,34,,,,Shakib Al Hasan,S Asnani,BR Doctrove,,20,137,GF Labrooy,S Das,NA Patwardhan,,,,,548375
1059,548378.yaml,2012,,2012-05-22,Delhi Daredevils,Kolkata Knight Riders,Pune,Subrata Roy Sahara Stadium,,Kolkata Knight Riders,bat,Kolkata Knight Riders,runs,18,,,,YK Pathan,BR Doctrove,SJA Taufel,Qualifier 1,20,163,AJ Pycroft,HDPK Dharmasena,NA Patwardhan,,,,,548378
1060,598003.yaml,2013,6,2013-04-07,Pune Warriors,Kings XI Punjab,Pune,Subrata Roy Sahara Stadium,,Pune Warriors,bat,Kings XI Punjab,wickets,8,,,,M Vohra,S Asnani,SJA Taufel,,20,100,RS Madugalle,CK Nandan,PG Pathak,,,,,598003
1061,598009.yaml,2013,13,2013-04-11,Pune Warriors,Rajasthan Royals,Pune,Subrata Roy Sahara Stadium,,Rajasthan Royals,bat,Pune Warriors,wickets,7,,,,AJ Finch,M Erasmus,K Srinath,,20,146,RS Madugalle,VA Kulkarni,PG Pathak,,,,,598009
1062,598038.yaml,2013,42,2013-04-30,Pune Warriors,Chennai Super Kings,Pune,Subrata Roy Sahara Stadium,,Chennai Super Kings,bat,Chennai Super Kings,runs,37,,,,MS Dhoni,S Das,SJA Taufel,,20,165,AJ Pycroft,Aleem Dar,PG Pathak,,,,,598038
1063,598042.yaml,2013,46,2013-05-02,Pune Warriors,Royal Challengers Bangalore,Pune,Subrata Roy Sahara Stadium,,Royal Challengers Bangalore,bat,Royal Challengers Bangalore,runs,17,,,,AB de Villiers,Aleem Dar,C Shamshuddin,,20,188,AJ Pycroft,Subroto Das,PG Pathak,,,,,598042
1064,598053.yaml,2013,56,2013-05-09,Pune Warriors,Kolkata Knight Riders,Pune,Subrata Roy Sahara Stadium,,Kolkata Knight Riders,bat,Kolkata Knight Riders,runs,46,,,,G Gambhir,Asad Rauf,S Asnani,,20,153,J Srinath,SJA Taufel,PG Pathak,,,,,598053
1065,598055.yaml,2013,58,2013-05-11,Pune Warriors,Mumbai Indians,Pune,Subrata Roy Sahara Stadium,,Pune Warriors,bat,Mumbai Indians,wickets,5,,,,MG Johnson,Asad Rauf,AK Chaudhary,,20,113,J Srinath,S Asnani,RM Deshpande,,,,,598055
1066,598067.yaml,2013,71,2013-05-19,Pune Warriors,Delhi Daredevils,Pune,Subrata Roy Sahara Stadium,,Pune Warriors,bat,Pune Warriors,runs,38,,,,LJ Wright,NJ Llong,SJA Taufel,,20,173,RS Madugalle,VA Kulkarni,PG Pathak,,,,,598067
1067,392198.yaml,2009,18,2009-04-28,Delhi Daredevils,Rajasthan Royals,Centurion,SuperSport Park,1,Delhi Daredevils,bat,Rajasthan Royals,wickets,5,,,,YK Pathan,GAV Baxter,RE Koertzen,,20,144,J Srinath,DJ Harper,JD Cloete,,,,,392198
1068,392201.yaml,2009,21,2009-04-30,Deccan Chargers,Delhi Daredevils,Centurion,SuperSport Park,1,Delhi Daredevils,field,Delhi Daredevils,wickets,6,,,,DP Nannes,GAV Baxter,AM Saheba,,20,149,GR Viswanath,RE Koertzen,JD Cloete,,,,,392201
1069,392202.yaml,2009,22,2009-04-30,Chennai Super Kings,Rajasthan Royals,Centurion,SuperSport Park,1,Rajasthan Royals,field,Chennai Super Kings,runs,38,,,,SK Raina,GAV Baxter,RE Koertzen,,20,165,GR Viswanath,AM Saheba,JD Cloete,,,,,392202
1070,392212.yaml,2009,32,2009-05-06,Deccan Chargers,Mumbai Indians,Centurion,SuperSport Park,1,Deccan Chargers,bat,Deccan Chargers,runs,19,,,,RG Sharma,MR Benson,HDPK Dharmasena,,20,146,GR Viswanath,K Hariharan,JD Cloete,,,,,392212
1071,392213.yaml,2009,33,2009-05-07,Royal Challengers Bangalore,Rajasthan Royals,Centurion,SuperSport Park,1,Rajasthan Royals,field,Rajasthan Royals,wickets,7,,,,A Singh,K Hariharan,DJ Harper,,20,106,S Venkataraghavan,TH Wijewardene,JD Cloete,,,,,392213
1072,392214.yaml,2009,34,2009-05-07,Chennai Super Kings,Kings XI Punjab,Centurion,SuperSport Park,1,Chennai Super Kings,bat,Chennai Super Kings,runs,12,,D/L,,ML Hayden,DJ Harper,TH Wijewardene,,18,187,S Venkataraghavan,K Hariharan,JD Cloete,,,,,392214
1073,392221.yaml,2009,41,2009-05-12,Royal Challengers Bangalore,Kolkata Knight Riders,Centurion,SuperSport Park,1,Royal Challengers Bangalore,field,Royal Challengers Bangalore,wickets,6,,,,LRPL Taylor,M Erasmus,SS Hazare,,20,174,Yashpal Sharma,RE Koertzen,JD Cloete,,,,,392221
1074,392222.yaml,2009,42,2009-05-12,Kings XI Punjab,Mumbai Indians,Centurion,SuperSport Park,1,Kings XI Punjab,bat,Mumbai Indians,wickets,8,,,,Harbhajan Singh,SS Hazare,RE Koertzen,,20,120,Yashpal Sharma,M Erasmus,JD Cloete,,,,,392222
1075,392231.yaml,2009,51,2009-05-18,Chennai Super Kings,Kolkata Knight Riders,Centurion,SuperSport Park,1,Chennai Super Kings,bat,Kolkata Knight Riders,wickets,7,,,,BJ Hodge,SJA Taufel,RB Tiffin,,20,189,S Venkataraghavan,SK Tarapore,JD Cloete,,,,,392231
1076,392235.yaml,2009,55,2009-05-21,Delhi Daredevils,Mumbai Indians,Centurion,SuperSport Park,1,Delhi Daredevils,field,Delhi Daredevils,wickets,4,,,,V Sehwag,IL Howell,S Ravi,,20,166,S Venkataraghavan,SK Tarapore,MW Brown,,,,,392235
1077,392236.yaml,2009,56,2009-05-21,Royal Challengers Bangalore,Deccan Chargers,Centurion,SuperSport Park,1,Royal Challengers Bangalore,bat,Royal Challengers Bangalore,runs,12,,,,MK Pandey,IL Howell,S Ravi,,20,171,S Venkataraghavan,SK Tarapore,MW Brown,,,,,392236
1078,392237.yaml,2009,,2009-05-22,Delhi Daredevils,Deccan Chargers,Centurion,SuperSport Park,1,Deccan Chargers,field,Deccan Chargers,wickets,6,,,,AC Gilchrist,BR Doctrove,DJ Harper,Semi Final,20,154,S Venkataraghavan,RE Koertzen,JD Cloete,,,,,392237
1079,335985.yaml,2007/08,5,2008-04-20,Mumbai Indians,Royal Challengers Bangalore,Mumbai,Wankhede Stadium,,Mumbai Indians,bat,Royal Challengers Bangalore,wickets,5,,,,MV Boucher,SJ Davis,DJ Harper,,20,166,J Srinath,AV Jayaprakash,SN Bandekar,,,,,335985
1080,336018.yaml,2007/08,36,2008-05-14,Mumbai Indians,Chennai Super Kings,Mumbai,Wankhede Stadium,,Mumbai Indians,field,Mumbai Indians,wickets,9,,,,ST Jayasuriya,BR Doctrove,AM Saheba,,20,157,J Srinath,RE Koertzen,RM Deshpande,,,,,336018
1081,336021.yaml,2007/08,38,2008-05-16,Mumbai Indians,Kolkata Knight Riders,Mumbai,Wankhede Stadium,,Mumbai Indians,field,Mumbai Indians,wickets,8,,,,SM Pollock,BR Doctrove,DJ Harper,,20,68,FM Engineer,I Shivram,SN Bandekar,,,,,336021
1082,336028.yaml,2007/08,45,2008-05-21,Mumbai Indians,Kings XI Punjab,Mumbai,Wankhede Stadium,,Mumbai Indians,field,Kings XI Punjab,runs,1,,,,SE Marsh,BF Bowden,GA Pratapkumar,,20,190,Talat Ali,SL Shastri,,,,,,336028
1083,336038.yaml,2007/08,,2008-05-30,Delhi Daredevils,Rajasthan Royals,Mumbai,Wankhede Stadium,,Delhi Daredevils,field,Rajasthan Royals,runs,105,,,,SR Watson,BF Bowden,RE Koertzen,Semi Final,20,193,J Srinath,BR Doctrove,,,,,,336038
1084,336039.yaml,2007/08,,2008-05-31,Chennai Super Kings,Kings XI Punjab,Mumbai,Wankhede Stadium,,Kings XI Punjab,bat,Chennai Super Kings,wickets,9,,,,M Ntini,Asad Rauf,DJ Harper,Semi Final,20,113,S Venkataraghavan,K Hariharan,,,,,,336039
1085,501210.yaml,2011,13,2011-04-15,Mumbai Indians,Kochi Tuskers Kerala,Mumbai,Wankhede Stadium,,Kochi Tuskers Kerala,field,Kochi Tuskers Kerala,wickets,8,,,,BB McCullum,BR Doctrove,PR Reiffel,,20,183,J Srinath,S Asnani,VA Kulkarni,,,,,501210
1086,501218.yaml,2011,21,2011-04-20,Mumbai Indians,Pune Warriors,Mumbai,Wankhede Stadium,,Pune Warriors,bat,Mumbai Indians,wickets,7,,,,MM Patel,Asad Rauf,AM Saheba,,20,119,Raju Mukherjee,SL Shastri,VA Kulkarni,,,,,501218
1087,501221.yaml,2011,25,2011-04-22,Mumbai Indians,Chennai Super Kings,Mumbai,Wankhede Stadium,,Chennai Super Kings,field,Mumbai Indians,runs,8,,,,Harbhajan Singh,Asad Rauf,AM Saheba,,20,165,Raju Mukherjee,SL Shastri,VA Kulkarni,,,,,501221
1088,501237.yaml,2011,40,2011-05-02,Mumbai Indians,Kings XI Punjab,Mumbai,Wankhede Stadium,,Kings XI Punjab,field,Mumbai Indians,runs,23,,,,KA Pollard,HDPK Dharmasena,PR Reiffel,,20,160,Raju Mukherjee,K Hariharan,VA Kulkarni,,,,,501237
1089,501246.yaml,2011,49,2011-05-07,Mumbai Indians,Delhi Daredevils,Mumbai,Wankhede Stadium,,Delhi Daredevils,field,Mumbai Indians,runs,32,,,,AT Rayudu,K Hariharan,SJA Taufel,,20,179,RS Mahanama,HDPK Dharmasena,VA Kulkarni,,,,,501246
1090,501256.yaml,2011,59,2011-05-14,Mumbai Indians,Deccan Chargers,Mumbai,Wankhede Stadium,,Deccan Chargers,bat,Deccan Chargers,runs,10,,,,A Mishra,S Ravi,SK Tarapore,,20,136,D Govindjee,SJA Taufel,VA Kulkarni,,,,,501256
1091,501263.yaml,2011,66,2011-05-20,Mumbai Indians,Rajasthan Royals,Mumbai,Wankhede Stadium,,Mumbai Indians,bat,Rajasthan Royals,wickets,10,,,,SR Watson,RE Koertzen,PR Reiffel,,20,134,J Srinath,S Asnani,VA Kulkarni,,,,,501263
1092,501268.yaml,2011,,2011-05-24,Royal Challengers Bangalore,Chennai Super Kings,Mumbai,Wankhede Stadium,,Chennai Super Kings,field,Chennai Super Kings,wickets,6,,,,SK Raina,Asad Rauf,SJA Taufel,Qualifier 1,20,176,RS Mahanama,PR Reiffel,VA Kulkarni,,,,,501268
1093,501269.yaml,2011,,2011-05-25,Mumbai Indians,Kolkata Knight Riders,Mumbai,Wankhede Stadium,,Mumbai Indians,field,Mumbai Indians,wickets,4,,,,MM Patel,Asad Rauf,SJA Taufel,Elimination Final,20,148,RS Mahanama,PR Reiffel,VN Kulkarni,,,,,501269
1094,548308.yaml,2012,3,2012-04-06,Mumbai Indians,Pune Warriors,Mumbai,Wankhede Stadium,,Mumbai Indians,field,Pune Warriors,runs,28,,,,SPD Smith,AK Chaudhary,SJA Taufel,,20,130,RR Jadeja,JD Cloete,PG Pathak,,,,,548308
1095,548317.yaml,2012,12,2012-04-11,Mumbai Indians,Rajasthan Royals,Mumbai,Wankhede Stadium,,Rajasthan Royals,field,Mumbai Indians,runs,27,,,,KA Pollard,Aleem Dar,BNJ Oxenford,,20,198,J Srinath,S Das,PG Pathak,,,,,548317
1096,548325.yaml,2012,19,2012-04-16,Mumbai Indians,Delhi Daredevils,Mumbai,Wankhede Stadium,,Delhi Daredevils,field,Delhi Daredevils,wickets,7,,,,S Nadeem,BF Bowden,SK Tarapore,,20,93,RS Madugalle,VA Kulkarni,PG Pathak,,,,,548325
1097,548334.yaml,2012,28,2012-04-22,Mumbai Indians,Kings XI Punjab,Mumbai,Wankhede Stadium,,Mumbai Indians,bat,Kings XI Punjab,wickets,6,,,,SE Marsh,S Ravi,RJ Tucker,,20,164,Raju Mukherjee,JD Cloete,PG Pathak,,,,,548334
1098,548346.yaml,2012,40,2012-04-29,Mumbai Indians,Deccan Chargers,Mumbai,Wankhede Stadium,,Mumbai Indians,field,Mumbai Indians,wickets,5,,,,DW Steyn,AK Chaudhary,BNJ Oxenford,,20,101,J Srinath,Aleem Dar,RM Deshpande,,,,,548346
1099,548355.yaml,2012,49,2012-05-06,Mumbai Indians,Chennai Super Kings,Mumbai,Wankhede Stadium,,Mumbai Indians,field,Mumbai Indians,wickets,2,,,,DR Smith,Asad Rauf,S Asnani,,20,174,GF Labrooy,BR Doctrove,RM Deshpande,,,,,548355
1100,548360.yaml,2012,54,2012-05-09,Mumbai Indians,Royal Challengers Bangalore,Mumbai,Wankhede Stadium,,Royal Challengers Bangalore,field,Royal Challengers Bangalore,wickets,9,,,,CH Gayle,BF Bowden,VA Kulkarni,,20,142,RS Madugalle,SK Tarapore,RM Deshpande,,,,,548360
1101,548370.yaml,2012,65,2012-05-16,Mumbai Indians,Kolkata Knight Riders,Mumbai,Wankhede Stadium,,Mumbai Indians,field,Kolkata Knight Riders,runs,32,,,,SP Narine,S Das,BR Doctrove,,20,141,GF Labrooy,S Asnani,RM Deshpande,,,,,548370
1102,598006.yaml,2013,10,2013-04-09,Mumbai Indians,Delhi Daredevils,Mumbai,Wankhede Stadium,,Mumbai Indians,bat,Mumbai Indians,runs,44,,,,KD Karthik,M Erasmus,VA Kulkarni,,20,210,RS Madugalle,S Asnani,RM Deshpande,,,,,598006
1103,598011.yaml,2013,15,2013-04-13,Mumbai Indians,Pune Warriors,Mumbai,Wankhede Stadium,,Mumbai Indians,bat,Mumbai Indians,runs,41,,,,RG Sharma,S Ravi,SJA Taufel,,20,184,DC Boon,CK Nandan,RM Deshpande,,,,,598011
1104,598033.yaml,2013,37,2013-04-27,Mumbai Indians,Royal Challengers Bangalore,Mumbai,Wankhede Stadium,,Mumbai Indians,bat,Mumbai Indians,runs,58,,,,DR Smith,Asad Rauf,S Asnani,,20,195,J Srinath,AK Chaudhary,RM Deshpande,,,,,598033
1105,598037.yaml,2013,41,2013-04-29,Mumbai Indians,Kings XI Punjab,Mumbai,Wankhede Stadium,,Mumbai Indians,bat,Mumbai Indians,runs,4,,,,RG Sharma,Asad Rauf,AK Chaudhary,,20,175,J Srinath,S Asnani,RM Deshpande,,,,,598037
1106,598046.yaml,2013,49,2013-05-05,Mumbai Indians,Chennai Super Kings,Mumbai,Wankhede Stadium,,Mumbai Indians,bat,Mumbai Indians,runs,60,,,,MG Johnson,HDPK Dharmasena,CK Nandan,,20,140,RS Mahanama,S Ravi,RM Deshpande,,,,,598046
1107,598050.yaml,2013,53,2013-05-07,Mumbai Indians,Kolkata Knight Riders,Mumbai,Wankhede Stadium,,Mumbai Indians,bat,Mumbai Indians,runs,65,,,,SR Tendulkar,HDPK Dharmasena,S Ravi,,20,171,RS Mahanama,CK Nandan,RM Deshpande,,,,,598050
1108,598060.yaml,2013,62,2013-05-13,Mumbai Indians,Sunrisers Hyderabad,Mumbai,Wankhede Stadium,,Sunrisers Hyderabad,bat,Mumbai Indians,wickets,7,,,,KA Pollard,AK Chaudhary,SJA Taufel,,20,179,RR Jadeja,Asad Rauf,RM Deshpande,,,,,598060
1109,598063.yaml,2013,66,2013-05-15,Mumbai Indians,Rajasthan Royals,Mumbai,Wankhede Stadium,,Rajasthan Royals,field,Mumbai Indians,runs,14,,,,AP Tare,Asad Rauf,S Asnani,,20,167,RR Jadeja,AK Chaudhary,PG Pathak,,,,,598063
1110,733973.yaml,2014,22,2014-05-03,Mumbai Indians,Kings XI Punjab,Mumbai,Wankhede Stadium,,Kings XI Punjab,bat,Mumbai Indians,wickets,5,,,,CJ Anderson,BNJ Oxenford,C Shamshuddin,,20,169,RS Madugalle,RM Deshpande,R Pandit,,,,,733973
1111,733983.yaml,2014,27,2014-05-06,Mumbai Indians,Royal Challengers Bangalore,Mumbai,Wankhede Stadium,,Royal Challengers Bangalore,field,Mumbai Indians,runs,19,,,,RG Sharma,S Ravi,K Srinath,,20,188,AJ Pycroft,SS Hazare,R Pandit,,,,,733983
1112,733995.yaml,2014,33,2014-05-10,Mumbai Indians,Chennai Super Kings,Mumbai,Wankhede Stadium,,Chennai Super Kings,field,Chennai Super Kings,wickets,4,,,,DR Smith,HDPK Dharmasena,VA Kulkarni,,20,158,RS Mahanama,PG Pathak,R Pandit,,,,,733995
1113,734031.yaml,2014,51,2014-05-23,Mumbai Indians,Delhi Daredevils,Mumbai,Wankhede Stadium,,Delhi Daredevils,field,Mumbai Indians,runs,15,,,,MEK Hussey,S Ravi,RJ Tucker,,20,174,AJ Pycroft,K Srinath,AY Dandekar,,,,,734031
1114,734041.yaml,2014,56,2014-05-25,Mumbai Indians,Rajasthan Royals,Mumbai,Wankhede Stadium,,Mumbai Indians,field,Mumbai Indians,wickets,5,,,,CJ Anderson,K Srinath,RJ Tucker,,20,190,AJ Pycroft,S Ravi,R Pandit,,,,,734041
1115,734047.yaml,2014,,2014-05-30,Chennai Super Kings,Kings XI Punjab,Mumbai,Wankhede Stadium,,Chennai Super Kings,field,Kings XI Punjab,runs,24,,,,V Sehwag,HDPK Dharmasena,RJ Tucker,Qualifier 2,20,227,J Srinath,AK Chaudhary,RM Deshpande,,,,,734047
1116,829717.yaml,2015,7,2015-04-12,Mumbai Indians,Kings XI Punjab,Mumbai,Wankhede Stadium,,Mumbai Indians,field,Kings XI Punjab,runs,18,,,,GJ Bailey,AK Chaudhary,K Srinivasan,,20,178,Chinmay Sharma,K Srinath,A Nand Kishore,,,,,829717
1117,829729.yaml,2015,12,2015-04-17,Mumbai Indians,Chennai Super Kings,Mumbai,Wankhede Stadium,,Mumbai Indians,bat,Chennai Super Kings,wickets,6,,,,A Nehra,AK Chaudhary,M Erasmus,,20,184,Chinmay Sharma,K Srinath,K Srinivasan,,,,,829729
1118,829751.yaml,2015,23,2015-04-25,Mumbai Indians,Sunrisers Hyderabad,Mumbai,Wankhede Stadium,,Mumbai Indians,bat,Mumbai Indians,runs,20,,,,SL Malinga,HDPK Dharmasena,CB Gaffaney,,20,158,RS Mahanama,SD Fry,CK Nandan,,,,,829751
1119,829769.yaml,2015,32,2015-05-01,Mumbai Indians,Rajasthan Royals,Mumbai,Wankhede Stadium,,Rajasthan Royals,field,Mumbai Indians,runs,8,,,,AT Rayudu,HDPK Dharmasena,CK Nandan,,20,188,RS Mahanama,CB Gaffaney,Nitin Menon,,,,,829769
1120,829783.yaml,2015,39,2015-05-05,Mumbai Indians,Delhi Daredevils,Mumbai,Wankhede Stadium,,Delhi Daredevils,bat,Mumbai Indians,wickets,5,,,,Harbhajan Singh,HDPK Dharmasena,CB Gaffaney,,20,153,RS Mahanama,CK Nandan,Nitin Menon,,,,,829783
1121,829795.yaml,2015,46,2015-05-10,Mumbai Indians,Royal Challengers Bangalore,Mumbai,Wankhede Stadium,,Royal Challengers Bangalore,bat,Royal Challengers Bangalore,runs,39,,,,AB de Villiers,JD Cloete,C Shamshuddin,,20,236,J Srinath,K Srinath,PG Pathak,,,,,829795
1122,829805.yaml,2015,51,2015-05-14,Mumbai Indians,Kolkata Knight Riders,Mumbai,Wankhede Stadium,,Kolkata Knight Riders,field,Mumbai Indians,runs,5,,,,HH Pandya,RK Illingworth,VA Kulkarni,,20,172,RR Jadeja,RM Deshpande,AY Dandekar,,,,,829805
1123,829817.yaml,2015,,2015-05-19,Chennai Super Kings,Mumbai Indians,Mumbai,Wankhede Stadium,,Mumbai Indians,bat,Mumbai Indians,runs,25,,,,KA Pollard,HDPK Dharmasena,RK Illingworth,Qualifier 1,20,188,RS Madugalle,VA Kulkarni,CK Nandan,,,,,829817
1124,980901.yaml,2016,1,2016-04-09,Mumbai Indians,Rising Pune Supergiants,Mumbai,Wankhede Stadium,,Mumbai Indians,bat,Rising Pune Supergiants,wickets,9,,,,AM Rahane,HDPK Dharmasena,CK Nandan,,20,122,J Srinath,VA Kulkarni,VK Sharma,,,,,980901
1125,980917.yaml,2016,9,2016-04-16,Mumbai Indians,Gujarat Lions,Mumbai,Wankhede Stadium,,Gujarat Lions,field,Gujarat Lions,wickets,3,,,,AJ Finch,HDPK Dharmasena,VK Sharma,,20,144,Chinmay Sharma,KN Ananthapadmanabhan,YC Barde,,,,,980917
1126,980927.yaml,2016,14,2016-04-20,Mumbai Indians,Royal Challengers Bangalore,Mumbai,Wankhede Stadium,,Mumbai Indians,field,Mumbai Indians,wickets,6,,,,RG Sharma,AK Chaudhary,CK Nandan,,20,171,RS Mahanama,A Nand Kishore,R Pandit,,,,,980927
1127,980947.yaml,2016,24,2016-04-28,Mumbai Indians,Kolkata Knight Riders,Mumbai,Wankhede Stadium,,Mumbai Indians,field,Mumbai Indians,wickets,6,,,,RG Sharma,Nitin Menon,RJ Tucker,,20,175,RS Madugalle,C Shamshuddin,Navdeep Singh,,,,,980947
1128,1082597.yaml,2017,7,2017-04-09,Mumbai Indians,Kolkata Knight Riders,Mumbai,Wankhede Stadium,,Mumbai Indians,field,Mumbai Indians,wickets,4,,,,N Rana,Nitin Menon,CK Nandan,,20,179,S Chaturvedi,YC Barde,K Srinivasan,,,,,1082597
1129,1082600.yaml,2017,10,2017-04-12,Mumbai Indians,Sunrisers Hyderabad,Mumbai,Wankhede Stadium,,Mumbai Indians,field,Mumbai Indians,wickets,4,,,,JJ Bumrah,Nitin Menon,CK Nandan,,20,159,M Nayyar,YC Barde,K Srinivasan,,,,,1082600
1130,1082606.yaml,2017,16,2017-04-16,Mumbai Indians,Gujarat Lions,Mumbai,Wankhede Stadium,,Mumbai Indians,field,Mumbai Indians,wickets,6,,,,N Rana,A Nand Kishore,S Ravi,,20,177,M Nayyar,VK Sharma,Navdeep Singh,,,,,1082606
1131,1082614.yaml,2017,25,2017-04-22,Mumbai Indians,Delhi Daredevils,Mumbai,Wankhede Stadium,,Delhi Daredevils,field,Mumbai Indians,runs,14,,,,MJ McClenaghan,A Nand Kishore,S Ravi,,20,143,J Srinath,KN Ananthapadmanabhan,Navdeep Singh,,,,,1082614
1132,1082618.yaml,2017,28,2017-04-24,Mumbai Indians,Rising Pune Supergiant,Mumbai,Wankhede Stadium,,Mumbai Indians,field,Rising Pune Supergiant,runs,3,,,,BA Stokes,A Nand Kishore,S Ravi,,20,161,J Srinath,KN Ananthapadmanabhan,Navdeep Singh,,,,,1082618
1133,1082628.yaml,2017,38,2017-05-01,Mumbai Indians,Royal Challengers Bangalore,Mumbai,Wankhede Stadium,,Royal Challengers Bangalore,bat,Mumbai Indians,wickets,5,,,,RG Sharma,AK Chaudhary,CB Gaffaney,,20,163,M Nayyar,A Deshmukh,N Pandit,,,,,1082628
1134,1082641.yaml,2017,51,2017-05-11,Mumbai Indians,Kings XI Punjab,Mumbai,Wankhede Stadium,,Mumbai Indians,field,Kings XI Punjab,runs,7,,,,WP Saha,A Deshmukh,A Nand Kishore,,20,231,M Nayyar,VK Sharma,N Pandit,,,,,1082641
1135,1082647.yaml,2017,,2017-05-16,Mumbai Indians,Rising Pune Supergiant,Mumbai,Wankhede Stadium,,Mumbai Indians,field,Rising Pune Supergiant,runs,20,,,,Washington Sundar,S Ravi,C Shamshuddin,Qualifier 1,20,163,J Srinath,CK Nandan,YC Barde,,,,,1082647
1136,1136561.yaml,2018,1,2018-04-07,Mumbai Indians,Chennai Super Kings,Mumbai,Wankhede Stadium,,Chennai Super Kings,field,Chennai Super Kings,wickets,1,,,,DJ Bravo,CB Gaffaney,A Nand Kishore,,20,166,RB Richardson,AK Chaudhary,UV Gandhe,,,,,1136561
1137,1136569.yaml,2018,9,2018-04-14,Mumbai Indians,Delhi Daredevils,Mumbai,Wankhede Stadium,,Delhi Daredevils,field,Delhi Daredevils,wickets,7,,,,JJ Roy,KN Ananthapadmanabhan,Nitin Menon,,20,195,J Srinath,RJ Tucker,N Pandit,,,,,1136569
1138,1136574.yaml,2018,14,2018-04-17,Mumbai Indians,Royal Challengers Bangalore,Mumbai,Wankhede Stadium,,Royal Challengers Bangalore,field,Mumbai Indians,runs,46,,,,RG Sharma,Nitin Menon,RJ Tucker,,20,214,J Srinath,KN Ananthapadmanabhan,N Pandit,,,,,1136574
1139,1136583.yaml,2018,23,2018-04-24,Sunrisers Hyderabad,Mumbai Indians,Mumbai,Wankhede Stadium,,Mumbai Indians,field,Sunrisers Hyderabad,runs,31,,,,Rashid Khan,C Shamshuddin,S Ravi,,20,119,V Narayan Kutty,A Deshmukh,K Srinath,,,,,1136583
1140,1136597.yaml,2018,37,2018-05-06,Mumbai Indians,Kolkata Knight Riders,Mumbai,Wankhede Stadium,,Kolkata Knight Riders,field,Mumbai Indians,runs,13,,,,HH Pandya,A Deshmukh,HDPK Dharmasena,,20,182,V Narayan Kutty,AK Chaudhary,R Pandit,,,,,1136597
1141,1136607.yaml,2018,47,2018-05-13,Mumbai Indians,Rajasthan Royals,Mumbai,Wankhede Stadium,,Rajasthan Royals,field,Rajasthan Royals,wickets,7,,,,JC Buttler,Nitin Menon,S Ravi,,20,169,J Srinath,C Shamshuddin,UV Gandhe,,,,,1136607
1142,1136610.yaml,2018,50,2018-05-16,Mumbai Indians,Kings XI Punjab,Mumbai,Wankhede Stadium,,Kings XI Punjab,field,Mumbai Indians,runs,3,,,,JJ Bumrah,M Erasmus,Nitin Menon,,20,187,J Srinath,YC Barde,UV Gandhe,,,,,1136610
1143,1136617.yaml,2018,,2018-05-22,Sunrisers Hyderabad,Chennai Super Kings,Mumbai,Wankhede Stadium,,Chennai Super Kings,field,Chennai Super Kings,wickets,2,,,,F du Plessis,C Shamshuddin,M Erasmus,Qualifier 1,20,140,AJ Pycroft,S Ravi,YC Barde,,,,,1136617
1144,1136620.yaml,2018,,2018-05-27,Sunrisers Hyderabad,Chennai Super Kings,Mumbai,Wankhede Stadium,,Chennai Super Kings,field,Chennai Super Kings,wickets,8,,,,SR Watson,M Erasmus,S Ravi,Final,20,179,AJ Pycroft,Nitin Menon,YC Barde,,,,,1136620
1145,1175358.yaml,2019,3,2019-03-24,Delhi Capitals,Mumbai Indians,Mumbai,Wankhede Stadium,,Mumbai Indians,field,Delhi Capitals,runs,37,,,,RR Pant,S Ravi,YC Barde,,20,214,M Nayyar,CK Nandan,BK Ravi,,,,,1175358
1146,1175370.yaml,2019,15,2019-04-03,Mumbai Indians,Chennai Super Kings,Mumbai,Wankhede Stadium,,Chennai Super Kings,field,Mumbai Indians,runs,37,,,,HH Pandya,BNJ Oxenford,RJ Tucker,,20,171,M Nayyar,YC Barde,BK Ravi,,,,,1175370
1147,1178399.yaml,2019,24,2019-04-10,Kings XI Punjab,Mumbai Indians,Mumbai,Wankhede Stadium,,Mumbai Indians,field,Mumbai Indians,wickets,3,,,,KA Pollard,S Ravi,YC Barde,,20,198,M Nayyar,CK Nandan,K Srinivasan,,,,,1178399
1148,1178402.yaml,2019,27,2019-04-13,Mumbai Indians,Rajasthan Royals,Mumbai,Wankhede Stadium,,Rajasthan Royals,field,Rajasthan Royals,wickets,4,,,,JC Buttler,A Nand Kishore,Nitin Menon,,20,188,J Srinath,M Erasmus,N Pandit,,,,,1178402
1149,1178406.yaml,2019,31,2019-04-15,Royal Challengers Bangalore,Mumbai Indians,Mumbai,Wankhede Stadium,,Mumbai Indians,field,Mumbai Indians,wickets,5,,,,SL Malinga,M Erasmus,Nitin Menon,,20,172,J Srinath,A Nand Kishore,N Pandit,,,,,1178406
1150,1178431.yaml,2019,56,2019-05-05,Kolkata Knight Riders,Mumbai Indians,Mumbai,Wankhede Stadium,,Mumbai Indians,field,Mumbai Indians,wickets,9,,,,HH Pandya,A Nand Kishore,CK Nandan,,20,134,M Nayyar,S Ravi,K Srinivasan,,,,,1178431
1151,1254059.yaml,2021,2,2021-04-10,Chennai Super Kings,Delhi Capitals,Mumbai,"Wankhede Stadium, Mumbai",,Delhi Capitals,field,Delhi Capitals,wickets,7,,,,S Dhawan,AK Chaudhary,VK Sharma,,20,189,M Nayyar,S Ravi,AY Dandekar,,,,,1254059
1152,1254061.yaml,2021,4,2021-04-12,Punjab Kings,Rajasthan Royals,Mumbai,"Wankhede Stadium, Mumbai",,Rajasthan Royals,field,Punjab Kings,runs,4,,,,SV Samson,AK Chaudhary,S Ravi,,20,222,M Nayyar,VK Sharma,YC Barde,,,,,1254061
1153,1254064.yaml,2021,7,2021-04-15,Delhi Capitals,Rajasthan Royals,Mumbai,"Wankhede Stadium, Mumbai",,Rajasthan Royals,field,Rajasthan Royals,wickets,3,,,,JD Unadkat,S Ravi,VK Sharma,,20,148,Shakti Singh,AK Chaudhary,J Madanagopal,,,,,1254064
1154,1254065.yaml,2021,8,2021-04-16,Punjab Kings,Chennai Super Kings,Mumbai,"Wankhede Stadium, Mumbai",,Chennai Super Kings,field,Chennai Super Kings,wickets,6,,,,DL Chahar,AK Chaudhary,AY Dandekar,,20,107,Prakash Bhatt,VK Sharma,Navdeep Singh,,,,,1254065
1155,1254068.yaml,2021,11,2021-04-18,Punjab Kings,Delhi Capitals,Mumbai,"Wankhede Stadium, Mumbai",,Delhi Capitals,field,Delhi Capitals,wickets,6,,,,S Dhawan,AK Chaudhary,PR Reiffel,,20,196,M Nayyar,S Ravi,J Madanagopal,,,,,1254068
1156,1254069.yaml,2021,12,2021-04-19,Chennai Super Kings,Rajasthan Royals,Mumbai,"Wankhede Stadium, Mumbai",,Rajasthan Royals,field,Chennai Super Kings,runs,45,,,,MM Ali,PR Reiffel,VK Sharma,,20,189,Prakash Bhatt,YC Barde,Navdeep Singh,,,,,1254069
1157,1254072.yaml,2021,15,2021-04-21,Chennai Super Kings,Kolkata Knight Riders,Mumbai,"Wankhede Stadium, Mumbai",,Kolkata Knight Riders,field,Chennai Super Kings,runs,18,,,,F du Plessis,AY Dandekar,PR Reiffel,,20,221,Shakti Singh,AK Chaudhary,YC Barde,,,,,1254072
1158,1254073.yaml,2021,16,2021-04-22,Rajasthan Royals,Royal Challengers Bangalore,Mumbai,"Wankhede Stadium, Mumbai",,Royal Challengers Bangalore,field,Royal Challengers Bangalore,wickets,10,,,,D Padikkal,J Madanagopal,S Ravi,,20,178,Shakti Singh,VK Sharma,AY Dandekar,,,,,1254073
1159,1254075.yaml,2021,18,2021-04-24,Kolkata Knight Riders,Rajasthan Royals,Mumbai,"Wankhede Stadium, Mumbai",,Rajasthan Royals,field,Rajasthan Royals,wickets,6,,,,CH Morris,Navdeep Singh,S Ravi,,20,134,M Nayyar,PR Reiffel,YC Barde,,,,,1254075
1160,1254076.yaml,2021,19,2021-04-25,Chennai Super Kings,Royal Challengers Bangalore,Mumbai,"Wankhede Stadium, Mumbai",,Chennai Super Kings,bat,Chennai Super Kings,runs,69,,,,RA Jadeja,AK Chaudhary,VK Sharma,,20,192,Shakti Singh,Navdeep Singh,J Madanagopal,,,,,1254076
1161,1304047.yaml,2022,1,2022-03-26,Chennai Super Kings,Kolkata Knight Riders,Mumbai,"Wankhede Stadium, Mumbai",,Kolkata Knight Riders,field,Kolkata Knight Riders,wickets,6,,,,UT Yadav,AK Chaudhary,Nitin Menon,,20,132,M Nayyar,VK Sharma,Chirra Ravikanthreddy,,,,,1304047
1162,1304050.yaml,2022,4,2022-03-28,Lucknow Super Giants,Gujarat Titans,Mumbai,"Wankhede Stadium, Mumbai",,Gujarat Titans,field,Gujarat Titans,wickets,5,,,,Mohammed Shami,PG Pathak,VK Sharma,,20,159,DS Manohar,RJ Tucker,GR Sadashiv Iyer,,,,,1304050
1163,1304054.yaml,2022,8,2022-04-01,Punjab Kings,Kolkata Knight Riders,Mumbai,"Wankhede Stadium, Mumbai",,Kolkata Knight Riders,field,Kolkata Knight Riders,wickets,6,,,,UT Yadav,AK Chaudhary,HAS Khalid,,20,138,Prakash Bhatt,J Madanagopal,A Totre,,,,,1304054
1164,1304059.yaml,2022,13,2022-04-05,Rajasthan Royals,Royal Challengers Bangalore,Mumbai,"Wankhede Stadium, Mumbai",,Royal Challengers Bangalore,field,Royal Challengers Bangalore,wickets,4,,,,KD Karthik,AK Chaudhary,HAS Khalid,,20,170,Prakash Bhatt,Nitin Menon,NA Patwardhan,,,,,1304059
1165,1304066.yaml,2022,20,2022-04-10,Rajasthan Royals,Lucknow Super Giants,Mumbai,"Wankhede Stadium, Mumbai",,Lucknow Super Giants,field,Rajasthan Royals,runs,3,,,,YS Chahal,AK Chaudhary,Tapan Sharma,,20,166,J Srinath,PG Pathak,GR Sadashiv Iyer,,,,,1304066
1166,1304073.yaml,2022,27,2022-04-16,Royal Challengers Bangalore,Delhi Capitals,Mumbai,"Wankhede Stadium, Mumbai",,Delhi Capitals,field,Royal Challengers Bangalore,runs,16,,,,KD Karthik,Chirra Ravikanthreddy,J Madanagopal,,20,190,J Srinath,CB Gaffaney,N Pandit,,,,,1304073
1167,1304080.yaml,2022,34,2022-04-22,Rajasthan Royals,Delhi Capitals,Mumbai,"Wankhede Stadium, Mumbai",,Delhi Capitals,field,Rajasthan Royals,runs,15,,,,JC Buttler,NA Patwardhan,Nitin Menon,,20,223,DS Manohar,YC Barde,GR Sadashiv Iyer,,,,,1304080
1168,1304083.yaml,2022,37,2022-04-24,Lucknow Super Giants,Mumbai Indians,Mumbai,"Wankhede Stadium, Mumbai",,Mumbai Indians,field,Lucknow Super Giants,runs,36,,,,KL Rahul,M Erasmus,HAS Khalid,,20,169,Shakti Singh,VK Sharma,N Pandit,,,,,1304083
1169,1304084.yaml,2022,38,2022-04-25,Punjab Kings,Chennai Super Kings,Mumbai,"Wankhede Stadium, Mumbai",,Chennai Super Kings,field,Punjab Kings,runs,11,,,,S Dhawan,M Erasmus,Tapan Sharma,,20,188,Prakash Bhatt,PG Pathak,R Pandit,,,,,1304084
1170,1304086.yaml,2022,40,2022-04-27,Sunrisers Hyderabad,Gujarat Titans,Mumbai,"Wankhede Stadium, Mumbai",,Gujarat Titans,field,Gujarat Titans,wickets,5,,,,Umran Malik,CB Gaffaney,Navdeep Singh,,20,196,Shakti Singh,J Madanagopal,GR Sadashiv Iyer,,,,,1304086
1171,1304087.yaml,2022,41,2022-04-28,Kolkata Knight Riders,Delhi Capitals,Mumbai,"Wankhede Stadium, Mumbai",,Delhi Capitals,field,Delhi Capitals,wickets,4,,,,Kuldeep Yadav,AK Chaudhary,PG Pathak,,20,147,DS Manohar,Nitin Menon,A Totre,,,,,1304087
1172,1304091.yaml,2022,45,2022-05-01,Lucknow Super Giants,Delhi Capitals,Mumbai,"Wankhede Stadium, Mumbai",,Lucknow Super Giants,bat,Lucknow Super Giants,runs,6,,,,Mohsin Khan,Chirra Ravikanthreddy,CB Gaffaney,,20,196,Prakash Bhatt,PG Pathak,A Totre,,,,,1304091
1173,1304093.yaml,2022,47,2022-05-02,Rajasthan Royals,Kolkata Knight Riders,Mumbai,"Wankhede Stadium, Mumbai",,Kolkata Knight Riders,field,Kolkata Knight Riders,wickets,7,,,,RK Singh,J Madanagopal,N Pandit,,20,153,Shakti Singh,CB Gaffaney,Tapan Sharma,,,,,1304093
1174,1304098.yaml,2022,52,2022-05-07,Punjab Kings,Rajasthan Royals,Mumbai,"Wankhede Stadium, Mumbai",,Punjab Kings,bat,Rajasthan Royals,wickets,6,,,,YBK Jaiswal,Chirra Ravikanthreddy,YC Barde,,20,190,Prakash Bhatt,CB Gaffaney,UV Gandhe,,,,,1304098
1175,1304100.yaml,2022,54,2022-05-08,Royal Challengers Bangalore,Sunrisers Hyderabad,Mumbai,"Wankhede Stadium, Mumbai",,Royal Challengers Bangalore,bat,Royal Challengers Bangalore,runs,67,,,,PWH de Silva,BNJ Oxenford,N Pandit,,20,193,Shakti Singh,PG Pathak,A Totre,,,,,1304100
1176,1304105.yaml,2022,59,2022-05-12,Chennai Super Kings,Mumbai Indians,Mumbai,"Wankhede Stadium, Mumbai",,Mumbai Indians,field,Mumbai Indians,wickets,5,,,,DR Sams,Chirra Ravikanthreddy,CB Gaffaney,,20,98,Shakti Singh,Nitin Menon,A Totre,,,,,1304105
1177,1304108.yaml,2022,62,2022-05-15,Chennai Super Kings,Gujarat Titans,Mumbai,"Wankhede Stadium, Mumbai",,Chennai Super Kings,bat,Gujarat Titans,wickets,7,,,,WP Saha,R Pandit,VK Sharma,,20,134,J Srinath,CB Gaffaney,NA Patwardhan,,,,,1304108
1178,1304111.yaml,2022,65,2022-05-17,Sunrisers Hyderabad,Mumbai Indians,Mumbai,"Wankhede Stadium, Mumbai",,Mumbai Indians,field,Sunrisers Hyderabad,runs,3,,,,RA Tripathi,CB Gaffaney,N Pandit,,20,194,J Srinath,Navdeep Singh,HAS Khalid,,,,,1304111
1179,1304113.yaml,2022,67,2022-05-19,Gujarat Titans,Royal Challengers Bangalore,Mumbai,"Wankhede Stadium, Mumbai",,Gujarat Titans,bat,Royal Challengers Bangalore,wickets,8,,,,V Kohli,KN Ananthapadmanabhan,GR Sadashiv Iyer,,20,169,J Srinath,Navdeep Singh,Tapan Sharma,,,,,1304113
1180,1304115.yaml,2022,69,2022-05-21,Delhi Capitals,Mumbai Indians,Mumbai,"Wankhede Stadium, Mumbai",,Mumbai Indians,field,Mumbai Indians,wickets,5,,,,JJ Bumrah,Nitin Menon,Tapan Sharma,,20,160,J Srinath,HAS Khalid,GR Sadashiv Iyer,,,,,1304115
1181,1304116.yaml,2022,70,2022-05-22,Sunrisers Hyderabad,Punjab Kings,Mumbai,"Wankhede Stadium, Mumbai",,Sunrisers Hyderabad,bat,Punjab Kings,wickets,5,,,,Harpreet Brar,AK Chaudhary,NA Patwardhan,,20,158,J Srinath,CB Gaffaney,Navdeep Singh,,,,,1304116
1182,1359486.yaml,2023,12,2023-04-08,Mumbai Indians,Chennai Super Kings,Mumbai,"Wankhede Stadium, Mumbai",,Chennai Super Kings,field,Chennai Super Kings,wickets,7,,,,RA Jadeja,CB Gaffaney,NA Patwardhan,,20,158,DS Manohar,AK Chaudhary,M Kuppuraj,K Kartikeya,TH David,AT Rayudu,DL Chahar,1359486
1183,1359496.yaml,2023,22,2023-04-16,Kolkata Knight Riders,Mumbai Indians,Mumbai,"Wankhede Stadium, Mumbai",,Mumbai Indians,field,Mumbai Indians,wickets,5,,,,VR Iyer,BNJ Oxenford,UV Gandhe,,20,186,R Seth,J Madanagopal,PM Joshi,Suyash Sharma,VR Iyer,RG Sharma,RP Meredith,1359496
1184,1359505.yaml,2023,31,2023-04-22,Punjab Kings,Mumbai Indians,Mumbai,"Wankhede Stadium, Mumbai",,Mumbai Indians,field,Punjab Kings,runs,13,,,,SM Curran,CB Gaffaney,GR Sadashiv Iyer,,20,215,Prakash Bhatt,AK Chaudhary,M Kuppuraj,NT Ellis,P Simran Singh,N Wadhera,JP Behrendorff,1359505
1185,1359516.yaml,2023,42,2023-04-30,Rajasthan Royals,Mumbai Indians,Mumbai,"Wankhede Stadium, Mumbai",,Rajasthan Royals,bat,Mumbai Indians,wickets,6,,,,YBK Jaiswal,Vinod Seshan,VK Sharma,,20,213,J Srinath,Tapan Sharma,VM Dhokre,KR Sen,Dhruv Jurel,,,1359516
1186,1359528.yaml,2023,54,2023-05-09,Royal Challengers Bangalore,Mumbai Indians,Mumbai,"Wankhede Stadium, Mumbai",,Mumbai Indians,field,Mumbai Indians,wickets,6,,,,SA Yadav,HAS Khalid,VK Sharma,,20,200,RS Sodhi,Nitin Menon,VM Dhokre,KM Jadhav,MK Lomror,,,1359528
1187,1359531.yaml,2023,57,2023-05-12,Mumbai Indians,Gujarat Titans,Mumbai,"Wankhede Stadium, Mumbai",,Gujarat Titans,field,Mumbai Indians,runs,27,,,,SA Yadav,Nitin Menon,Tapan Sharma,,20,219,RS Sodhi,Vinod Seshan,VM Dhokre,Akash Madhwal,Vishnu Vinod,Shubman Gill,MM Sharma,1359531
1188,1359543.yaml,2023,69,2023-05-21,Sunrisers Hyderabad,Mumbai Indians,Mumbai,"Wankhede Stadium, Mumbai",,Mumbai Indians,field,Mumbai Indians,wickets,8,,,,C Green,KN Ananthapadmanabhan,RJ Tucker,,20,201,P Dharmani,R Pandit,P Joshi,Kartik Tyagi,MA Agarwal,,,1359543
1189,1422132.yaml,2024,14,2024-04-01,Mumbai Indians,Rajasthan Royals,Mumbai,"Wankhede Stadium, Mumbai",,Rajasthan Royals,field,Rajasthan Royals,wickets,6,,,,TA Boult,MV Saidharshan Kumar,YC Barde,,20,126,M Nayyar,BNJ Oxenford,M Krishnadas,D Brevis,Naman Dhir,SB Dubey,YS Chahal,1422132
1190,1422138.yaml,2024,20,2024-04-07,Mumbai Indians,Delhi Capitals,Mumbai,"Wankhede Stadium, Mumbai",,Delhi Capitals,field,Mumbai Indians,runs,29,,,,R Shepherd,HDPK Dharmasena,UV Gandhe,,20,235,Prakash Bhatt,KN Ananthapadmanabhan,VM Dhokre,Akash Madhwal,SA Yadav,Kumar Kushagra,KK Ahmed,1422138
1191,1426263.yaml,2024,25,2024-04-11,Royal Challengers Bengaluru,Mumbai Indians,Mumbai,"Wankhede Stadium, Mumbai",,Mumbai Indians,field,Mumbai Indians,wickets,7,,,,JJ Bumrah,Nitin Menon,VA Kulkarni,,20,197,J Srinath,VK Sharma,M Kuppuraj,Saurav Chauhan,RM Patidar,SA Yadav,Akash Madhwal,1426263
1192,1426267.yaml,2024,29,2024-04-14,Chennai Super Kings,Mumbai Indians,Mumbai,"Wankhede Stadium, Mumbai",,Mumbai Indians,field,Chennai Super Kings,runs,20,,,,M Pathirana,Nitin Menon,HAS Khalid,,20,207,J Srinath,VK Sharma,M Kuppuraj,M Pathirana,AM Rahane,SA Yadav,Akash Madhwal,1426267
1193,1426289.yaml,2024,51,2024-05-03,Kolkata Knight Riders,Mumbai Indians,Mumbai,"Wankhede Stadium, Mumbai",,Mumbai Indians,field,Kolkata Knight Riders,runs,24,,,,VR Iyer,J Madanagopal,Tapan Sharma,,20,170,P Dharmani,MA Gough,K Swaroopanand,MK Pandey,A Raghuvanshi,RG Sharma,N Thushara,1426289
1194,1426293.yaml,2024,55,2024-05-06,Sunrisers Hyderabad,Mumbai Indians,Mumbai,"Wankhede Stadium, Mumbai",,Mumbai Indians,field,Mumbai Indians,wickets,7,,,,SA Yadav,Navdeep Singh,Tapan Sharma,,20,174,P Dharmani,J Madanagopal,K Kelkar,Sanvir Singh,Abhishek Sharma,,,1426293
1195,1426305.yaml,2024,67,2024-05-17,Lucknow Super Giants,Mumbai Indians,Mumbai,"Wankhede Stadium, Mumbai",,Mumbai Indians,field,Lucknow Super Giants,runs,18,,,,N Pooran,Navdeep Singh,R Pandit,,20,215,P Dharmani,J Madanagopal,K Swaroopanand,Naveen-ul-Haq,A Badoni,RG Sharma,N Thushara,1426305
1196,1473449.yaml,2025,12,2025-03-31,Kolkata Knight Riders,Mumbai Indians,Mumbai,"Wankhede Stadium, Mumbai",,Mumbai Indians,field,Mumbai Indians,wickets,8,,,,Ashwani Kumar,MV Saidharshan Kumar,HAS Khalid,,20,117,J Srinath,Nitin Menon,Bhavesh Patel,MK Pandey,A Raghuvanshi,RG Sharma,V Puthur,1473449
1197,1473458.yaml,2025,20,2025-04-07,Royal Challengers Bengaluru,Mumbai Indians,Mumbai,"Wankhede Stadium, Mumbai",,Mumbai Indians,field,Royal Challengers Bengaluru,runs,12,,,,RM Patidar,P Joshi,Vinod Seshan,,20,222,Prakash Bhatt,J Madanagopal,TM Srivastava,Suyash Sharma,D Padikkal,RG Sharma,V Puthur,1473458
1198,1473470.yaml,2025,33,2025-04-17,Sunrisers Hyderabad,Mumbai Indians,Mumbai,"Wankhede Stadium, Mumbai",,Mumbai Indians,field,Mumbai Indians,wickets,4,,,,WG Jacks,J Madanagopal,Vinod Seshan,,20,163,Prakash Bhatt,CB Gaffaney,P Joshi,RD Chahar,Mohammed Shami,RG Sharma,KV Sharma,1473470
1199,1473475.yaml,2025,38,2025-04-20,Chennai Super Kings,Mumbai Indians,Mumbai,"Wankhede Stadium, Mumbai",,Mumbai Indians,field,Mumbai Indians,wickets,9,,,,RG Sharma,Abhijit Bhattacharya,VK Sharma,,20,177,V Narayan Kutty,MA Gough,K Swaroopanand,R Ashwin,S Dube,RG Sharma,Ashwani Kumar,1473475
1200,1473482.yaml,2025,45,2025-04-27,Mumbai Indians,Lucknow Super Giants,Mumbai,"Wankhede Stadium, Mumbai",,Lucknow Super Giants,field,Mumbai Indians,runs,54,,,,WG Jacks,CB Gaffaney,J Madanagopal,,20,216,DS Manohar,Vinod Seshan,A Bengeri,JJ Bumrah,RG Sharma,DA Miller,N Pooran,1473482
1201,1473493.yaml,2025,56,2025-05-06,Mumbai Indians,Gujarat Titans,Mumbai,"Wankhede Stadium, Mumbai",,Gujarat Titans,field,Gujarat Titans,wickets,3,,D/L,,Shubman Gill,KM Gandhi,MV Saidharshan Kumar,,19,147,A Kripal Singh,KN Ananthapadmanabhan,M Krishnadas,KV Sharma,RG Sharma,SE Rutherford,M Prasidh Krishna,1473493
1202,1473501.yaml,2025,63,2025-05-21,Mumbai Indians,Delhi Capitals,Mumbai,"Wankhede Stadium, Mumbai",,Delhi Capitals,field,Mumbai Indians,runs,59,,,,SA Yadav,A Bengeri,J Madanagopal,,20,181,DS Manohar,CB Gaffaney,P Joshi,KV Sharma,RG Sharma,KL Rahul,Mukesh Kumar,1473501
1203,1527675.yaml,2026,2,2026-03-29,Kolkata Knight Riders,Mumbai Indians,Mumbai,"Wankhede Stadium, Mumbai",,Mumbai Indians,field,Mumbai Indians,wickets,6,,,,SN Thakur,Anish Sahasrabudhe,MV Saidharshan Kumar,,20,221,Shakti Singh,Nitin Menon,Vinod Seshan,Kartik Tyagi,FH Allen,SA Yadav,JJ Bumrah,1527675
1204,1527693.yaml,2026,20,2026-04-12,Royal Challengers Bengaluru,Mumbai Indians,Mumbai,"Wankhede Stadium, Mumbai",,Mumbai Indians,field,Royal Challengers Bengaluru,runs,18,,,,PD Salt,K Swaroopanand,VK Sharma,,20,241,V Narayan Kutty,HDPK Dharmasena,M Krishnadas,Rasikh Salam,TH David,SE Rutherford,M Markande,1527693
1205,1529267.yaml,2026,24,2026-04-16,Mumbai Indians,Punjab Kings,Mumbai,"Wankhede Stadium, Mumbai",,Punjab Kings,field,Punjab Kings,wickets,7,,,,Arshdeep Singh,HDPK Dharmasena,M Krishnadas,,20,196,V Narayan Kutty,VK Sharma,HAS Khalid,AM Ghazanfar,SA Yadav,,,1529267
1206,1529276.yaml,2026,33,2026-04-23,Chennai Super Kings,Mumbai Indians,Mumbai,"Wankhede Stadium, Mumbai",,Mumbai Indians,field,Chennai Super Kings,runs,103,,,,SV Samson,AT Holdstock,P Joshi,,20,208,Prakash Bhatt,KN Ananthapadmanabhan,Bhavesh Patel,AJ Hosein,Kartik Sharma,DV Malewar,AM Ghazanfar,1529276
1207,1529284.yaml,2026,41,2026-04-29,Mumbai Indians,Sunrisers Hyderabad,Mumbai,"Wankhede Stadium, Mumbai",,Mumbai Indians,bat,Sunrisers Hyderabad,wickets,6,,,,H Klaasen,A Bengeri,J Madanagopal,,20,244,J Srinath,UV Gandhe,Amit Rana,SN Thakur,R Minz,Aniket Verma,Sakib Hussain,1529284
1208,1529290.yaml,2026,47,2026-05-04,Lucknow Super Giants,Mumbai Indians,Mumbai,"Wankhede Stadium, Mumbai",,Mumbai Indians,field,Mumbai Indians,wickets,6,,,,RD Rickelton,AK Argal,SJ Nogajski,,20,229,R Seth,VK Sharma,T Ematty,M Siddharth,MR Marsh,RG Sharma,Raghu Sharma,1529290
1209,1529312.yaml,2026,69,2026-05-24,Rajasthan Royals,Mumbai Indians,Mumbai,"Wankhede Stadium, Mumbai",,Mumbai Indians,field,Rajasthan Royals,runs,30,,,,JC Archer,R Pandit,T Ematty,,20,206,DS Manohar,Amit Rana,K Kelkar,RA Jadeja,SB Dubey,RG Sharma,Raghu Sharma,1529312
1210,1254087.yaml,2021,31,2021-09-20,Royal Challengers Bangalore,Kolkata Knight Riders,Abu Dhabi,"Zayed Cricket Stadium, Abu Dhabi",,Royal Challengers Bangalore,bat,Kolkata Knight Riders,wickets,9,,,,CV Varun,CB Gaffaney,S Ravi,,20,93,V Narayan Kutty,VK Sharma,UV Gandhe,,,,,1254087
1211,1254088.yaml,2021,55,2021-10-08,Mumbai Indians,Sunrisers Hyderabad,Abu Dhabi,"Zayed Cricket Stadium, Abu Dhabi",,Mumbai Indians,bat,Mumbai Indians,runs,42,,,,Ishan Kishan,Tapan Sharma,VK Sharma,,20,236,V Narayan Kutty,,UV Gandhe,,,,,1254088
1212,1254089.yaml,2021,47,2021-10-02,Chennai Super Kings,Rajasthan Royals,Abu Dhabi,"Zayed Cricket Stadium, Abu Dhabi",,Rajasthan Royals,field,Rajasthan Royals,wickets,7,,,,RD Gaikwad,CB Gaffaney,VK Sharma,,20,190,V Narayan Kutty,Tapan Sharma,UV Gandhe,,,,,1254089
1213,1254095.yaml,2021,52,2021-10-06,Sunrisers Hyderabad,Royal Challengers Bangalore,Abu Dhabi,"Zayed Cricket Stadium, Abu Dhabi",,Royal Challengers Bangalore,field,Sunrisers Hyderabad,runs,4,,,,KS Williamson,S Ravi,UV Gandhe,,20,142,V Narayan Kutty,CB Gaffaney,Tapan Sharma,,,,,1254095
1214,1254096.yaml,2021,34,2021-09-23,Mumbai Indians,Kolkata Knight Riders,Abu Dhabi,"Zayed Cricket Stadium, Abu Dhabi",,Kolkata Knight Riders,field,Kolkata Knight Riders,wickets,7,,,,SP Narine,S Ravi,VK Sharma,,20,156,V Narayan Kutty,CB Gaffaney,Tapan Sharma,,,,,1254096
1215,1254097.yaml,2021,36,2021-09-25,Delhi Capitals,Rajasthan Royals,Abu Dhabi,"Zayed Cricket Stadium, Abu Dhabi",,Rajasthan Royals,field,Delhi Capitals,runs,33,,,,SS Iyer,CB Gaffaney,UV Gandhe,,20,155,V Narayan Kutty,S Ravi,Tapan Sharma,,,,,1254097
1216,1254098.yaml,2021,38,2021-09-26,Kolkata Knight Riders,Chennai Super Kings,Abu Dhabi,"Zayed Cricket Stadium, Abu Dhabi",,Kolkata Knight Riders,bat,Chennai Super Kings,wickets,2,,,,RA Jadeja,CB Gaffaney,Tapan Sharma,,20,172,V Narayan Kutty,VK Sharma,UV Gandhe,,,,,1254098
1217,1254099.yaml,2021,42,2021-09-28,Punjab Kings,Mumbai Indians,Abu Dhabi,"Zayed Cricket Stadium, Abu Dhabi",,Mumbai Indians,field,Mumbai Indians,wickets,6,,,,KA Pollard,S Ravi,VK Sharma,,20,136,V Narayan Kutty,UV Gandhe,Tapan Sharma,,,,,1254099
1218,1359519.yaml,2023,45,2023-05-03,Lucknow Super Giants,Chennai Super Kings,Lucknow,"Bharat Ratna Shri Atal Bihari Vajpayee Ekana Cricket Stadium, Lucknow",,Chennai Super Kings,field,,,,no result,,,,AK Chaudhary,NA Patwardhan,,,,Prakash Bhatt,CB Gaffaney,M Krishnadas,,,AT Rayudu,M Theekshana,1359519
1219,1473481.yaml,2025,44,2025-04-26,Punjab Kings,Kolkata Knight Riders,Kolkata,"Eden Gardens, Kolkata",,Punjab Kings,bat,,,,no result,,,,AT Holdstock,Anish Sahasrabudhe,,20,202,R Seth,A Totre,Amit Rana,Harpreet Brar,P Simran Singh,A Raghuvanshi,C Sakariya,1473481
1220,1527685.yaml,2026,12,2026-04-06,Kolkata Knight Riders,Punjab Kings,Kolkata,"Eden Gardens, Kolkata",,Kolkata Knight Riders,bat,,,,no result,,,,A Bengeri,J Madanagopal,,,,J Srinath,R Pandit,UV Gandhe,,,,,1527685
1221,501265.yaml,2011,68,2011-05-21,Delhi Daredevils,Pune Warriors,Delhi,Feroz Shah Kotla,,Delhi Daredevils,bat,,,,no result,,,,SS Hazare,RJ Tucker,,,,AJ Pycroft,RB Tiffin,AK Chaudhary,,,,,501265
1222,1473495.yaml,2025,58,2025-05-08,Punjab Kings,Delhi Capitals,Dharamsala,"Himachal Pradesh Cricket Association Stadium, Dharamsala",,Punjab Kings,bat,,,,no result,,,,CB Gaffaney,P Joshi,,,,DS Manohar,J Madanagopal,Bhavesh Patel,,,,,1473495
1223,829763.yaml,2015,29,2015-04-29,Royal Challengers Bangalore,Rajasthan Royals,Bangalore,M Chinnaswamy Stadium,,Rajasthan Royals,field,,,,no result,,,,JD Cloete,PG Pathak,,,,RS Madugalle,C Shamshuddin,VK Sharma,,,,,829763
1224,829813.yaml,2015,55,2015-05-17,Royal Challengers Bangalore,Delhi Daredevils,Bangalore,M Chinnaswamy Stadium,,Royal Challengers Bangalore,field,,,,no result,,,,HDPK Dharmasena,K Srinivasan,,20,188,RS Madugalle,PG Pathak,Nitin Menon,,,,,829813
1225,1178424.yaml,2019,49,2019-04-30,Royal Challengers Bangalore,Rajasthan Royals,Bengaluru,M.Chinnaswamy Stadium,,Rajasthan Royals,field,,,,no result,,,,NJ Llong,UV Gandhe,,5,63,V Narayan Kutty,AK Chaudhary,GR Sadashiv Iyer,,,,,1178424
1226,1473492.yaml,2025,55,2025-05-05,Delhi Capitals,Sunrisers Hyderabad,Hyderabad,"Rajiv Gandhi International Stadium, Uppal, Hyderabad",,Sunrisers Hyderabad,field,,,,no result,,,,K Swaroopanand,VK Sharma,,,,P Dharmani,MA Gough,Abhijit Bhattacharya,Ashutosh Sharma,Abishek Porel,TM Head,JD Unadkat,1473492
1227,1175365.yaml,2019,10,2019-03-30,Kolkata Knight Riders,Delhi Capitals,Delhi,Arun Jaitley Stadium,,Delhi Capitals,field,Delhi Capitals,,,tie,,Delhi Capitals,PP Shaw,AY Dandekar,Nitin Menon,,20,186,J Srinath,M Erasmus,HAS Khalid,,,,,1175365
1228,1473469.yaml,2025,32,2025-04-16,Delhi Capitals,Rajasthan Royals,Delhi,"Arun Jaitley Stadium, Delhi",,Rajasthan Royals,field,Delhi Capitals,,,tie,,Delhi Capitals,MA Starc,A Totre,K Kelkar,,20,189,Shakti Singh,R Pandit,Anish Sahasrabudhe,Mukesh Kumar,Abishek Porel,SB Dubey,M Theekshana,1473469
1229,1529281.yaml,2026,38,2026-04-26,Kolkata Knight Riders,Lucknow Super Giants,Lucknow,"Bharat Ratna Shri Atal Bihari Vajpayee Ekana Cricket Stadium, Lucknow",,Lucknow Super Giants,field,Kolkata Knight Riders,,,tie,,Kolkata Knight Riders,RK Singh,A Bengeri,K Kelkar,,20,156,J Srinath,R Pandit,Amit Rana,CV Varun,A Raghuvanshi,Himmat Singh,Mohsin Khan,1529281
1230,1216493.yaml,2020/21,2,2020-09-20,Delhi Capitals,Kings XI Punjab,,Dubai International Cricket Stadium,,Kings XI Punjab,field,Delhi Capitals,,,tie,,Delhi Capitals,MP Stoinis,AK Chaudhary,Nitin Menon,,20,158,J Srinath,PR Reiffel,YC Barde,,,,,1216493
1231,1216517.yaml,2020/21,36,2020-10-18,Mumbai Indians,Kings XI Punjab,,Dubai International Cricket Stadium,,Mumbai Indians,bat,Kings XI Punjab,,,tie,,Kings XI Punjab,KL Rahul,Nitin Menon,PR Reiffel,,20,177,J Srinath,AK Chaudhary,AY Dandekar,,,,,1216517
1232,1216547.yaml,2020/21,10,2020-09-28,Royal Challengers Bangalore,Mumbai Indians,,Dubai International Cricket Stadium,,Mumbai Indians,field,Royal Challengers Bangalore,,,tie,,Royal Challengers Bangalore,AB de Villiers,Nitin Menon,PR Reiffel,,20,202,J Srinath,AK Chaudhary,YC Barde,,,,,1216547
1233,598017.yaml,2013,21,2013-04-16,Royal Challengers Bangalore,Delhi Daredevils,Bangalore,M Chinnaswamy Stadium,,Royal Challengers Bangalore,field,Royal Challengers Bangalore,,,tie,,Royal Challengers Bangalore,V Kohli,M Erasmus,VA Kulkarni,,20,153,RS Madugalle,K Srinath,KN Ananthapadmanabhan,,,,,598017
1234,419121.yaml,2009/10,16,2010-03-21,Chennai Super Kings,Kings XI Punjab,Chennai,"MA Chidambaram Stadium, Chepauk",,Chennai Super Kings,field,Kings XI Punjab,,,tie,,Kings XI Punjab,J Theron,K Hariharan,DJ Harper,,20,137,S Venkataraghavan,S Das,,,,,,419121
1235,1254077.yaml,2021,20,2021-04-25,Delhi Capitals,Sunrisers Hyderabad,Chennai,"MA Chidambaram Stadium, Chepauk, Chennai",,Delhi Capitals,bat,Delhi Capitals,,,tie,,Delhi Capitals,PP Shaw,CB Gaffaney,KN Ananthapadmanabhan,,20,160,S Chaturvedi,Tapan Sharma,K Srinivasan,,,,,1254077
1236,392190.yaml,2009,10,2009-04-23,Kolkata Knight Riders,Rajasthan Royals,Cape Town,Newlands,1,Kolkata Knight Riders,field,Rajasthan Royals,,,tie,,Rajasthan Royals,YK Pathan,MR Benson,M Erasmus,,20,151,GR Viswanath,AM Saheba,EC Hendrikse,,,,,392190
1237,598004.yaml,2013,7,2013-04-07,Sunrisers Hyderabad,Royal Challengers Bangalore,Hyderabad,"Rajiv Gandhi International Stadium, Uppal",,Royal Challengers Bangalore,bat,Sunrisers Hyderabad,,,tie,,Sunrisers Hyderabad,GH Vihari,AK Chaudhary,S Ravi,,20,131,DC Boon,K Srinath,A Nand Kishore,,,,,598004
1238,829741.yaml,2015,18,2015-04-21,Rajasthan Royals,Kings XI Punjab,Ahmedabad,"Sardar Patel Stadium, Motera",,Kings XI Punjab,field,Kings XI Punjab,,,tie,,Kings XI Punjab,SE Marsh,M Erasmus,S Ravi,,20,192,Chinmay Sharma,AK Chaudhary,K Srinath,,,,,829741
1239,1082625.yaml,2017,35,2017-04-29,Gujarat Lions,Mumbai Indians,Rajkot,Saurashtra Cricket Association Stadium,,Gujarat Lions,bat,Mumbai Indians,,,tie,,Mumbai Indians,KH Pandya,AK Chaudhary,CB Gaffaney,,20,154,M Nayyar,A Nand Kishore,N Pandit,,,,,1082625
1240,729315.yaml,2014,19,2014-04-29,Kolkata Knight Riders,Rajasthan Royals,Abu Dhabi,Sheikh Zayed Stadium,1,Rajasthan Royals,bat,Rajasthan Royals,,,tie,,Rajasthan Royals,JP Faulkner,Aleem Dar,AK Chaudhary,,20,153,GF Labrooy,VA Kulkarni,K Srinath,,,,,729315
1241,1216512.yaml,2020/21,35,2020-10-18,Kolkata Knight Riders,Sunrisers Hyderabad,Abu Dhabi,Sheikh Zayed Stadium,,Sunrisers Hyderabad,field,Kolkata Knight Riders,,,tie,,Kolkata Knight Riders,LH Ferguson,PG Pathak,S Ravi,,20,164,M Nayyar,VK Sharma,UV Gandhe,,,,,1216512
1242,1178426.yaml,2019,51,2019-05-02,Mumbai Indians,Sunrisers Hyderabad,Mumbai,Wankhede Stadium,,Mumbai Indians,bat,Mumbai Indians,,,tie,,Mumbai Indians,JJ Bumrah,CK Nandan,S Ravi,,20,163,M Nayyar,A Nand Kishore,K Srinivasan,,,,,1178426
